model,avg_acc,avg_forg,avg_inc_acc,fwt,bwt
model,0.61,0.18964999999999999,0.6505333333333334,nan,-0.22674999999999995
