{
  "Top1_Acc_Exp/eval_phase/test_stream/Task000/Exp000": [
    [
      183,
      372,
      570,
      754,
      939
    ],
    [
      0.9989583333333333,
      0.46979166666666666,
      0.9208333333333333,
      0.8536458333333333,
      0.8463541666666666
    ]
  ],
  "Top1_Acc_Exp/eval_phase/test_stream/Task000/Exp001": [
    [
      183,
      372,
      570,
      754,
      939
    ],
    [
      0.8593363051015354,
      0.9980188211986132,
      0.9791976225854383,
      0.8801386825160971,
      0.6582466567607727
    ]
  ],
  "Top1_Acc_Exp/eval_phase/test_stream/Task000/Exp002": [
    [
      183,
      372,
      570,
      754,
      939
    ],
    [
      0.9082656473960822,
      0.9101767797419972,
      0.9976110845676063,
      0.9732441471571907,
      0.9421882465360726
    ]
  ],
  "Top1_Acc_Exp/eval_phase/test_stream/Task000/Exp003": [
    [
      183,
      372,
      570,
      754,
      939
    ],
    [
      0.9083930399181167,
      0.7932446264073695,
      0.9176049129989765,
      0.996417604912999,
      0.6862845445240532
    ]
  ],
  "Top1_Acc_Exp/eval_phase/test_stream/Task000/Exp004": [
    [
      183,
      372,
      570,
      754,
      939
    ],
    [
      0.9523336643495531,
      0.6107249255213505,
      0.9245283018867925,
      0.8778550148957299,
      0.9995034756703078
    ]
  ],
  "Top1_Acc_Stream/eval_phase/test_stream/Task000": [
    [
      183,
      372,
      570,
      754,
      939
    ],
    [
      0.9247,
      0.7602,
      0.9488,
      0.9168,
      0.828
    ]
  ],
  "StreamForgetting/eval_phase/test_stream": [
    [
      183,
      372,
      570,
      754,
      939
    ],
    [
      0.0,
      0.5291666666666666,
      0.04847309930658744,
      0.09585319203097724,
      0.21448305738124668
    ]
  ],
  "ExperienceForgetting/eval_phase/test_stream/Task000/Exp000": [
    [
      372,
      570,
      754,
      939
    ],
    [
      0.5291666666666666,
      0.078125,
      0.14531249999999996,
      0.15260416666666665
    ]
  ],
  "ExperienceForgetting/eval_phase/test_stream/Task000/Exp001": [
    [
      570,
      754,
      939
    ],
    [
      0.018821198613174883,
      0.11788013868251612,
      0.33977216443784053
    ]
  ],
  "ExperienceForgetting/eval_phase/test_stream/Task000/Exp002": [
    [
      754,
      939
    ],
    [
      0.024366937410415623,
      0.055422838031533694
    ]
  ],
  "ExperienceForgetting/eval_phase/test_stream/Task000/Exp003": [
    [
      939
    ],
    [
      0.31013306038894584
    ]
  ]
}