{
  "FP32": {
    "Acc": 0.9841,
    "Flash (KB)": 815.1767578125,
    "RAM (KB)": 7504.0,
    "MACs (M)": 1.293312,
    "Params (K)": 207.018,
    "Latency": 0.23520162445493042
  },
  "Pruned": {
    "Acc": 0.9854,
    "Flash (KB)": 815.2236328125,
    "RAM (KB)": 206624.0,
    "MACs (M)": 1.218048,
    "Params (K)": 206.922,
    "Latency": 0.5150754668284208
  },
  "Backbone": {
    "Acc": 0.985,
    "Flash (KB)": 209.2626953125,
    "RAM (KB)": 1536.0,
    "MACs (M)": 0.0,
    "Params (K)": 0.0,
    "Latency": 0.23072084528394043
  },
  "Hybrid": {
    "Acc": 0.9686,
    "Flash (KB)": 227.8564453125,
    "RAM (KB)": 96.0,
    "MACs (M)": 0.004416,
    "Params (K)": 4.458,
    "Latency": 0.2404075104277581
  }
}