{
  "FP32": {
    "Acc": 0.9822,
    "Flash (KB)": 815.1767578125,
    "RAM (KB)": 0.0,
    "MACs (M)": 1.293312,
    "Params (K)": 207.018,
    "Latency": "0.26\u00b10.08"
  },
  "Pruned": {
    "Acc": 0.9871,
    "Flash (KB)": 815.2236328125,
    "RAM (KB)": 944.0,
    "MACs (M)": 1.218048,
    "Params (K)": 206.922,
    "Latency": "0.53\u00b10.05"
  },
  "Pruned+INT8": {
    "Acc": 0.9868,
    "Flash (KB)": 209.2158203125,
    "RAM (KB)": 3088.0,
    "MACs (M)": 0.0,
    "Params (K)": 0.0,
    "Latency": "0.22\u00b10.02"
  }
}