{
  "FP32": {
    "Acc": 0.9853,
    "Flash (KB)": 815.1767578125,
    "RAM (KB)": 3536.0,
    "MACs (M)": 1.293312,
    "Params (K)": 207.018,
    "Latency": "0.22\u00b10.07"
  },
  "Pruned": {
    "Acc": 0.9861,
    "Flash (KB)": 815.2236328125,
    "RAM (KB)": 32.0,
    "MACs (M)": 1.218048,
    "Params (K)": 206.922,
    "Latency": "0.50\u00b10.04"
  },
  "Backbone": {
    "Acc": 0.9863,
    "Flash (KB)": 209.2626953125,
    "RAM (KB)": 1568.0,
    "MACs (M)": 0.0,
    "Params (K)": 0.0,
    "Latency": "0.23\u00b10.02"
  },
  "Hybrid": {
    "Acc": 0.9721,
    "Flash (KB)": 227.8564453125,
    "RAM (KB)": 1008.0,
    "MACs (M)": 0.004416,
    "Params (K)": 4.458,
    "Latency": "0.26\u00b10.04"
  }
}