model,avg_acc,avg_forg,avg_inc_acc,fwt,bwt
model,0.9051199999999999,0.06520000000000001,0.9392866666666665,nan,-0.09627499999999997
