model,avg_acc,avg_forg,avg_inc_acc,fwt,bwt
model,0.9161999999999999,0.08135,0.9402933333333333,nan,-0.09620000000000004
