timestamp,total_parameters,trainable_parameters,model_size_mb,process_memory_mb,model_memory_mb,flops,latency_ms,conv_layers,linear_layers,brn_layers,binary_layers,sram_estimate_kb,flash_estimate_kb,binary_operations,binary_parameters,brn_parameters,binary_ratio,task_id,epoch,step,phase
1755005302.065173,10635,10635,0.041622161865234375,427.171875,0.08045578002929688,9.728K,0.02633810043334961,0,3,0,0,41.68359375,41.54296875,0,0,0,0.0,0,0,0,training
1755005302.117346,10635,10635,0.041622161865234375,428.078125,0.08045578002929688,9.728K,0.025644302368164062,0,3,0,0,41.68359375,41.54296875,0,0,0,0.0,0,0,100,training
1755005302.167787,10635,10635,0.041622161865234375,428.25,0.08045578002929688,9.728K,0.025627613067626953,0,3,0,0,41.68359375,41.54296875,0,0,0,0.0,0,0,200,training
1755005302.218115,10635,10635,0.041622161865234375,428.265625,0.08045578002929688,9.728K,0.025570392608642578,0,3,0,0,41.68359375,41.54296875,0,0,0,0.0,0,0,300,training
1755005302.266902,10635,10635,0.041622161865234375,428.28125,0.08045578002929688,9.728K,0.02534627914428711,0,3,0,0,41.68359375,41.54296875,0,0,0,0.0,0,0,400,training
1755005302.316064,10635,10635,0.041622161865234375,428.4375,0.08045578002929688,9.728K,0.025455951690673828,0,3,0,0,41.68359375,41.54296875,0,0,0,0.0,0,0,500,training
1755005302.365375,10635,10635,0.041622161865234375,428.4375,0.08045578002929688,9.728K,0.02516031265258789,0,3,0,0,41.68359375,41.54296875,0,0,0,0.0,0,0,600,training
1755005302.414863,10635,10635,0.041622161865234375,428.4375,0.08045578002929688,9.728K,0.02861499786376953,0,3,0,0,41.68359375,41.54296875,0,0,0,0.0,0,0,700,training
1755005302.464087,10635,10635,0.041622161865234375,428.46875,0.08045578002929688,9.728K,0.025746822357177734,0,3,0,0,41.68359375,41.54296875,0,0,0,0.0,0,0,800,training
1755005302.513103,10635,10635,0.041622161865234375,428.5,0.08045578002929688,9.728K,0.028548240661621094,0,3,0,0,41.68359375,41.54296875,0,0,0,0.0,0,0,900,training
1755005302.5632079,10635,10635,0.041622161865234375,428.5,0.08045578002929688,9.728K,0.031723976135253906,0,3,0,0,41.68359375,41.54296875,0,0,0,0.0,0,0,1000,training
1755005302.615,10635,10635,0.041622161865234375,428.53125,0.08045578002929688,9.728K,0.025479793548583984,0,3,0,0,41.68359375,41.54296875,0,0,0,0.0,0,0,1100,training
1755005302.6639721,10635,10635,0.041622161865234375,428.53125,0.08045578002929688,9.728K,0.02800464630126953,0,3,0,0,41.68359375,41.54296875,0,0,0,0.0,0,0,1200,training
1755005302.713483,10635,10635,0.041622161865234375,428.53125,0.08045578002929688,9.728K,0.028831958770751953,0,3,0,0,41.68359375,41.54296875,0,0,0,0.0,0,0,1300,training
1755005302.763455,10635,10635,0.041622161865234375,428.53125,0.08045578002929688,9.728K,0.028774738311767578,0,3,0,0,41.68359375,41.54296875,0,0,0,0.0,0,0,1400,training
1755005302.789366,10635,10635,0.041622161865234375,429.5,0.08045578002929688,9.728K,0.025875568389892578,0,3,0,0,41.68359375,41.54296875,0,0,0,0.0,0,1,0,training
1755005302.8383958,10635,10635,0.041622161865234375,429.5,0.08045578002929688,9.728K,0.025396347045898438,0,3,0,0,41.68359375,41.54296875,0,0,0,0.0,0,1,100,training
1755005302.886675,10635,10635,0.041622161865234375,429.5,0.08045578002929688,9.728K,0.02543926239013672,0,3,0,0,41.68359375,41.54296875,0,0,0,0.0,0,1,200,training
1755005302.935752,10635,10635,0.041622161865234375,429.5,0.08045578002929688,9.728K,0.0254058837890625,0,3,0,0,41.68359375,41.54296875,0,0,0,0.0,0,1,300,training
1755005302.984115,10635,10635,0.041622161865234375,429.5,0.08045578002929688,9.728K,0.025379657745361328,0,3,0,0,41.68359375,41.54296875,0,0,0,0.0,0,1,400,training
1755005303.0329459,10635,10635,0.041622161865234375,429.5,0.08045578002929688,9.728K,0.025768280029296875,0,3,0,0,41.68359375,41.54296875,0,0,0,0.0,0,1,500,training
1755005303.081774,10635,10635,0.041622161865234375,429.5,0.08045578002929688,9.728K,0.025277137756347656,0,3,0,0,41.68359375,41.54296875,0,0,0,0.0,0,1,600,training
1755005303.130324,10635,10635,0.041622161865234375,429.5,0.08045578002929688,9.728K,0.027811527252197266,0,3,0,0,41.68359375,41.54296875,0,0,0,0.0,0,1,700,training
1755005303.18051,10635,10635,0.041622161865234375,429.5,0.08045578002929688,9.728K,0.029630661010742188,0,3,0,0,41.68359375,41.54296875,0,0,0,0.0,0,1,800,training
1755005303.230161,10635,10635,0.041622161865234375,429.5,0.08045578002929688,9.728K,0.029039382934570312,0,3,0,0,41.68359375,41.54296875,0,0,0,0.0,0,1,900,training
1755005303.2788491,10635,10635,0.041622161865234375,429.5,0.08045578002929688,9.728K,0.028176307678222656,0,3,0,0,41.68359375,41.54296875,0,0,0,0.0,0,1,1000,training
1755005303.3276002,10635,10635,0.041622161865234375,429.5,0.08045578002929688,9.728K,0.025467872619628906,0,3,0,0,41.68359375,41.54296875,0,0,0,0.0,0,1,1100,training
1755005303.379573,10635,10635,0.041622161865234375,429.5,0.08045578002929688,9.728K,0.0290679931640625,0,3,0,0,41.68359375,41.54296875,0,0,0,0.0,0,1,1200,training
1755005303.428781,10635,10635,0.041622161865234375,429.53125,0.08045578002929688,9.728K,0.028917789459228516,0,3,0,0,41.68359375,41.54296875,0,0,0,0.0,0,1,1300,training
1755005303.477101,10635,10635,0.041622161865234375,429.53125,0.08045578002929688,9.728K,0.025408267974853516,0,3,0,0,41.68359375,41.54296875,0,0,0,0.0,0,1,1400,training
1755005303.502432,10635,10635,0.041622161865234375,429.53125,0.08045578002929688,9.728K,0.025343894958496094,0,3,0,0,41.68359375,41.54296875,0,0,0,0.0,0,2,0,training
1755005303.551729,10635,10635,0.041622161865234375,429.578125,0.08045578002929688,9.728K,0.025165081024169922,0,3,0,0,41.68359375,41.54296875,0,0,0,0.0,0,2,100,training
1755005303.599992,10635,10635,0.041622161865234375,429.578125,0.08045578002929688,9.728K,0.025496482849121094,0,3,0,0,41.68359375,41.54296875,0,0,0,0.0,0,2,200,training
1755005303.648387,10635,10635,0.041622161865234375,429.578125,0.08045578002929688,9.728K,0.025012493133544922,0,3,0,0,41.68359375,41.54296875,0,0,0,0.0,0,2,300,training
1755005303.69698,10635,10635,0.041622161865234375,429.578125,0.08045578002929688,9.728K,0.02893209457397461,0,3,0,0,41.68359375,41.54296875,0,0,0,0.0,0,2,400,training
1755005303.745277,10635,10635,0.041622161865234375,429.578125,0.08045578002929688,9.728K,0.028579235076904297,0,3,0,0,41.68359375,41.54296875,0,0,0,0.0,0,2,500,training
1755005303.795532,10635,10635,0.041622161865234375,429.578125,0.08045578002929688,9.728K,0.029151439666748047,0,3,0,0,41.68359375,41.54296875,0,0,0,0.0,0,2,600,training
1755005303.843833,10635,10635,0.041622161865234375,429.578125,0.08045578002929688,9.728K,0.025243759155273438,0,3,0,0,41.68359375,41.54296875,0,0,0,0.0,0,2,700,training
1755005303.892561,10635,10635,0.041622161865234375,429.625,0.08045578002929688,9.728K,0.025610923767089844,0,3,0,0,41.68359375,41.54296875,0,0,0,0.0,0,2,800,training
1755005303.9414241,10635,10635,0.041622161865234375,429.625,0.08045578002929688,9.728K,0.025737285614013672,0,3,0,0,41.68359375,41.54296875,0,0,0,0.0,0,2,900,training
1755005303.9902139,10635,10635,0.041622161865234375,429.625,0.08045578002929688,9.728K,0.025894641876220703,0,3,0,0,41.68359375,41.54296875,0,0,0,0.0,0,2,1000,training
1755005304.03861,10635,10635,0.041622161865234375,429.625,0.08045578002929688,9.728K,0.02532482147216797,0,3,0,0,41.68359375,41.54296875,0,0,0,0.0,0,2,1100,training
1755005304.0929432,10635,10635,0.041622161865234375,429.6875,0.08045578002929688,9.728K,0.026581287384033203,0,3,0,0,41.68359375,41.54296875,0,0,0,0.0,0,2,1200,training
1755005304.14373,10635,10635,0.041622161865234375,429.6875,0.08045578002929688,9.728K,0.025482177734375,0,3,0,0,41.68359375,41.54296875,0,0,0,0.0,0,2,1300,training
1755005304.192786,10635,10635,0.041622161865234375,429.734375,0.08045578002929688,9.728K,0.025315284729003906,0,3,0,0,41.68359375,41.54296875,0,0,0,0.0,0,2,1400,training
1755005304.218752,10635,10635,0.041622161865234375,429.734375,0.08045578002929688,9.728K,0.026798248291015625,0,3,0,0,41.68359375,41.54296875,0,0,0,0.0,0,3,0,training
1755005304.269629,10635,10635,0.041622161865234375,429.765625,0.08045578002929688,9.728K,0.025570392608642578,0,3,0,0,41.68359375,41.54296875,0,0,0,0.0,0,3,100,training
1755005304.318429,10635,10635,0.041622161865234375,429.765625,0.08045578002929688,9.728K,0.025377273559570312,0,3,0,0,41.68359375,41.54296875,0,0,0,0.0,0,3,200,training
1755005304.366912,10635,10635,0.041622161865234375,429.765625,0.08045578002929688,9.728K,0.025434494018554688,0,3,0,0,41.68359375,41.54296875,0,0,0,0.0,0,3,300,training
1755005304.414738,10635,10635,0.041622161865234375,429.765625,0.08045578002929688,9.728K,0.025386810302734375,0,3,0,0,41.68359375,41.54296875,0,0,0,0.0,0,3,400,training
1755005304.463846,10635,10635,0.041622161865234375,429.765625,0.08045578002929688,9.728K,0.028982162475585938,0,3,0,0,41.68359375,41.54296875,0,0,0,0.0,0,3,500,training
1755005304.512384,10635,10635,0.041622161865234375,429.765625,0.08045578002929688,9.728K,0.028369426727294922,0,3,0,0,41.68359375,41.54296875,0,0,0,0.0,0,3,600,training
1755005304.561269,10635,10635,0.041622161865234375,429.765625,0.08045578002929688,9.728K,0.026509761810302734,0,3,0,0,41.68359375,41.54296875,0,0,0,0.0,0,3,700,training
1755005304.609566,10635,10635,0.041622161865234375,429.765625,0.08045578002929688,9.728K,0.025112628936767578,0,3,0,0,41.68359375,41.54296875,0,0,0,0.0,0,3,800,training
1755005304.658918,10635,10635,0.041622161865234375,429.859375,0.08045578002929688,9.728K,0.02534627914428711,0,3,0,0,41.68359375,41.54296875,0,0,0,0.0,0,3,900,training
1755005304.707581,10635,10635,0.041622161865234375,429.875,0.08045578002929688,9.728K,0.02602100372314453,0,3,0,0,41.68359375,41.54296875,0,0,0,0.0,0,3,1000,training
1755005304.756052,10635,10635,0.041622161865234375,429.90625,0.08045578002929688,9.728K,0.025589466094970703,0,3,0,0,41.68359375,41.54296875,0,0,0,0.0,0,3,1100,training
1755005304.804727,10635,10635,0.041622161865234375,429.90625,0.08045578002929688,9.728K,0.025501251220703125,0,3,0,0,41.68359375,41.54296875,0,0,0,0.0,0,3,1200,training
1755005304.853256,10635,10635,0.041622161865234375,429.90625,0.08045578002929688,9.728K,0.02548694610595703,0,3,0,0,41.68359375,41.54296875,0,0,0,0.0,0,3,1300,training
1755005304.902032,10635,10635,0.041622161865234375,429.90625,0.08045578002929688,9.728K,0.025496482849121094,0,3,0,0,41.68359375,41.54296875,0,0,0,0.0,0,3,1400,training
1755005304.926477,10635,10635,0.041622161865234375,429.90625,0.08045578002929688,9.728K,0.02531290054321289,0,3,0,0,41.68359375,41.54296875,0,0,0,0.0,0,4,0,training
1755005304.9758599,10635,10635,0.041622161865234375,429.90625,0.08045578002929688,9.728K,0.025532245635986328,0,3,0,0,41.68359375,41.54296875,0,0,0,0.0,0,4,100,training
1755005305.0249422,10635,10635,0.041622161865234375,429.90625,0.08045578002929688,9.728K,0.025479793548583984,0,3,0,0,41.68359375,41.54296875,0,0,0,0.0,0,4,200,training
1755005305.0740259,10635,10635,0.041622161865234375,429.90625,0.08045578002929688,9.728K,0.025568008422851562,0,3,0,0,41.68359375,41.54296875,0,0,0,0.0,0,4,300,training
1755005305.1226099,10635,10635,0.041622161865234375,429.90625,0.08045578002929688,9.728K,0.025174617767333984,0,3,0,0,41.68359375,41.54296875,0,0,0,0.0,0,4,400,training
1755005305.171113,10635,10635,0.041622161865234375,429.90625,0.08045578002929688,9.728K,0.02536296844482422,0,3,0,0,41.68359375,41.54296875,0,0,0,0.0,0,4,500,training
1755005305.221226,10635,10635,0.041622161865234375,429.90625,0.08045578002929688,9.728K,0.02517223358154297,0,3,0,0,41.68359375,41.54296875,0,0,0,0.0,0,4,600,training
1755005305.270808,10635,10635,0.041622161865234375,429.90625,0.08045578002929688,9.728K,0.02544879913330078,0,3,0,0,41.68359375,41.54296875,0,0,0,0.0,0,4,700,training
1755005305.319556,10635,10635,0.041622161865234375,429.90625,0.08045578002929688,9.728K,0.025348663330078125,0,3,0,0,41.68359375,41.54296875,0,0,0,0.0,0,4,800,training
1755005305.3680608,10635,10635,0.041622161865234375,429.90625,0.08045578002929688,9.728K,0.025458335876464844,0,3,0,0,41.68359375,41.54296875,0,0,0,0.0,0,4,900,training
1755005305.417239,10635,10635,0.041622161865234375,429.90625,0.08045578002929688,9.728K,0.026199817657470703,0,3,0,0,41.68359375,41.54296875,0,0,0,0.0,0,4,1000,training
1755005305.4671721,10635,10635,0.041622161865234375,429.921875,0.08045578002929688,9.728K,0.025892257690429688,0,3,0,0,41.68359375,41.54296875,0,0,0,0.0,0,4,1100,training
1755005305.515896,10635,10635,0.041622161865234375,429.921875,0.08045578002929688,9.728K,0.026197433471679688,0,3,0,0,41.68359375,41.54296875,0,0,0,0.0,0,4,1200,training
1755005305.564221,10635,10635,0.041622161865234375,429.921875,0.08045578002929688,9.728K,0.02706289291381836,0,3,0,0,41.68359375,41.54296875,0,0,0,0.0,0,4,1300,training
1755005305.612798,10635,10635,0.041622161865234375,429.921875,0.08045578002929688,9.728K,0.028972625732421875,0,3,0,0,41.68359375,41.54296875,0,0,0,0.0,0,4,1400,training
1755005305.637552,10635,10635,0.041622161865234375,429.921875,0.08045578002929688,9.728K,0.025148391723632812,0,3,0,0,41.68359375,41.54296875,0,0,0,0.0,0,5,0,training
1755005305.6912022,10635,10635,0.041622161865234375,429.984375,0.08045578002929688,9.728K,0.026142597198486328,0,3,0,0,41.68359375,41.54296875,0,0,0,0.0,0,5,100,training
1755005305.7398882,10635,10635,0.041622161865234375,429.984375,0.08045578002929688,9.728K,0.025484561920166016,0,3,0,0,41.68359375,41.54296875,0,0,0,0.0,0,5,200,training
1755005305.788376,10635,10635,0.041622161865234375,429.984375,0.08045578002929688,9.728K,0.02521514892578125,0,3,0,0,41.68359375,41.54296875,0,0,0,0.0,0,5,300,training
1755005305.836534,10635,10635,0.041622161865234375,429.984375,0.08045578002929688,9.728K,0.025649070739746094,0,3,0,0,41.68359375,41.54296875,0,0,0,0.0,0,5,400,training
1755005305.885613,10635,10635,0.041622161865234375,429.984375,0.08045578002929688,9.728K,0.025708675384521484,0,3,0,0,41.68359375,41.54296875,0,0,0,0.0,0,5,500,training
1755005305.934588,10635,10635,0.041622161865234375,429.984375,0.08045578002929688,9.728K,0.02534627914428711,0,3,0,0,41.68359375,41.54296875,0,0,0,0.0,0,5,600,training
1755005305.982878,10635,10635,0.041622161865234375,429.984375,0.08045578002929688,9.728K,0.02585887908935547,0,3,0,0,41.68359375,41.54296875,0,0,0,0.0,0,5,700,training
1755005306.0311491,10635,10635,0.041622161865234375,429.984375,0.08045578002929688,9.728K,0.02596139907836914,0,3,0,0,41.68359375,41.54296875,0,0,0,0.0,0,5,800,training
1755005306.079937,10635,10635,0.041622161865234375,429.984375,0.08045578002929688,9.728K,0.029137134552001953,0,3,0,0,41.68359375,41.54296875,0,0,0,0.0,0,5,900,training
1755005306.1284852,10635,10635,0.041622161865234375,429.984375,0.08045578002929688,9.728K,0.027551651000976562,0,3,0,0,41.68359375,41.54296875,0,0,0,0.0,0,5,1000,training
1755005306.176845,10635,10635,0.041622161865234375,429.984375,0.08045578002929688,9.728K,0.025343894958496094,0,3,0,0,41.68359375,41.54296875,0,0,0,0.0,0,5,1100,training
1755005306.22612,10635,10635,0.041622161865234375,429.984375,0.08045578002929688,9.728K,0.024743080139160156,0,3,0,0,41.68359375,41.54296875,0,0,0,0.0,0,5,1200,training
1755005306.275501,10635,10635,0.041622161865234375,429.984375,0.08045578002929688,9.728K,0.025393962860107422,0,3,0,0,41.68359375,41.54296875,0,0,0,0.0,0,5,1300,training
1755005306.324905,10635,10635,0.041622161865234375,429.984375,0.08045578002929688,9.728K,0.025653839111328125,0,3,0,0,41.68359375,41.54296875,0,0,0,0.0,0,5,1400,training
1755005306.3503911,10635,10635,0.041622161865234375,429.984375,0.08045578002929688,9.728K,0.02551555633544922,0,3,0,0,41.68359375,41.54296875,0,0,0,0.0,0,6,0,training
1755005306.3992279,10635,10635,0.041622161865234375,429.984375,0.08045578002929688,9.728K,0.0257110595703125,0,3,0,0,41.68359375,41.54296875,0,0,0,0.0,0,6,100,training
1755005306.447922,10635,10635,0.041622161865234375,429.984375,0.08045578002929688,9.728K,0.025279521942138672,0,3,0,0,41.68359375,41.54296875,0,0,0,0.0,0,6,200,training
1755005306.49698,10635,10635,0.041622161865234375,429.984375,0.08045578002929688,9.728K,0.025660991668701172,0,3,0,0,41.68359375,41.54296875,0,0,0,0.0,0,6,300,training
1755005306.545453,10635,10635,0.041622161865234375,429.984375,0.08045578002929688,9.728K,0.028464794158935547,0,3,0,0,41.68359375,41.54296875,0,0,0,0.0,0,6,400,training
1755005306.594582,10635,10635,0.041622161865234375,429.984375,0.08045578002929688,9.728K,0.02679586410522461,0,3,0,0,41.68359375,41.54296875,0,0,0,0.0,0,6,500,training
1755005306.642901,10635,10635,0.041622161865234375,429.984375,0.08045578002929688,9.728K,0.025632381439208984,0,3,0,0,41.68359375,41.54296875,0,0,0,0.0,0,6,600,training
1755005306.691381,10635,10635,0.041622161865234375,429.984375,0.08045578002929688,9.728K,0.0255584716796875,0,3,0,0,41.68359375,41.54296875,0,0,0,0.0,0,6,700,training
1755005306.7402,10635,10635,0.041622161865234375,429.984375,0.08045578002929688,9.728K,0.025577545166015625,0,3,0,0,41.68359375,41.54296875,0,0,0,0.0,0,6,800,training
1755005306.7880971,10635,10635,0.041622161865234375,429.984375,0.08045578002929688,9.728K,0.025246143341064453,0,3,0,0,41.68359375,41.54296875,0,0,0,0.0,0,6,900,training
1755005306.8370502,10635,10635,0.041622161865234375,429.984375,0.08045578002929688,9.728K,0.025568008422851562,0,3,0,0,41.68359375,41.54296875,0,0,0,0.0,0,6,1000,training
1755005306.886011,10635,10635,0.041622161865234375,430.015625,0.08045578002929688,9.728K,0.025606155395507812,0,3,0,0,41.68359375,41.54296875,0,0,0,0.0,0,6,1100,training
1755005306.934824,10635,10635,0.041622161865234375,430.015625,0.08045578002929688,9.728K,0.025434494018554688,0,3,0,0,41.68359375,41.54296875,0,0,0,0.0,0,6,1200,training
1755005306.98326,10635,10635,0.041622161865234375,430.015625,0.08045578002929688,9.728K,0.02586841583251953,0,3,0,0,41.68359375,41.54296875,0,0,0,0.0,0,6,1300,training
1755005307.031381,10635,10635,0.041622161865234375,430.015625,0.08045578002929688,9.728K,0.025680065155029297,0,3,0,0,41.68359375,41.54296875,0,0,0,0.0,0,6,1400,training
1755005307.056299,10635,10635,0.041622161865234375,430.015625,0.08045578002929688,9.728K,0.025730133056640625,0,3,0,0,41.68359375,41.54296875,0,0,0,0.0,0,7,0,training
1755005307.105061,10635,10635,0.041622161865234375,430.015625,0.08045578002929688,9.728K,0.025622844696044922,0,3,0,0,41.68359375,41.54296875,0,0,0,0.0,0,7,100,training
1755005307.153547,10635,10635,0.041622161865234375,430.015625,0.08045578002929688,9.728K,0.02553701400756836,0,3,0,0,41.68359375,41.54296875,0,0,0,0.0,0,7,200,training
1755005307.202435,10635,10635,0.041622161865234375,430.015625,0.08045578002929688,9.728K,0.025382041931152344,0,3,0,0,41.68359375,41.54296875,0,0,0,0.0,0,7,300,training
1755005307.251859,10635,10635,0.041622161865234375,430.015625,0.08045578002929688,9.728K,0.025284290313720703,0,3,0,0,41.68359375,41.54296875,0,0,0,0.0,0,7,400,training
1755005307.301069,10635,10635,0.041622161865234375,430.015625,0.08045578002929688,9.728K,0.02540111541748047,0,3,0,0,41.68359375,41.54296875,0,0,0,0.0,0,7,500,training
1755005307.350231,10635,10635,0.041622161865234375,430.015625,0.08045578002929688,9.728K,0.02573251724243164,0,3,0,0,41.68359375,41.54296875,0,0,0,0.0,0,7,600,training
1755005307.398633,10635,10635,0.041622161865234375,430.015625,0.08045578002929688,9.728K,0.02544879913330078,0,3,0,0,41.68359375,41.54296875,0,0,0,0.0,0,7,700,training
1755005307.4472132,10635,10635,0.041622161865234375,430.015625,0.08045578002929688,9.728K,0.025932788848876953,0,3,0,0,41.68359375,41.54296875,0,0,0,0.0,0,7,800,training
1755005307.495546,10635,10635,0.041622161865234375,430.015625,0.08045578002929688,9.728K,0.029151439666748047,0,3,0,0,41.68359375,41.54296875,0,0,0,0.0,0,7,900,training
1755005307.5444312,10635,10635,0.041622161865234375,430.015625,0.08045578002929688,9.728K,0.026595592498779297,0,3,0,0,41.68359375,41.54296875,0,0,0,0.0,0,7,1000,training
1755005307.5932312,10635,10635,0.041622161865234375,430.015625,0.08045578002929688,9.728K,0.025475025177001953,0,3,0,0,41.68359375,41.54296875,0,0,0,0.0,0,7,1100,training
1755005307.6422641,10635,10635,0.041622161865234375,430.03125,0.08045578002929688,9.728K,0.025432109832763672,0,3,0,0,41.68359375,41.54296875,0,0,0,0.0,0,7,1200,training
1755005307.691136,10635,10635,0.041622161865234375,430.03125,0.08045578002929688,9.728K,0.025162696838378906,0,3,0,0,41.68359375,41.54296875,0,0,0,0.0,0,7,1300,training
1755005307.7396579,10635,10635,0.041622161865234375,430.03125,0.08045578002929688,9.728K,0.025200843811035156,0,3,0,0,41.68359375,41.54296875,0,0,0,0.0,0,7,1400,training
1755005307.764946,10635,10635,0.041622161865234375,430.03125,0.08045578002929688,9.728K,0.025262832641601562,0,3,0,0,41.68359375,41.54296875,0,0,0,0.0,0,8,0,training
1755005307.813803,10635,10635,0.041622161865234375,430.03125,0.08045578002929688,9.728K,0.02759695053100586,0,3,0,0,41.68359375,41.54296875,0,0,0,0.0,0,8,100,training
1755005307.8622139,10635,10635,0.041622161865234375,430.0625,0.08045578002929688,9.728K,0.028405189514160156,0,3,0,0,41.68359375,41.54296875,0,0,0,0.0,0,8,200,training
1755005307.9141939,10635,10635,0.041622161865234375,430.0625,0.08045578002929688,9.728K,0.028116703033447266,0,3,0,0,41.68359375,41.54296875,0,0,0,0.0,0,8,300,training
1755005307.9866922,10635,10635,0.041622161865234375,430.140625,0.08045578002929688,9.728K,0.034999847412109375,0,3,0,0,41.68359375,41.54296875,0,0,0,0.0,0,8,400,training
1755005308.105243,10635,10635,0.041622161865234375,430.484375,0.08045578002929688,9.728K,0.044553279876708984,0,3,0,0,41.68359375,41.54296875,0,0,0,0.0,0,8,500,training
1755005308.421856,10635,10635,0.041622161865234375,425.375,0.08045578002929688,9.728K,0.029456615447998047,0,3,0,0,41.68359375,41.54296875,0,0,0,0.0,0,8,600,training
1755005308.520947,10635,10635,0.041622161865234375,374.875,0.08045578002929688,9.728K,0.026941299438476562,0,3,0,0,41.68359375,41.54296875,0,0,0,0.0,0,8,700,training
1755005308.5760598,10635,10635,0.041622161865234375,374.875,0.08045578002929688,9.728K,0.029201507568359375,0,3,0,0,41.68359375,41.54296875,0,0,0,0.0,0,8,800,training
1755005308.63311,10635,10635,0.041622161865234375,374.875,0.08045578002929688,9.728K,0.027644634246826172,0,3,0,0,41.68359375,41.54296875,0,0,0,0.0,0,8,900,training
1755005308.688342,10635,10635,0.041622161865234375,374.90625,0.08045578002929688,9.728K,0.02784252166748047,0,3,0,0,41.68359375,41.54296875,0,0,0,0.0,0,8,1000,training
1755005308.745472,10635,10635,0.041622161865234375,374.90625,0.08045578002929688,9.728K,0.037059783935546875,0,3,0,0,41.68359375,41.54296875,0,0,0,0.0,0,8,1100,training
1755005308.802457,10635,10635,0.041622161865234375,374.90625,0.08045578002929688,9.728K,0.02701282501220703,0,3,0,0,41.68359375,41.54296875,0,0,0,0.0,0,8,1200,training
1755005308.857824,10635,10635,0.041622161865234375,374.90625,0.08045578002929688,9.728K,0.02916574478149414,0,3,0,0,41.68359375,41.54296875,0,0,0,0.0,0,8,1300,training
1755005308.914408,10635,10635,0.041622161865234375,374.90625,0.08045578002929688,9.728K,0.02628326416015625,0,3,0,0,41.68359375,41.54296875,0,0,0,0.0,0,8,1400,training
1755005308.93992,10635,10635,0.041622161865234375,374.90625,0.08045578002929688,9.728K,0.025756359100341797,0,3,0,0,41.68359375,41.54296875,0,0,0,0.0,0,9,0,training
1755005308.990402,10635,10635,0.041622161865234375,374.90625,0.08045578002929688,9.728K,0.025761127471923828,0,3,0,0,41.68359375,41.54296875,0,0,0,0.0,0,9,100,training
1755005309.03899,10635,10635,0.041622161865234375,374.90625,0.08045578002929688,9.728K,0.025360584259033203,0,3,0,0,41.68359375,41.54296875,0,0,0,0.0,0,9,200,training
1755005309.087619,10635,10635,0.041622161865234375,356.9375,0.08045578002929688,9.728K,0.02525806427001953,0,3,0,0,41.68359375,41.54296875,0,0,0,0.0,0,9,300,training
1755005309.136153,10635,10635,0.041622161865234375,356.9375,0.08045578002929688,9.728K,0.025305747985839844,0,3,0,0,41.68359375,41.54296875,0,0,0,0.0,0,9,400,training
1755005309.184768,10635,10635,0.041622161865234375,356.9375,0.08045578002929688,9.728K,0.025608539581298828,0,3,0,0,41.68359375,41.54296875,0,0,0,0.0,0,9,500,training
1755005309.233184,10635,10635,0.041622161865234375,356.9375,0.08045578002929688,9.728K,0.025479793548583984,0,3,0,0,41.68359375,41.54296875,0,0,0,0.0,0,9,600,training
1755005309.2817438,10635,10635,0.041622161865234375,356.9375,0.08045578002929688,9.728K,0.026092529296875,0,3,0,0,41.68359375,41.54296875,0,0,0,0.0,0,9,700,training
1755005309.331392,10635,10635,0.041622161865234375,356.9375,0.08045578002929688,9.728K,0.02790689468383789,0,3,0,0,41.68359375,41.54296875,0,0,0,0.0,0,9,800,training
1755005309.3810098,10635,10635,0.041622161865234375,356.9375,0.08045578002929688,9.728K,0.025763511657714844,0,3,0,0,41.68359375,41.54296875,0,0,0,0.0,0,9,900,training
1755005309.429486,10635,10635,0.041622161865234375,356.9375,0.08045578002929688,9.728K,0.028502941131591797,0,3,0,0,41.68359375,41.54296875,0,0,0,0.0,0,9,1000,training
1755005309.478215,10635,10635,0.041622161865234375,356.9375,0.08045578002929688,9.728K,0.027132034301757812,0,3,0,0,41.68359375,41.54296875,0,0,0,0.0,0,9,1100,training
1755005309.526637,10635,10635,0.041622161865234375,356.9375,0.08045578002929688,9.728K,0.025522708892822266,0,3,0,0,41.68359375,41.54296875,0,0,0,0.0,0,9,1200,training
1755005309.574999,10635,10635,0.041622161865234375,356.9375,0.08045578002929688,9.728K,0.025451183319091797,0,3,0,0,41.68359375,41.54296875,0,0,0,0.0,0,9,1300,training
1755005309.623222,10635,10635,0.041622161865234375,356.9375,0.08045578002929688,9.728K,0.025165081024169922,0,3,0,0,41.68359375,41.54296875,0,0,0,0.0,0,9,1400,training
1755005309.649003,10635,10635,0.041622161865234375,356.9375,0.08045578002929688,9.728K,0.02576589584350586,0,3,0,0,41.68359375,41.54296875,0,0,0,0.0,0,10,0,training
1755005309.698019,10635,10635,0.041622161865234375,356.9375,0.08045578002929688,9.728K,0.025699138641357422,0,3,0,0,41.68359375,41.54296875,0,0,0,0.0,0,10,100,training
1755005309.747232,10635,10635,0.041622161865234375,356.96875,0.08045578002929688,9.728K,0.025894641876220703,0,3,0,0,41.68359375,41.54296875,0,0,0,0.0,0,10,200,training
1755005309.796012,10635,10635,0.041622161865234375,356.96875,0.08045578002929688,9.728K,0.029027462005615234,0,3,0,0,41.68359375,41.54296875,0,0,0,0.0,0,10,300,training
1755005309.845087,10635,10635,0.041622161865234375,356.96875,0.08045578002929688,9.728K,0.02900838851928711,0,3,0,0,41.68359375,41.54296875,0,0,0,0.0,0,10,400,training
1755005309.893127,10635,10635,0.041622161865234375,356.96875,0.08045578002929688,9.728K,0.02523183822631836,0,3,0,0,41.68359375,41.54296875,0,0,0,0.0,0,10,500,training
1755005309.941441,10635,10635,0.041622161865234375,356.96875,0.08045578002929688,9.728K,0.025684833526611328,0,3,0,0,41.68359375,41.54296875,0,0,0,0.0,0,10,600,training
1755005309.990122,10635,10635,0.041622161865234375,356.96875,0.08045578002929688,9.728K,0.02565145492553711,0,3,0,0,41.68359375,41.54296875,0,0,0,0.0,0,10,700,training
1755005310.038584,10635,10635,0.041622161865234375,356.96875,0.08045578002929688,9.728K,0.025365352630615234,0,3,0,0,41.68359375,41.54296875,0,0,0,0.0,0,10,800,training
1755005310.087391,10635,10635,0.041622161865234375,356.96875,0.08045578002929688,9.728K,0.025277137756347656,0,3,0,0,41.68359375,41.54296875,0,0,0,0.0,0,10,900,training
1755005310.136309,10635,10635,0.041622161865234375,356.96875,0.08045578002929688,9.728K,0.025377273559570312,0,3,0,0,41.68359375,41.54296875,0,0,0,0.0,0,10,1000,training
1755005310.185038,10635,10635,0.041622161865234375,356.96875,0.08045578002929688,9.728K,0.02588033676147461,0,3,0,0,41.68359375,41.54296875,0,0,0,0.0,0,10,1100,training
1755005310.233375,10635,10635,0.041622161865234375,356.96875,0.08045578002929688,9.728K,0.025584697723388672,0,3,0,0,41.68359375,41.54296875,0,0,0,0.0,0,10,1200,training
1755005310.2814841,10635,10635,0.041622161865234375,356.96875,0.08045578002929688,9.728K,0.02532482147216797,0,3,0,0,41.68359375,41.54296875,0,0,0,0.0,0,10,1300,training
1755005310.3304489,10635,10635,0.041622161865234375,356.96875,0.08045578002929688,9.728K,0.025684833526611328,0,3,0,0,41.68359375,41.54296875,0,0,0,0.0,0,10,1400,training
1755005310.356776,10635,10635,0.041622161865234375,356.96875,0.08045578002929688,9.728K,0.027451515197753906,0,3,0,0,41.68359375,41.54296875,0,0,0,0.0,0,11,0,training
1755005310.406817,10635,10635,0.041622161865234375,356.96875,0.08045578002929688,9.728K,0.02548694610595703,0,3,0,0,41.68359375,41.54296875,0,0,0,0.0,0,11,100,training
1755005310.455894,10635,10635,0.041622161865234375,356.96875,0.08045578002929688,9.728K,0.025229454040527344,0,3,0,0,41.68359375,41.54296875,0,0,0,0.0,0,11,200,training
1755005310.503955,10635,10635,0.041622161865234375,356.96875,0.08045578002929688,9.728K,0.02540111541748047,0,3,0,0,41.68359375,41.54296875,0,0,0,0.0,0,11,300,training
1755005310.552206,10635,10635,0.041622161865234375,356.96875,0.08045578002929688,9.728K,0.025517940521240234,0,3,0,0,41.68359375,41.54296875,0,0,0,0.0,0,11,400,training
1755005310.601701,10635,10635,0.041622161865234375,356.96875,0.08045578002929688,9.728K,0.02567768096923828,0,3,0,0,41.68359375,41.54296875,0,0,0,0.0,0,11,500,training
1755005310.650522,10635,10635,0.041622161865234375,356.96875,0.08045578002929688,9.728K,0.027818679809570312,0,3,0,0,41.68359375,41.54296875,0,0,0,0.0,0,11,600,training
1755005310.702392,10635,10635,0.041622161865234375,356.96875,0.08045578002929688,9.728K,0.025644302368164062,0,3,0,0,41.68359375,41.54296875,0,0,0,0.0,0,11,700,training
1755005310.7509341,10635,10635,0.041622161865234375,356.96875,0.08045578002929688,9.728K,0.02561807632446289,0,3,0,0,41.68359375,41.54296875,0,0,0,0.0,0,11,800,training
1755005310.7993631,10635,10635,0.041622161865234375,356.96875,0.08045578002929688,9.728K,0.025737285614013672,0,3,0,0,41.68359375,41.54296875,0,0,0,0.0,0,11,900,training
1755005310.848616,10635,10635,0.041622161865234375,356.96875,0.08045578002929688,9.728K,0.028178691864013672,0,3,0,0,41.68359375,41.54296875,0,0,0,0.0,0,11,1000,training
1755005310.904429,10635,10635,0.041622161865234375,335.53125,0.08045578002929688,9.728K,0.02534627914428711,0,3,0,0,41.68359375,41.54296875,0,0,0,0.0,0,11,1100,training
1755005310.954614,10635,10635,0.041622161865234375,335.53125,0.08045578002929688,9.728K,0.025508403778076172,0,3,0,0,41.68359375,41.54296875,0,0,0,0.0,0,11,1200,training
1755005311.0033112,10635,10635,0.041622161865234375,335.53125,0.08045578002929688,9.728K,0.025489330291748047,0,3,0,0,41.68359375,41.54296875,0,0,0,0.0,0,11,1300,training
1755005311.052373,10635,10635,0.041622161865234375,335.5625,0.08045578002929688,9.728K,0.02546548843383789,0,3,0,0,41.68359375,41.54296875,0,0,0,0.0,0,11,1400,training
1755005311.077375,10635,10635,0.041622161865234375,335.5625,0.08045578002929688,9.728K,0.025682449340820312,0,3,0,0,41.68359375,41.54296875,0,0,0,0.0,0,12,0,training
1755005311.129303,10635,10635,0.041622161865234375,326.40625,0.08045578002929688,9.728K,0.028803348541259766,0,3,0,0,41.68359375,41.54296875,0,0,0,0.0,0,12,100,training
1755005311.177963,10635,10635,0.041622161865234375,326.40625,0.08045578002929688,9.728K,0.027141571044921875,0,3,0,0,41.68359375,41.54296875,0,0,0,0.0,0,12,200,training
1755005311.226144,10635,10635,0.041622161865234375,326.40625,0.08045578002929688,9.728K,0.025091171264648438,0,3,0,0,41.68359375,41.54296875,0,0,0,0.0,0,12,300,training
1755005311.2746902,10635,10635,0.041622161865234375,326.40625,0.08045578002929688,9.728K,0.025403499603271484,0,3,0,0,41.68359375,41.54296875,0,0,0,0.0,0,12,400,training
1755005311.323296,10635,10635,0.041622161865234375,326.40625,0.08045578002929688,9.728K,0.025799274444580078,0,3,0,0,41.68359375,41.54296875,0,0,0,0.0,0,12,500,training
1755005311.3726459,10635,10635,0.041622161865234375,326.40625,0.08045578002929688,9.728K,0.027773380279541016,0,3,0,0,41.68359375,41.54296875,0,0,0,0.0,0,12,600,training
1755005311.42141,10635,10635,0.041622161865234375,326.40625,0.08045578002929688,9.728K,0.025277137756347656,0,3,0,0,41.68359375,41.54296875,0,0,0,0.0,0,12,700,training
1755005311.469675,10635,10635,0.041622161865234375,326.40625,0.08045578002929688,9.728K,0.025241374969482422,0,3,0,0,41.68359375,41.54296875,0,0,0,0.0,0,12,800,training
1755005311.51857,10635,10635,0.041622161865234375,326.40625,0.08045578002929688,9.728K,0.025298595428466797,0,3,0,0,41.68359375,41.54296875,0,0,0,0.0,0,12,900,training
1755005311.567991,10635,10635,0.041622161865234375,326.40625,0.08045578002929688,9.728K,0.025417804718017578,0,3,0,0,41.68359375,41.54296875,0,0,0,0.0,0,12,1000,training
1755005311.620466,10635,10635,0.041622161865234375,326.40625,0.08045578002929688,9.728K,0.025572776794433594,0,3,0,0,41.68359375,41.54296875,0,0,0,0.0,0,12,1100,training
1755005311.669087,10635,10635,0.041622161865234375,326.40625,0.08045578002929688,9.728K,0.025207996368408203,0,3,0,0,41.68359375,41.54296875,0,0,0,0.0,0,12,1200,training
1755005311.719689,10635,10635,0.041622161865234375,326.40625,0.08045578002929688,9.728K,0.025603771209716797,0,3,0,0,41.68359375,41.54296875,0,0,0,0.0,0,12,1300,training
1755005311.77618,10635,10635,0.041622161865234375,308.046875,0.08045578002929688,9.728K,0.029327869415283203,0,3,0,0,41.68359375,41.54296875,0,0,0,0.0,0,12,1400,training
1755005311.806942,10635,10635,0.041622161865234375,307.859375,0.08045578002929688,9.728K,0.025391578674316406,0,3,0,0,41.68359375,41.54296875,0,0,0,0.0,0,13,0,training
1755005311.859102,10635,10635,0.041622161865234375,307.859375,0.08045578002929688,9.728K,0.025455951690673828,0,3,0,0,41.68359375,41.54296875,0,0,0,0.0,0,13,100,training
1755005311.908097,10635,10635,0.041622161865234375,307.890625,0.08045578002929688,9.728K,0.025415420532226562,0,3,0,0,41.68359375,41.54296875,0,0,0,0.0,0,13,200,training
1755005311.957392,10635,10635,0.041622161865234375,307.890625,0.08045578002929688,9.728K,0.025205612182617188,0,3,0,0,41.68359375,41.54296875,0,0,0,0.0,0,13,300,training
1755005312.006614,10635,10635,0.041622161865234375,307.703125,0.08045578002929688,9.728K,0.025565624237060547,0,3,0,0,41.68359375,41.54296875,0,0,0,0.0,0,13,400,training
1755005312.0562031,10635,10635,0.041622161865234375,307.484375,0.08045578002929688,9.728K,0.025892257690429688,0,3,0,0,41.68359375,41.54296875,0,0,0,0.0,0,13,500,training
1755005312.106292,10635,10635,0.041622161865234375,307.484375,0.08045578002929688,9.728K,0.02527475357055664,0,3,0,0,41.68359375,41.54296875,0,0,0,0.0,0,13,600,training
1755005312.164856,10635,10635,0.041622161865234375,305.8125,0.08045578002929688,9.728K,0.02582073211669922,0,3,0,0,41.68359375,41.54296875,0,0,0,0.0,0,13,700,training
1755005312.218723,10635,10635,0.041622161865234375,305.8125,0.08045578002929688,9.728K,0.026104450225830078,0,3,0,0,41.68359375,41.54296875,0,0,0,0.0,0,13,800,training
1755005312.271446,10635,10635,0.041622161865234375,297.40625,0.08045578002929688,9.728K,0.025162696838378906,0,3,0,0,41.68359375,41.54296875,0,0,0,0.0,0,13,900,training
1755005312.320129,10635,10635,0.041622161865234375,297.40625,0.08045578002929688,9.728K,0.025393962860107422,0,3,0,0,41.68359375,41.54296875,0,0,0,0.0,0,13,1000,training
1755005312.3690088,10635,10635,0.041622161865234375,297.40625,0.08045578002929688,9.728K,0.025453567504882812,0,3,0,0,41.68359375,41.54296875,0,0,0,0.0,0,13,1100,training
1755005312.4219048,10635,10635,0.041622161865234375,297.40625,0.08045578002929688,9.728K,0.02534627914428711,0,3,0,0,41.68359375,41.54296875,0,0,0,0.0,0,13,1200,training
1755005312.4709241,10635,10635,0.041622161865234375,279.390625,0.08045578002929688,9.728K,0.02588033676147461,0,3,0,0,41.68359375,41.54296875,0,0,0,0.0,0,13,1300,training
1755005312.520654,10635,10635,0.041622161865234375,261.84375,0.08045578002929688,9.728K,0.02535104751586914,0,3,0,0,41.68359375,41.54296875,0,0,0,0.0,0,13,1400,training
1755005312.5460758,10635,10635,0.041622161865234375,261.84375,0.08045578002929688,9.728K,0.031986236572265625,0,3,0,0,41.68359375,41.54296875,0,0,0,0.0,0,14,0,training
1755005312.5958028,10635,10635,0.041622161865234375,261.84375,0.08045578002929688,9.728K,0.028159618377685547,0,3,0,0,41.68359375,41.54296875,0,0,0,0.0,0,14,100,training
1755005312.6475,10635,10635,0.041622161865234375,261.609375,0.08045578002929688,9.728K,0.027189254760742188,0,3,0,0,41.68359375,41.54296875,0,0,0,0.0,0,14,200,training
1755005312.697475,10635,10635,0.041622161865234375,259.0,0.08045578002929688,9.728K,0.025608539581298828,0,3,0,0,41.68359375,41.54296875,0,0,0,0.0,0,14,300,training
1755005312.749603,10635,10635,0.041622161865234375,259.0,0.08045578002929688,9.728K,0.02573251724243164,0,3,0,0,41.68359375,41.54296875,0,0,0,0.0,0,14,400,training
1755005312.798975,10635,10635,0.041622161865234375,259.0,0.08045578002929688,9.728K,0.025341510772705078,0,3,0,0,41.68359375,41.54296875,0,0,0,0.0,0,14,500,training
1755005312.8474119,10635,10635,0.041622161865234375,259.0,0.08045578002929688,9.728K,0.026712417602539062,0,3,0,0,41.68359375,41.54296875,0,0,0,0.0,0,14,600,training
1755005312.896651,10635,10635,0.041622161865234375,259.0,0.08045578002929688,9.728K,0.035212039947509766,0,3,0,0,41.68359375,41.54296875,0,0,0,0.0,0,14,700,training
1755005312.9513621,10635,10635,0.041622161865234375,215.203125,0.08045578002929688,9.728K,0.025434494018554688,0,3,0,0,41.68359375,41.54296875,0,0,0,0.0,0,14,800,training
1755005313.000087,10635,10635,0.041622161865234375,215.21875,0.08045578002929688,9.728K,0.025455951690673828,0,3,0,0,41.68359375,41.54296875,0,0,0,0.0,0,14,900,training
1755005313.049261,10635,10635,0.041622161865234375,215.234375,0.08045578002929688,9.728K,0.026328563690185547,0,3,0,0,41.68359375,41.54296875,0,0,0,0.0,0,14,1000,training
1755005313.097399,10635,10635,0.041622161865234375,215.234375,0.08045578002929688,9.728K,0.026235580444335938,0,3,0,0,41.68359375,41.54296875,0,0,0,0.0,0,14,1100,training
1755005313.146774,10635,10635,0.041622161865234375,215.25,0.08045578002929688,9.728K,0.025990009307861328,0,3,0,0,41.68359375,41.54296875,0,0,0,0.0,0,14,1200,training
1755005313.196959,10635,10635,0.041622161865234375,215.265625,0.08045578002929688,9.728K,0.03306388854980469,0,3,0,0,41.68359375,41.54296875,0,0,0,0.0,0,14,1300,training
1755005313.268867,10635,10635,0.041622161865234375,199.53125,0.08045578002929688,9.728K,0.03231048583984375,0,3,0,0,41.68359375,41.54296875,0,0,0,0.0,0,14,1400,training
1755005313.299859,10635,10635,0.041622161865234375,127.109375,0.08045578002929688,9.728K,0.035042762756347656,0,3,0,0,41.68359375,41.54296875,0,0,0,0.0,0,15,0,training
1755005313.357187,10635,10635,0.041622161865234375,127.109375,0.08045578002929688,9.728K,0.028755664825439453,0,3,0,0,41.68359375,41.54296875,0,0,0,0.0,0,15,100,training
1755005313.417139,10635,10635,0.041622161865234375,127.171875,0.08045578002929688,9.728K,0.035996437072753906,0,3,0,0,41.68359375,41.54296875,0,0,0,0.0,0,15,200,training
1755005313.480364,10635,10635,0.041622161865234375,127.1875,0.08045578002929688,9.728K,0.037691593170166016,0,3,0,0,41.68359375,41.54296875,0,0,0,0.0,0,15,300,training
1755005313.536582,10635,10635,0.041622161865234375,127.1875,0.08045578002929688,9.728K,0.029015541076660156,0,3,0,0,41.68359375,41.54296875,0,0,0,0.0,0,15,400,training
1755005313.59309,10635,10635,0.041622161865234375,127.1875,0.08045578002929688,9.728K,0.02946615219116211,0,3,0,0,41.68359375,41.54296875,0,0,0,0.0,0,15,500,training
1755005313.651603,10635,10635,0.041622161865234375,127.1875,0.08045578002929688,9.728K,0.028476715087890625,0,3,0,0,41.68359375,41.54296875,0,0,0,0.0,0,15,600,training
1755005313.7070432,10635,10635,0.041622161865234375,127.1875,0.08045578002929688,9.728K,0.030009746551513672,0,3,0,0,41.68359375,41.54296875,0,0,0,0.0,0,15,700,training
1755005313.7635682,10635,10635,0.041622161865234375,127.1875,0.08045578002929688,9.728K,0.03735542297363281,0,3,0,0,41.68359375,41.54296875,0,0,0,0.0,0,15,800,training
1755005313.821729,10635,10635,0.041622161865234375,127.1875,0.08045578002929688,9.728K,0.028827190399169922,0,3,0,0,41.68359375,41.54296875,0,0,0,0.0,0,15,900,training
1755005313.8802009,10635,10635,0.041622161865234375,127.1875,0.08045578002929688,9.728K,0.03909587860107422,0,3,0,0,41.68359375,41.54296875,0,0,0,0.0,0,15,1000,training
1755005313.9375942,10635,10635,0.041622161865234375,127.1875,0.08045578002929688,9.728K,0.03195762634277344,0,3,0,0,41.68359375,41.54296875,0,0,0,0.0,0,15,1100,training
1755005313.9987671,10635,10635,0.041622161865234375,126.984375,0.08045578002929688,9.728K,0.028624534606933594,0,3,0,0,41.68359375,41.54296875,0,0,0,0.0,0,15,1200,training
1755005314.0547059,10635,10635,0.041622161865234375,126.984375,0.08045578002929688,9.728K,0.029168128967285156,0,3,0,0,41.68359375,41.54296875,0,0,0,0.0,0,15,1300,training
1755005314.1107578,10635,10635,0.041622161865234375,127.03125,0.08045578002929688,9.728K,0.030634403228759766,0,3,0,0,41.68359375,41.54296875,0,0,0,0.0,0,15,1400,training
1755005314.139387,10635,10635,0.041622161865234375,127.078125,0.08045578002929688,9.728K,0.028874874114990234,0,3,0,0,41.68359375,41.54296875,0,0,0,0.0,0,16,0,training
1755005314.196013,10635,10635,0.041622161865234375,127.078125,0.08045578002929688,9.728K,0.03834962844848633,0,3,0,0,41.68359375,41.54296875,0,0,0,0.0,0,16,100,training
1755005314.2512372,10635,10635,0.041622161865234375,127.078125,0.08045578002929688,9.728K,0.027930736541748047,0,3,0,0,41.68359375,41.54296875,0,0,0,0.0,0,16,200,training
1755005314.307532,10635,10635,0.041622161865234375,127.078125,0.08045578002929688,9.728K,0.030252933502197266,0,3,0,0,41.68359375,41.54296875,0,0,0,0.0,0,16,300,training
1755005314.364873,10635,10635,0.041622161865234375,127.078125,0.08045578002929688,9.728K,0.03195047378540039,0,3,0,0,41.68359375,41.54296875,0,0,0,0.0,0,16,400,training
1755005314.421566,10635,10635,0.041622161865234375,127.125,0.08045578002929688,9.728K,0.028717517852783203,0,3,0,0,41.68359375,41.54296875,0,0,0,0.0,0,16,500,training
1755005314.4764428,10635,10635,0.041622161865234375,127.140625,0.08045578002929688,9.728K,0.029850006103515625,0,3,0,0,41.68359375,41.54296875,0,0,0,0.0,0,16,600,training
1755005314.5326238,10635,10635,0.041622161865234375,127.140625,0.08045578002929688,9.728K,0.029346942901611328,0,3,0,0,41.68359375,41.54296875,0,0,0,0.0,0,16,700,training
1755005314.586368,10635,10635,0.041622161865234375,127.140625,0.08045578002929688,9.728K,0.026118755340576172,0,3,0,0,41.68359375,41.54296875,0,0,0,0.0,0,16,800,training
1755005314.6356869,10635,10635,0.041622161865234375,127.140625,0.08045578002929688,9.728K,0.02561330795288086,0,3,0,0,41.68359375,41.54296875,0,0,0,0.0,0,16,900,training
1755005314.686028,10635,10635,0.041622161865234375,127.140625,0.08045578002929688,9.728K,0.028200149536132812,0,3,0,0,41.68359375,41.54296875,0,0,0,0.0,0,16,1000,training
1755005314.7345128,10635,10635,0.041622161865234375,127.140625,0.08045578002929688,9.728K,0.02566814422607422,0,3,0,0,41.68359375,41.54296875,0,0,0,0.0,0,16,1100,training
1755005314.7835362,10635,10635,0.041622161865234375,127.140625,0.08045578002929688,9.728K,0.029723644256591797,0,3,0,0,41.68359375,41.54296875,0,0,0,0.0,0,16,1200,training
1755005314.8322308,10635,10635,0.041622161865234375,127.140625,0.08045578002929688,9.728K,0.026073455810546875,0,3,0,0,41.68359375,41.54296875,0,0,0,0.0,0,16,1300,training
1755005314.8812149,10635,10635,0.041622161865234375,127.140625,0.08045578002929688,9.728K,0.025599002838134766,0,3,0,0,41.68359375,41.54296875,0,0,0,0.0,0,16,1400,training
1755005314.905782,10635,10635,0.041622161865234375,127.203125,0.08045578002929688,9.728K,0.025584697723388672,0,3,0,0,41.68359375,41.54296875,0,0,0,0.0,0,17,0,training
1755005314.954806,10635,10635,0.041622161865234375,127.234375,0.08045578002929688,9.728K,0.025475025177001953,0,3,0,0,41.68359375,41.54296875,0,0,0,0.0,0,17,100,training
1755005315.003983,10635,10635,0.041622161865234375,127.234375,0.08045578002929688,9.728K,0.029952526092529297,0,3,0,0,41.68359375,41.54296875,0,0,0,0.0,0,17,200,training
1755005315.0529962,10635,10635,0.041622161865234375,127.234375,0.08045578002929688,9.728K,0.025615692138671875,0,3,0,0,41.68359375,41.54296875,0,0,0,0.0,0,17,300,training
1755005315.1029491,10635,10635,0.041622161865234375,127.25,0.08045578002929688,9.728K,0.02529621124267578,0,3,0,0,41.68359375,41.54296875,0,0,0,0.0,0,17,400,training
1755005315.151792,10635,10635,0.041622161865234375,127.25,0.08045578002929688,9.728K,0.025637149810791016,0,3,0,0,41.68359375,41.54296875,0,0,0,0.0,0,17,500,training
1755005315.2028449,10635,10635,0.041622161865234375,127.25,0.08045578002929688,9.728K,0.025279521942138672,0,3,0,0,41.68359375,41.54296875,0,0,0,0.0,0,17,600,training
1755005315.25183,10635,10635,0.041622161865234375,127.25,0.08045578002929688,9.728K,0.025837421417236328,0,3,0,0,41.68359375,41.54296875,0,0,0,0.0,0,17,700,training
1755005315.3020868,10635,10635,0.041622161865234375,127.265625,0.08045578002929688,9.728K,0.025534629821777344,0,3,0,0,41.68359375,41.54296875,0,0,0,0.0,0,17,800,training
1755005315.350687,10635,10635,0.041622161865234375,127.28125,0.08045578002929688,9.728K,0.026166439056396484,0,3,0,0,41.68359375,41.54296875,0,0,0,0.0,0,17,900,training
1755005315.40017,10635,10635,0.041622161865234375,127.296875,0.08045578002929688,9.728K,0.025708675384521484,0,3,0,0,41.68359375,41.54296875,0,0,0,0.0,0,17,1000,training
1755005315.450952,10635,10635,0.041622161865234375,127.296875,0.08045578002929688,9.728K,0.0261688232421875,0,3,0,0,41.68359375,41.54296875,0,0,0,0.0,0,17,1100,training
1755005315.4993448,10635,10635,0.041622161865234375,127.296875,0.08045578002929688,9.728K,0.025799274444580078,0,3,0,0,41.68359375,41.54296875,0,0,0,0.0,0,17,1200,training
1755005315.54932,10635,10635,0.041622161865234375,127.296875,0.08045578002929688,9.728K,0.025796890258789062,0,3,0,0,41.68359375,41.54296875,0,0,0,0.0,0,17,1300,training
1755005315.6015491,10635,10635,0.041622161865234375,127.296875,0.08045578002929688,9.728K,0.025348663330078125,0,3,0,0,41.68359375,41.54296875,0,0,0,0.0,0,17,1400,training
1755005315.626411,10635,10635,0.041622161865234375,127.296875,0.08045578002929688,9.728K,0.025560855865478516,0,3,0,0,41.68359375,41.54296875,0,0,0,0.0,0,18,0,training
1755005315.678568,10635,10635,0.041622161865234375,127.296875,0.08045578002929688,9.728K,0.032672882080078125,0,3,0,0,41.68359375,41.54296875,0,0,0,0.0,0,18,100,training
1755005315.730974,10635,10635,0.041622161865234375,127.3125,0.08045578002929688,9.728K,0.025877952575683594,0,3,0,0,41.68359375,41.54296875,0,0,0,0.0,0,18,200,training
1755005315.780087,10635,10635,0.041622161865234375,127.34375,0.08045578002929688,9.728K,0.03032684326171875,0,3,0,0,41.68359375,41.54296875,0,0,0,0.0,0,18,300,training
1755005315.8295062,10635,10635,0.041622161865234375,127.34375,0.08045578002929688,9.728K,0.028460025787353516,0,3,0,0,41.68359375,41.54296875,0,0,0,0.0,0,18,400,training
1755005315.880895,10635,10635,0.041622161865234375,127.34375,0.08045578002929688,9.728K,0.026025772094726562,0,3,0,0,41.68359375,41.54296875,0,0,0,0.0,0,18,500,training
1755005315.9295292,10635,10635,0.041622161865234375,127.34375,0.08045578002929688,9.728K,0.028743743896484375,0,3,0,0,41.68359375,41.54296875,0,0,0,0.0,0,18,600,training
1755005315.977891,10635,10635,0.041622161865234375,127.34375,0.08045578002929688,9.728K,0.02698659896850586,0,3,0,0,41.68359375,41.54296875,0,0,0,0.0,0,18,700,training
1755005316.026109,10635,10635,0.041622161865234375,127.34375,0.08045578002929688,9.728K,0.025420188903808594,0,3,0,0,41.68359375,41.54296875,0,0,0,0.0,0,18,800,training
1755005316.075551,10635,10635,0.041622161865234375,127.34375,0.08045578002929688,9.728K,0.027225017547607422,0,3,0,0,41.68359375,41.54296875,0,0,0,0.0,0,18,900,training
1755005316.1281369,10635,10635,0.041622161865234375,127.359375,0.08045578002929688,9.728K,0.029246807098388672,0,3,0,0,41.68359375,41.54296875,0,0,0,0.0,0,18,1000,training
1755005316.1786509,10635,10635,0.041622161865234375,127.359375,0.08045578002929688,9.728K,0.02849102020263672,0,3,0,0,41.68359375,41.54296875,0,0,0,0.0,0,18,1100,training
1755005316.227086,10635,10635,0.041622161865234375,127.359375,0.08045578002929688,9.728K,0.025506019592285156,0,3,0,0,41.68359375,41.54296875,0,0,0,0.0,0,18,1200,training
1755005316.276206,10635,10635,0.041622161865234375,127.359375,0.08045578002929688,9.728K,0.02547740936279297,0,3,0,0,41.68359375,41.54296875,0,0,0,0.0,0,18,1300,training
1755005316.325093,10635,10635,0.041622161865234375,127.359375,0.08045578002929688,9.728K,0.025479793548583984,0,3,0,0,41.68359375,41.54296875,0,0,0,0.0,0,18,1400,training
1755005316.3508632,10635,10635,0.041622161865234375,127.375,0.08045578002929688,9.728K,0.02529621124267578,0,3,0,0,41.68359375,41.54296875,0,0,0,0.0,0,19,0,training
1755005316.399797,10635,10635,0.041622161865234375,127.375,0.08045578002929688,9.728K,0.02605915069580078,0,3,0,0,41.68359375,41.54296875,0,0,0,0.0,0,19,100,training
1755005316.4507542,10635,10635,0.041622161865234375,127.375,0.08045578002929688,9.728K,0.025892257690429688,0,3,0,0,41.68359375,41.54296875,0,0,0,0.0,0,19,200,training
1755005316.499478,10635,10635,0.041622161865234375,127.375,0.08045578002929688,9.728K,0.025267601013183594,0,3,0,0,41.68359375,41.54296875,0,0,0,0.0,0,19,300,training
1755005316.548689,10635,10635,0.041622161865234375,127.375,0.08045578002929688,9.728K,0.025942325592041016,0,3,0,0,41.68359375,41.54296875,0,0,0,0.0,0,19,400,training
1755005316.5975108,10635,10635,0.041622161865234375,127.375,0.08045578002929688,9.728K,0.025696754455566406,0,3,0,0,41.68359375,41.54296875,0,0,0,0.0,0,19,500,training
1755005316.646419,10635,10635,0.041622161865234375,127.375,0.08045578002929688,9.728K,0.028715133666992188,0,3,0,0,41.68359375,41.54296875,0,0,0,0.0,0,19,600,training
1755005316.6971679,10635,10635,0.041622161865234375,127.375,0.08045578002929688,9.728K,0.027112960815429688,0,3,0,0,41.68359375,41.54296875,0,0,0,0.0,0,19,700,training
1755005316.7458282,10635,10635,0.041622161865234375,127.375,0.08045578002929688,9.728K,0.028908252716064453,0,3,0,0,41.68359375,41.54296875,0,0,0,0.0,0,19,800,training
1755005316.7948108,10635,10635,0.041622161865234375,127.390625,0.08045578002929688,9.728K,0.028536319732666016,0,3,0,0,41.68359375,41.54296875,0,0,0,0.0,0,19,900,training
1755005316.84351,10635,10635,0.041622161865234375,127.390625,0.08045578002929688,9.728K,0.02557516098022461,0,3,0,0,41.68359375,41.54296875,0,0,0,0.0,0,19,1000,training
1755005316.894675,10635,10635,0.041622161865234375,127.40625,0.08045578002929688,9.728K,0.029091835021972656,0,3,0,0,41.68359375,41.54296875,0,0,0,0.0,0,19,1100,training
1755005316.944214,10635,10635,0.041622161865234375,127.40625,0.08045578002929688,9.728K,0.027337074279785156,0,3,0,0,41.68359375,41.54296875,0,0,0,0.0,0,19,1200,training
1755005316.992895,10635,10635,0.041622161865234375,127.40625,0.08045578002929688,9.728K,0.025463104248046875,0,3,0,0,41.68359375,41.54296875,0,0,0,0.0,0,19,1300,training
1755005317.041079,10635,10635,0.041622161865234375,127.40625,0.08045578002929688,9.728K,0.02547740936279297,0,3,0,0,41.68359375,41.54296875,0,0,0,0.0,0,19,1400,training
1755005317.066344,10635,10635,0.041622161865234375,127.40625,0.08045578002929688,9.728K,0.02554178237915039,0,3,0,0,41.68359375,41.54296875,0,0,0,0.0,0,20,0,training
1755005317.114528,10635,10635,0.041622161865234375,127.421875,0.08045578002929688,9.728K,0.025069713592529297,0,3,0,0,41.68359375,41.54296875,0,0,0,0.0,0,20,100,training
1755005317.1629472,10635,10635,0.041622161865234375,127.4375,0.08045578002929688,9.728K,0.02916574478149414,0,3,0,0,41.68359375,41.54296875,0,0,0,0.0,0,20,200,training
1755005317.212002,10635,10635,0.041622161865234375,127.4375,0.08045578002929688,9.728K,0.02907276153564453,0,3,0,0,41.68359375,41.54296875,0,0,0,0.0,0,20,300,training
1755005317.260394,10635,10635,0.041622161865234375,127.4375,0.08045578002929688,9.728K,0.025360584259033203,0,3,0,0,41.68359375,41.54296875,0,0,0,0.0,0,20,400,training
1755005317.309689,10635,10635,0.041622161865234375,127.453125,0.08045578002929688,9.728K,0.025539398193359375,0,3,0,0,41.68359375,41.54296875,0,0,0,0.0,0,20,500,training
1755005317.357825,10635,10635,0.041622161865234375,127.453125,0.08045578002929688,9.728K,0.025415420532226562,0,3,0,0,41.68359375,41.54296875,0,0,0,0.0,0,20,600,training
1755005317.406661,10635,10635,0.041622161865234375,127.453125,0.08045578002929688,9.728K,0.025510787963867188,0,3,0,0,41.68359375,41.54296875,0,0,0,0.0,0,20,700,training
1755005317.456396,10635,10635,0.041622161865234375,127.453125,0.08045578002929688,9.728K,0.025646686553955078,0,3,0,0,41.68359375,41.54296875,0,0,0,0.0,0,20,800,training
1755005317.5048819,10635,10635,0.041622161865234375,127.46875,0.08045578002929688,9.728K,0.02547740936279297,0,3,0,0,41.68359375,41.54296875,0,0,0,0.0,0,20,900,training
1755005317.553438,10635,10635,0.041622161865234375,127.46875,0.08045578002929688,9.728K,0.025718212127685547,0,3,0,0,41.68359375,41.54296875,0,0,0,0.0,0,20,1000,training
1755005317.602344,10635,10635,0.041622161865234375,127.46875,0.08045578002929688,9.728K,0.025799274444580078,0,3,0,0,41.68359375,41.54296875,0,0,0,0.0,0,20,1100,training
1755005317.651513,10635,10635,0.041622161865234375,127.46875,0.08045578002929688,9.728K,0.025365352630615234,0,3,0,0,41.68359375,41.54296875,0,0,0,0.0,0,20,1200,training
1755005317.699837,10635,10635,0.041622161865234375,127.46875,0.08045578002929688,9.728K,0.025658607482910156,0,3,0,0,41.68359375,41.54296875,0,0,0,0.0,0,20,1300,training
1755005317.747968,10635,10635,0.041622161865234375,127.46875,0.08045578002929688,9.728K,0.025339126586914062,0,3,0,0,41.68359375,41.54296875,0,0,0,0.0,0,20,1400,training
1755005317.7728472,10635,10635,0.041622161865234375,127.46875,0.08045578002929688,9.728K,0.025615692138671875,0,3,0,0,41.68359375,41.54296875,0,0,0,0.0,0,21,0,training
1755005317.908244,10635,10635,0.041622161865234375,115.859375,0.08045578002929688,9.728K,0.028989315032958984,0,3,0,0,41.68359375,41.54296875,0,0,0,0.0,0,21,100,training
1755005317.965336,10635,10635,0.041622161865234375,115.921875,0.08045578002929688,9.728K,0.026009082794189453,0,3,0,0,41.68359375,41.54296875,0,0,0,0.0,0,21,200,training
1755005318.016991,10635,10635,0.041622161865234375,115.921875,0.08045578002929688,9.728K,0.03327131271362305,0,3,0,0,41.68359375,41.54296875,0,0,0,0.0,0,21,300,training
1755005318.081991,10635,10635,0.041622161865234375,115.921875,0.08045578002929688,9.728K,0.025293827056884766,0,3,0,0,41.68359375,41.54296875,0,0,0,0.0,0,21,400,training
1755005318.131766,10635,10635,0.041622161865234375,115.921875,0.08045578002929688,9.728K,0.025377273559570312,0,3,0,0,41.68359375,41.54296875,0,0,0,0.0,0,21,500,training
1755005318.181205,10635,10635,0.041622161865234375,115.9375,0.08045578002929688,9.728K,0.025815963745117188,0,3,0,0,41.68359375,41.54296875,0,0,0,0.0,0,21,600,training
1755005318.230745,10635,10635,0.041622161865234375,115.9375,0.08045578002929688,9.728K,0.025682449340820312,0,3,0,0,41.68359375,41.54296875,0,0,0,0.0,0,21,700,training
1755005318.279949,10635,10635,0.041622161865234375,115.9375,0.08045578002929688,9.728K,0.029895305633544922,0,3,0,0,41.68359375,41.54296875,0,0,0,0.0,0,21,800,training
1755005318.329694,10635,10635,0.041622161865234375,115.9375,0.08045578002929688,9.728K,0.029706954956054688,0,3,0,0,41.68359375,41.54296875,0,0,0,0.0,0,21,900,training
1755005318.3796532,10635,10635,0.041622161865234375,115.9375,0.08045578002929688,9.728K,0.030012130737304688,0,3,0,0,41.68359375,41.54296875,0,0,0,0.0,0,21,1000,training
1755005318.440809,10635,10635,0.041622161865234375,115.9375,0.08045578002929688,9.728K,0.027911663055419922,0,3,0,0,41.68359375,41.54296875,0,0,0,0.0,0,21,1100,training
1755005318.5063622,10635,10635,0.041622161865234375,115.953125,0.08045578002929688,9.728K,0.029871463775634766,0,3,0,0,41.68359375,41.54296875,0,0,0,0.0,0,21,1200,training
1755005318.572347,10635,10635,0.041622161865234375,115.953125,0.08045578002929688,9.728K,0.03226280212402344,0,3,0,0,41.68359375,41.54296875,0,0,0,0.0,0,21,1300,training
1755005318.660017,10635,10635,0.041622161865234375,115.9375,0.08045578002929688,9.728K,0.03091573715209961,0,3,0,0,41.68359375,41.54296875,0,0,0,0.0,0,21,1400,training
1755005318.7058702,10635,10635,0.041622161865234375,115.9375,0.08045578002929688,9.728K,0.03125905990600586,0,3,0,0,41.68359375,41.54296875,0,0,0,0.0,0,22,0,training
1755005318.774792,10635,10635,0.041622161865234375,115.9375,0.08045578002929688,9.728K,0.02964496612548828,0,3,0,0,41.68359375,41.54296875,0,0,0,0.0,0,22,100,training
1755005318.8426769,10635,10635,0.041622161865234375,116.0,0.08045578002929688,9.728K,0.030875205993652344,0,3,0,0,41.68359375,41.54296875,0,0,0,0.0,0,22,200,training
1755005318.8977978,10635,10635,0.041622161865234375,116.0,0.08045578002929688,9.728K,0.028467178344726562,0,3,0,0,41.68359375,41.54296875,0,0,0,0.0,0,22,300,training
1755005318.9540339,10635,10635,0.041622161865234375,116.0,0.08045578002929688,9.728K,0.027415752410888672,0,3,0,0,41.68359375,41.54296875,0,0,0,0.0,0,22,400,training
1755005319.016362,10635,10635,0.041622161865234375,116.03125,0.08045578002929688,9.728K,0.028171539306640625,0,3,0,0,41.68359375,41.54296875,0,0,0,0.0,0,22,500,training
1755005319.072402,10635,10635,0.041622161865234375,116.03125,0.08045578002929688,9.728K,0.025737285614013672,0,3,0,0,41.68359375,41.54296875,0,0,0,0.0,0,22,600,training
1755005319.122887,10635,10635,0.041622161865234375,116.03125,0.08045578002929688,9.728K,0.02692699432373047,0,3,0,0,41.68359375,41.54296875,0,0,0,0.0,0,22,700,training
1755005319.175215,10635,10635,0.041622161865234375,116.03125,0.08045578002929688,9.728K,0.02583026885986328,0,3,0,0,41.68359375,41.54296875,0,0,0,0.0,0,22,800,training
1755005319.229434,10635,10635,0.041622161865234375,116.03125,0.08045578002929688,9.728K,0.029625892639160156,0,3,0,0,41.68359375,41.54296875,0,0,0,0.0,0,22,900,training
1755005319.284468,10635,10635,0.041622161865234375,116.03125,0.08045578002929688,9.728K,0.027670860290527344,0,3,0,0,41.68359375,41.54296875,0,0,0,0.0,0,22,1000,training
1755005319.335901,10635,10635,0.041622161865234375,116.03125,0.08045578002929688,9.728K,0.02580404281616211,0,3,0,0,41.68359375,41.54296875,0,0,0,0.0,0,22,1100,training
1755005319.38627,10635,10635,0.041622161865234375,116.03125,0.08045578002929688,9.728K,0.025188922882080078,0,3,0,0,41.68359375,41.54296875,0,0,0,0.0,0,22,1200,training
1755005319.437045,10635,10635,0.041622161865234375,116.03125,0.08045578002929688,9.728K,0.025451183319091797,0,3,0,0,41.68359375,41.54296875,0,0,0,0.0,0,22,1300,training
1755005319.48825,10635,10635,0.041622161865234375,116.03125,0.08045578002929688,9.728K,0.025436878204345703,0,3,0,0,41.68359375,41.54296875,0,0,0,0.0,0,22,1400,training
1755005319.5143769,10635,10635,0.041622161865234375,116.03125,0.08045578002929688,9.728K,0.025582313537597656,0,3,0,0,41.68359375,41.54296875,0,0,0,0.0,0,23,0,training
1755005319.565203,10635,10635,0.041622161865234375,116.03125,0.08045578002929688,9.728K,0.02593994140625,0,3,0,0,41.68359375,41.54296875,0,0,0,0.0,0,23,100,training
1755005319.6164129,10635,10635,0.041622161865234375,116.046875,0.08045578002929688,9.728K,0.02635955810546875,0,3,0,0,41.68359375,41.54296875,0,0,0,0.0,0,23,200,training
1755005319.666542,10635,10635,0.041622161865234375,116.046875,0.08045578002929688,9.728K,0.025725364685058594,0,3,0,0,41.68359375,41.54296875,0,0,0,0.0,0,23,300,training
1755005319.717474,10635,10635,0.041622161865234375,116.046875,0.08045578002929688,9.728K,0.029973983764648438,0,3,0,0,41.68359375,41.54296875,0,0,0,0.0,0,23,400,training
1755005319.7725708,10635,10635,0.041622161865234375,116.046875,0.08045578002929688,9.728K,0.026123523712158203,0,3,0,0,41.68359375,41.54296875,0,0,0,0.0,0,23,500,training
1755005319.828085,10635,10635,0.041622161865234375,116.046875,0.08045578002929688,9.728K,0.031058788299560547,0,3,0,0,41.68359375,41.54296875,0,0,0,0.0,0,23,600,training
1755005319.883159,10635,10635,0.041622161865234375,116.046875,0.08045578002929688,9.728K,0.02841472625732422,0,3,0,0,41.68359375,41.54296875,0,0,0,0.0,0,23,700,training
1755005319.9349408,10635,10635,0.041622161865234375,116.078125,0.08045578002929688,9.728K,0.02579212188720703,0,3,0,0,41.68359375,41.54296875,0,0,0,0.0,0,23,800,training
1755005319.987146,10635,10635,0.041622161865234375,116.078125,0.08045578002929688,9.728K,0.025696754455566406,0,3,0,0,41.68359375,41.54296875,0,0,0,0.0,0,23,900,training
1755005320.041235,10635,10635,0.041622161865234375,116.078125,0.08045578002929688,9.728K,0.025584697723388672,0,3,0,0,41.68359375,41.54296875,0,0,0,0.0,0,23,1000,training
1755005320.09538,10635,10635,0.041622161865234375,116.078125,0.08045578002929688,9.728K,0.030100345611572266,0,3,0,0,41.68359375,41.54296875,0,0,0,0.0,0,23,1100,training
1755005320.157307,10635,10635,0.041622161865234375,116.078125,0.08045578002929688,9.728K,0.029027462005615234,0,3,0,0,41.68359375,41.54296875,0,0,0,0.0,0,23,1200,training
1755005320.216851,10635,10635,0.041622161865234375,116.09375,0.08045578002929688,9.728K,0.027630329132080078,0,3,0,0,41.68359375,41.54296875,0,0,0,0.0,0,23,1300,training
1755005320.2706509,10635,10635,0.041622161865234375,116.09375,0.08045578002929688,9.728K,0.025455951690673828,0,3,0,0,41.68359375,41.54296875,0,0,0,0.0,0,23,1400,training
1755005320.299529,10635,10635,0.041622161865234375,116.09375,0.08045578002929688,9.728K,0.02763986587524414,0,3,0,0,41.68359375,41.54296875,0,0,0,0.0,0,24,0,training
1755005320.354173,10635,10635,0.041622161865234375,116.09375,0.08045578002929688,9.728K,0.025491714477539062,0,3,0,0,41.68359375,41.54296875,0,0,0,0.0,0,24,100,training
1755005320.406268,10635,10635,0.041622161865234375,116.09375,0.08045578002929688,9.728K,0.025734901428222656,0,3,0,0,41.68359375,41.54296875,0,0,0,0.0,0,24,200,training
1755005320.457091,10635,10635,0.041622161865234375,116.09375,0.08045578002929688,9.728K,0.025699138641357422,0,3,0,0,41.68359375,41.54296875,0,0,0,0.0,0,24,300,training
1755005320.508685,10635,10635,0.041622161865234375,116.09375,0.08045578002929688,9.728K,0.025396347045898438,0,3,0,0,41.68359375,41.54296875,0,0,0,0.0,0,24,400,training
1755005320.5585868,10635,10635,0.041622161865234375,116.09375,0.08045578002929688,9.728K,0.025551319122314453,0,3,0,0,41.68359375,41.54296875,0,0,0,0.0,0,24,500,training
1755005320.609042,10635,10635,0.041622161865234375,116.09375,0.08045578002929688,9.728K,0.02523660659790039,0,3,0,0,41.68359375,41.54296875,0,0,0,0.0,0,24,600,training
1755005320.657612,10635,10635,0.041622161865234375,116.109375,0.08045578002929688,9.728K,0.027840137481689453,0,3,0,0,41.68359375,41.54296875,0,0,0,0.0,0,24,700,training
1755005320.709973,10635,10635,0.041622161865234375,116.109375,0.08045578002929688,9.728K,0.02562999725341797,0,3,0,0,41.68359375,41.54296875,0,0,0,0.0,0,24,800,training
1755005320.7588701,10635,10635,0.041622161865234375,116.109375,0.08045578002929688,9.728K,0.025684833526611328,0,3,0,0,41.68359375,41.54296875,0,0,0,0.0,0,24,900,training
1755005320.808657,10635,10635,0.041622161865234375,116.109375,0.08045578002929688,9.728K,0.025053024291992188,0,3,0,0,41.68359375,41.54296875,0,0,0,0.0,0,24,1000,training
1755005320.856897,10635,10635,0.041622161865234375,116.109375,0.08045578002929688,9.728K,0.02553701400756836,0,3,0,0,41.68359375,41.54296875,0,0,0,0.0,0,24,1100,training
1755005320.904959,10635,10635,0.041622161865234375,116.109375,0.08045578002929688,9.728K,0.025265216827392578,0,3,0,0,41.68359375,41.54296875,0,0,0,0.0,0,24,1200,training
1755005320.953033,10635,10635,0.041622161865234375,116.125,0.08045578002929688,9.728K,0.025246143341064453,0,3,0,0,41.68359375,41.54296875,0,0,0,0.0,0,24,1300,training
1755005321.003627,10635,10635,0.041622161865234375,116.125,0.08045578002929688,9.728K,0.0255584716796875,0,3,0,0,41.68359375,41.54296875,0,0,0,0.0,0,24,1400,training
1755005321.028882,10635,10635,0.041622161865234375,116.125,0.08045578002929688,9.728K,0.028765201568603516,0,3,0,0,41.68359375,41.54296875,0,0,0,0.0,0,25,0,training
1755005321.0773618,10635,10635,0.041622161865234375,116.125,0.08045578002929688,9.728K,0.02696990966796875,0,3,0,0,41.68359375,41.54296875,0,0,0,0.0,0,25,100,training
1755005321.127525,10635,10635,0.041622161865234375,116.125,0.08045578002929688,9.728K,0.027425289154052734,0,3,0,0,41.68359375,41.54296875,0,0,0,0.0,0,25,200,training
1755005321.175339,10635,10635,0.041622161865234375,116.125,0.08045578002929688,9.728K,0.025730133056640625,0,3,0,0,41.68359375,41.54296875,0,0,0,0.0,0,25,300,training
1755005321.223809,10635,10635,0.041622161865234375,116.125,0.08045578002929688,9.728K,0.025415420532226562,0,3,0,0,41.68359375,41.54296875,0,0,0,0.0,0,25,400,training
1755005321.272415,10635,10635,0.041622161865234375,116.125,0.08045578002929688,9.728K,0.025119781494140625,0,3,0,0,41.68359375,41.54296875,0,0,0,0.0,0,25,500,training
1755005321.321704,10635,10635,0.041622161865234375,116.125,0.08045578002929688,9.728K,0.025861263275146484,0,3,0,0,41.68359375,41.54296875,0,0,0,0.0,0,25,600,training
1755005321.3702168,10635,10635,0.041622161865234375,116.125,0.08045578002929688,9.728K,0.025522708892822266,0,3,0,0,41.68359375,41.54296875,0,0,0,0.0,0,25,700,training
1755005321.4184399,10635,10635,0.041622161865234375,116.125,0.08045578002929688,9.728K,0.025436878204345703,0,3,0,0,41.68359375,41.54296875,0,0,0,0.0,0,25,800,training
1755005321.46686,10635,10635,0.041622161865234375,116.125,0.08045578002929688,9.728K,0.025784969329833984,0,3,0,0,41.68359375,41.54296875,0,0,0,0.0,0,25,900,training
1755005321.516176,10635,10635,0.041622161865234375,116.125,0.08045578002929688,9.728K,0.025033950805664062,0,3,0,0,41.68359375,41.54296875,0,0,0,0.0,0,25,1000,training
1755005321.569364,10635,10635,0.041622161865234375,116.125,0.08045578002929688,9.728K,0.02747058868408203,0,3,0,0,41.68359375,41.54296875,0,0,0,0.0,0,25,1100,training
1755005321.628055,10635,10635,0.041622161865234375,116.125,0.08045578002929688,9.728K,0.03372669219970703,0,3,0,0,41.68359375,41.54296875,0,0,0,0.0,0,25,1200,training
1755005321.686416,10635,10635,0.041622161865234375,116.125,0.08045578002929688,9.728K,0.02772808074951172,0,3,0,0,41.68359375,41.54296875,0,0,0,0.0,0,25,1300,training
1755005321.742555,10635,10635,0.041622161865234375,116.125,0.08045578002929688,9.728K,0.028486251831054688,0,3,0,0,41.68359375,41.54296875,0,0,0,0.0,0,25,1400,training
1755005321.773312,10635,10635,0.041622161865234375,116.125,0.08045578002929688,9.728K,0.027399063110351562,0,3,0,0,41.68359375,41.54296875,0,0,0,0.0,0,26,0,training
1755005321.830246,10635,10635,0.041622161865234375,116.125,0.08045578002929688,9.728K,0.03068685531616211,0,3,0,0,41.68359375,41.54296875,0,0,0,0.0,0,26,100,training
1755005321.88752,10635,10635,0.041622161865234375,116.125,0.08045578002929688,9.728K,0.02761363983154297,0,3,0,0,41.68359375,41.54296875,0,0,0,0.0,0,26,200,training
1755005321.943966,10635,10635,0.041622161865234375,116.125,0.08045578002929688,9.728K,0.0299835205078125,0,3,0,0,41.68359375,41.54296875,0,0,0,0.0,0,26,300,training
1755005322.0020978,10635,10635,0.041622161865234375,116.125,0.08045578002929688,9.728K,0.028429031372070312,0,3,0,0,41.68359375,41.54296875,0,0,0,0.0,0,26,400,training
1755005322.0547268,10635,10635,0.041622161865234375,116.125,0.08045578002929688,9.728K,0.025129318237304688,0,3,0,0,41.68359375,41.54296875,0,0,0,0.0,0,26,500,training
1755005322.102859,10635,10635,0.041622161865234375,116.125,0.08045578002929688,9.728K,0.025513172149658203,0,3,0,0,41.68359375,41.54296875,0,0,0,0.0,0,26,600,training
1755005322.151534,10635,10635,0.041622161865234375,116.125,0.08045578002929688,9.728K,0.02519369125366211,0,3,0,0,41.68359375,41.54296875,0,0,0,0.0,0,26,700,training
1755005322.199332,10635,10635,0.041622161865234375,116.125,0.08045578002929688,9.728K,0.02526998519897461,0,3,0,0,41.68359375,41.54296875,0,0,0,0.0,0,26,800,training
1755005322.247277,10635,10635,0.041622161865234375,116.125,0.08045578002929688,9.728K,0.025966167449951172,0,3,0,0,41.68359375,41.54296875,0,0,0,0.0,0,26,900,training
1755005322.296715,10635,10635,0.041622161865234375,116.125,0.08045578002929688,9.728K,0.029764175415039062,0,3,0,0,41.68359375,41.54296875,0,0,0,0.0,0,26,1000,training
1755005322.346696,10635,10635,0.041622161865234375,116.125,0.08045578002929688,9.728K,0.030264854431152344,0,3,0,0,41.68359375,41.54296875,0,0,0,0.0,0,26,1100,training
1755005322.398991,10635,10635,0.041622161865234375,116.125,0.08045578002929688,9.728K,0.027701854705810547,0,3,0,0,41.68359375,41.54296875,0,0,0,0.0,0,26,1200,training
1755005322.456009,10635,10635,0.041622161865234375,116.125,0.08045578002929688,9.728K,0.02761363983154297,0,3,0,0,41.68359375,41.54296875,0,0,0,0.0,0,26,1300,training
1755005322.512824,10635,10635,0.041622161865234375,116.125,0.08045578002929688,9.728K,0.030832290649414062,0,3,0,0,41.68359375,41.54296875,0,0,0,0.0,0,26,1400,training
1755005322.5423281,10635,10635,0.041622161865234375,116.125,0.08045578002929688,9.728K,0.02744913101196289,0,3,0,0,41.68359375,41.54296875,0,0,0,0.0,0,27,0,training
1755005322.600663,10635,10635,0.041622161865234375,116.125,0.08045578002929688,9.728K,0.028569698333740234,0,3,0,0,41.68359375,41.54296875,0,0,0,0.0,0,27,100,training
1755005322.657505,10635,10635,0.041622161865234375,116.125,0.08045578002929688,9.728K,0.027811527252197266,0,3,0,0,41.68359375,41.54296875,0,0,0,0.0,0,27,200,training
1755005322.713311,10635,10635,0.041622161865234375,116.125,0.08045578002929688,9.728K,0.03623485565185547,0,3,0,0,41.68359375,41.54296875,0,0,0,0.0,0,27,300,training
1755005322.7704241,10635,10635,0.041622161865234375,116.125,0.08045578002929688,9.728K,0.02796649932861328,0,3,0,0,41.68359375,41.54296875,0,0,0,0.0,0,27,400,training
1755005322.828587,10635,10635,0.041622161865234375,116.125,0.08045578002929688,9.728K,0.0316166877746582,0,3,0,0,41.68359375,41.54296875,0,0,0,0.0,0,27,500,training
1755005322.881984,10635,10635,0.041622161865234375,116.125,0.08045578002929688,9.728K,0.025527477264404297,0,3,0,0,41.68359375,41.54296875,0,0,0,0.0,0,27,600,training
1755005322.930275,10635,10635,0.041622161865234375,116.15625,0.08045578002929688,9.728K,0.027205944061279297,0,3,0,0,41.68359375,41.54296875,0,0,0,0.0,0,27,700,training
1755005322.978258,10635,10635,0.041622161865234375,116.15625,0.08045578002929688,9.728K,0.0287628173828125,0,3,0,0,41.68359375,41.54296875,0,0,0,0.0,0,27,800,training
1755005323.0262332,10635,10635,0.041622161865234375,116.1875,0.08045578002929688,9.728K,0.025358200073242188,0,3,0,0,41.68359375,41.54296875,0,0,0,0.0,0,27,900,training
1755005323.074543,10635,10635,0.041622161865234375,116.1875,0.08045578002929688,9.728K,0.025272369384765625,0,3,0,0,41.68359375,41.54296875,0,0,0,0.0,0,27,1000,training
1755005323.123138,10635,10635,0.041622161865234375,116.1875,0.08045578002929688,9.728K,0.026018619537353516,0,3,0,0,41.68359375,41.54296875,0,0,0,0.0,0,27,1100,training
1755005323.1748831,10635,10635,0.041622161865234375,116.1875,0.08045578002929688,9.728K,0.026099681854248047,0,3,0,0,41.68359375,41.54296875,0,0,0,0.0,0,27,1200,training
1755005323.2319958,10635,10635,0.041622161865234375,116.1875,0.08045578002929688,9.728K,0.027773380279541016,0,3,0,0,41.68359375,41.54296875,0,0,0,0.0,0,27,1300,training
1755005323.294345,10635,10635,0.041622161865234375,116.1875,0.08045578002929688,9.728K,0.02975940704345703,0,3,0,0,41.68359375,41.54296875,0,0,0,0.0,0,27,1400,training
1755005323.324149,10635,10635,0.041622161865234375,116.1875,0.08045578002929688,9.728K,0.027399063110351562,0,3,0,0,41.68359375,41.54296875,0,0,0,0.0,0,28,0,training
1755005323.38231,10635,10635,0.041622161865234375,116.1875,0.08045578002929688,9.728K,0.03130197525024414,0,3,0,0,41.68359375,41.54296875,0,0,0,0.0,0,28,100,training
1755005323.439369,10635,10635,0.041622161865234375,116.1875,0.08045578002929688,9.728K,0.027477741241455078,0,3,0,0,41.68359375,41.54296875,0,0,0,0.0,0,28,200,training
1755005323.4983969,10635,10635,0.041622161865234375,116.1875,0.08045578002929688,9.728K,0.02777099609375,0,3,0,0,41.68359375,41.54296875,0,0,0,0.0,0,28,300,training
1755005323.557158,10635,10635,0.041622161865234375,116.1875,0.08045578002929688,9.728K,0.029757022857666016,0,3,0,0,41.68359375,41.54296875,0,0,0,0.0,0,28,400,training
1755005323.617721,10635,10635,0.041622161865234375,116.1875,0.08045578002929688,9.728K,0.028002262115478516,0,3,0,0,41.68359375,41.54296875,0,0,0,0.0,0,28,500,training
1755005323.677611,10635,10635,0.041622161865234375,116.1875,0.08045578002929688,9.728K,0.031523704528808594,0,3,0,0,41.68359375,41.54296875,0,0,0,0.0,0,28,600,training
1755005323.7373471,10635,10635,0.041622161865234375,116.1875,0.08045578002929688,9.728K,0.025196075439453125,0,3,0,0,41.68359375,41.54296875,0,0,0,0.0,0,28,700,training
1755005323.7970922,10635,10635,0.041622161865234375,116.1875,0.08045578002929688,9.728K,0.0333714485168457,0,3,0,0,41.68359375,41.54296875,0,0,0,0.0,0,28,800,training
1755005323.856593,10635,10635,0.041622161865234375,116.1875,0.08045578002929688,9.728K,0.028216838836669922,0,3,0,0,41.68359375,41.54296875,0,0,0,0.0,0,28,900,training
1755005323.917429,10635,10635,0.041622161865234375,116.1875,0.08045578002929688,9.728K,0.032858848571777344,0,3,0,0,41.68359375,41.54296875,0,0,0,0.0,0,28,1000,training
1755005323.974174,10635,10635,0.041622161865234375,115.65625,0.08045578002929688,9.728K,0.025856494903564453,0,3,0,0,41.68359375,41.54296875,0,0,0,0.0,0,28,1100,training
1755005324.0322912,10635,10635,0.041622161865234375,115.65625,0.08045578002929688,9.728K,0.027837753295898438,0,3,0,0,41.68359375,41.54296875,0,0,0,0.0,0,28,1200,training
1755005324.092319,10635,10635,0.041622161865234375,113.296875,0.08045578002929688,9.728K,0.027627944946289062,0,3,0,0,41.68359375,41.54296875,0,0,0,0.0,0,28,1300,training
1755005324.15346,10635,10635,0.041622161865234375,111.96875,0.08045578002929688,9.728K,0.02755880355834961,0,3,0,0,41.68359375,41.54296875,0,0,0,0.0,0,28,1400,training
1755005324.184768,10635,10635,0.041622161865234375,111.96875,0.08045578002929688,9.728K,0.03478527069091797,0,3,0,0,41.68359375,41.54296875,0,0,0,0.0,0,29,0,training
1755005324.2462451,10635,10635,0.041622161865234375,111.9375,0.08045578002929688,9.728K,0.03376007080078125,0,3,0,0,41.68359375,41.54296875,0,0,0,0.0,0,29,100,training
1755005324.301116,10635,10635,0.041622161865234375,111.9375,0.08045578002929688,9.728K,0.027425289154052734,0,3,0,0,41.68359375,41.54296875,0,0,0,0.0,0,29,200,training
1755005324.3547509,10635,10635,0.041622161865234375,111.9375,0.08045578002929688,9.728K,0.025377273559570312,0,3,0,0,41.68359375,41.54296875,0,0,0,0.0,0,29,300,training
1755005324.4038882,10635,10635,0.041622161865234375,111.9375,0.08045578002929688,9.728K,0.025277137756347656,0,3,0,0,41.68359375,41.54296875,0,0,0,0.0,0,29,400,training
1755005324.4538019,10635,10635,0.041622161865234375,111.9375,0.08045578002929688,9.728K,0.025506019592285156,0,3,0,0,41.68359375,41.54296875,0,0,0,0.0,0,29,500,training
1755005324.50796,10635,10635,0.041622161865234375,111.921875,0.08045578002929688,9.728K,0.025942325592041016,0,3,0,0,41.68359375,41.54296875,0,0,0,0.0,0,29,600,training
1755005324.56355,10635,10635,0.041622161865234375,111.921875,0.08045578002929688,9.728K,0.028066635131835938,0,3,0,0,41.68359375,41.54296875,0,0,0,0.0,0,29,700,training
1755005324.6185331,10635,10635,0.041622161865234375,111.921875,0.08045578002929688,9.728K,0.029532909393310547,0,3,0,0,41.68359375,41.54296875,0,0,0,0.0,0,29,800,training
1755005324.6754959,10635,10635,0.041622161865234375,111.921875,0.08045578002929688,9.728K,0.025815963745117188,0,3,0,0,41.68359375,41.54296875,0,0,0,0.0,0,29,900,training
1755005324.7297332,10635,10635,0.041622161865234375,108.375,0.08045578002929688,9.728K,0.030150413513183594,0,3,0,0,41.68359375,41.54296875,0,0,0,0.0,0,29,1000,training
1755005324.78164,10635,10635,0.041622161865234375,108.375,0.08045578002929688,9.728K,0.025951862335205078,0,3,0,0,41.68359375,41.54296875,0,0,0,0.0,0,29,1100,training
1755005324.835784,10635,10635,0.041622161865234375,108.375,0.08045578002929688,9.728K,0.028679370880126953,0,3,0,0,41.68359375,41.54296875,0,0,0,0.0,0,29,1200,training
1755005324.8894851,10635,10635,0.041622161865234375,108.375,0.08045578002929688,9.728K,0.025670528411865234,0,3,0,0,41.68359375,41.54296875,0,0,0,0.0,0,29,1300,training
1755005324.940353,10635,10635,0.041622161865234375,108.375,0.08045578002929688,9.728K,0.025408267974853516,0,3,0,0,41.68359375,41.54296875,0,0,0,0.0,0,29,1400,training
1755005324.967196,10635,10635,0.041622161865234375,108.375,0.08045578002929688,9.728K,0.02828836441040039,0,3,0,0,41.68359375,41.54296875,0,0,0,0.0,0,30,0,training
1755005325.0240252,10635,10635,0.041622161865234375,108.375,0.08045578002929688,9.728K,0.02610921859741211,0,3,0,0,41.68359375,41.54296875,0,0,0,0.0,0,30,100,training
1755005325.077109,10635,10635,0.041622161865234375,108.375,0.08045578002929688,9.728K,0.02672433853149414,0,3,0,0,41.68359375,41.54296875,0,0,0,0.0,0,30,200,training
1755005325.127178,10635,10635,0.041622161865234375,108.375,0.08045578002929688,9.728K,0.028049945831298828,0,3,0,0,41.68359375,41.54296875,0,0,0,0.0,0,30,300,training
1755005325.1836889,10635,10635,0.041622161865234375,108.375,0.08045578002929688,9.728K,0.025997161865234375,0,3,0,0,41.68359375,41.54296875,0,0,0,0.0,0,30,400,training
1755005325.23454,10635,10635,0.041622161865234375,108.375,0.08045578002929688,9.728K,0.02546072006225586,0,3,0,0,41.68359375,41.54296875,0,0,0,0.0,0,30,500,training
1755005325.285685,10635,10635,0.041622161865234375,108.375,0.08045578002929688,9.728K,0.025761127471923828,0,3,0,0,41.68359375,41.54296875,0,0,0,0.0,0,30,600,training
1755005325.340479,10635,10635,0.041622161865234375,101.453125,0.08045578002929688,9.728K,0.02603292465209961,0,3,0,0,41.68359375,41.54296875,0,0,0,0.0,0,30,700,training
1755005325.394636,10635,10635,0.041622161865234375,101.453125,0.08045578002929688,9.728K,0.029075145721435547,0,3,0,0,41.68359375,41.54296875,0,0,0,0.0,0,30,800,training
1755005325.448834,10635,10635,0.041622161865234375,101.453125,0.08045578002929688,9.728K,0.027747154235839844,0,3,0,0,41.68359375,41.54296875,0,0,0,0.0,0,30,900,training
1755005325.503372,10635,10635,0.041622161865234375,101.453125,0.08045578002929688,9.728K,0.025532245635986328,0,3,0,0,41.68359375,41.54296875,0,0,0,0.0,0,30,1000,training
1755005325.556285,10635,10635,0.041622161865234375,101.46875,0.08045578002929688,9.728K,0.025374889373779297,0,3,0,0,41.68359375,41.54296875,0,0,0,0.0,0,30,1100,training
1755005325.6069918,10635,10635,0.041622161865234375,101.46875,0.08045578002929688,9.728K,0.025625228881835938,0,3,0,0,41.68359375,41.54296875,0,0,0,0.0,0,30,1200,training
1755005325.6582882,10635,10635,0.041622161865234375,101.46875,0.08045578002929688,9.728K,0.02718210220336914,0,3,0,0,41.68359375,41.54296875,0,0,0,0.0,0,30,1300,training
1755005325.714666,10635,10635,0.041622161865234375,101.46875,0.08045578002929688,9.728K,0.026257038116455078,0,3,0,0,41.68359375,41.54296875,0,0,0,0.0,0,30,1400,training
1755005325.741524,10635,10635,0.041622161865234375,101.515625,0.08045578002929688,9.728K,0.025603771209716797,0,3,0,0,41.68359375,41.54296875,0,0,0,0.0,0,31,0,training
1755005325.797177,10635,10635,0.041622161865234375,101.515625,0.08045578002929688,9.728K,0.027935504913330078,0,3,0,0,41.68359375,41.54296875,0,0,0,0.0,0,31,100,training
1755005325.854317,10635,10635,0.041622161865234375,90.0625,0.08045578002929688,9.728K,0.02593517303466797,0,3,0,0,41.68359375,41.54296875,0,0,0,0.0,0,31,200,training
1755005325.9094741,10635,10635,0.041622161865234375,90.0625,0.08045578002929688,9.728K,0.026090145111083984,0,3,0,0,41.68359375,41.54296875,0,0,0,0.0,0,31,300,training
1755005325.9613109,10635,10635,0.041622161865234375,90.0625,0.08045578002929688,9.728K,0.030994415283203125,0,3,0,0,41.68359375,41.54296875,0,0,0,0.0,0,31,400,training
1755005326.012408,10635,10635,0.041622161865234375,90.0625,0.08045578002929688,9.728K,0.02917766571044922,0,3,0,0,41.68359375,41.54296875,0,0,0,0.0,0,31,500,training
1755005326.0627542,10635,10635,0.041622161865234375,90.078125,0.08045578002929688,9.728K,0.02959728240966797,0,3,0,0,41.68359375,41.54296875,0,0,0,0.0,0,31,600,training
1755005326.113857,10635,10635,0.041622161865234375,84.328125,0.08045578002929688,9.728K,0.028254985809326172,0,3,0,0,41.68359375,41.54296875,0,0,0,0.0,0,31,700,training
1755005326.167972,10635,10635,0.041622161865234375,84.328125,0.08045578002929688,9.728K,0.028607845306396484,0,3,0,0,41.68359375,41.54296875,0,0,0,0.0,0,31,800,training
1755005326.222829,10635,10635,0.041622161865234375,75.265625,0.08045578002929688,9.728K,0.027022361755371094,0,3,0,0,41.68359375,41.54296875,0,0,0,0.0,0,31,900,training
1755005326.275828,10635,10635,0.041622161865234375,75.265625,0.08045578002929688,9.728K,0.025441646575927734,0,3,0,0,41.68359375,41.54296875,0,0,0,0.0,0,31,1000,training
1755005326.3287702,10635,10635,0.041622161865234375,75.265625,0.08045578002929688,9.728K,0.03047943115234375,0,3,0,0,41.68359375,41.54296875,0,0,0,0.0,0,31,1100,training
1755005326.383054,10635,10635,0.041622161865234375,75.265625,0.08045578002929688,9.728K,0.027608871459960938,0,3,0,0,41.68359375,41.54296875,0,0,0,0.0,0,31,1200,training
1755005326.437054,10635,10635,0.041622161865234375,75.265625,0.08045578002929688,9.728K,0.028684139251708984,0,3,0,0,41.68359375,41.54296875,0,0,0,0.0,0,31,1300,training
1755005326.491673,10635,10635,0.041622161865234375,74.9375,0.08045578002929688,9.728K,0.028545856475830078,0,3,0,0,41.68359375,41.54296875,0,0,0,0.0,0,31,1400,training
1755005326.5216079,10635,10635,0.041622161865234375,74.9375,0.08045578002929688,9.728K,0.027530193328857422,0,3,0,0,41.68359375,41.54296875,0,0,0,0.0,0,32,0,training
1755005326.5791721,10635,10635,0.041622161865234375,74.953125,0.08045578002929688,9.728K,0.03517866134643555,0,3,0,0,41.68359375,41.54296875,0,0,0,0.0,0,32,100,training
1755005326.6337721,10635,10635,0.041622161865234375,74.953125,0.08045578002929688,9.728K,0.029137134552001953,0,3,0,0,41.68359375,41.54296875,0,0,0,0.0,0,32,200,training
1755005326.687708,10635,10635,0.041622161865234375,74.953125,0.08045578002929688,9.728K,0.02711772918701172,0,3,0,0,41.68359375,41.54296875,0,0,0,0.0,0,32,300,training
1755005326.742181,10635,10635,0.041622161865234375,74.6875,0.08045578002929688,9.728K,0.028598308563232422,0,3,0,0,41.68359375,41.54296875,0,0,0,0.0,0,32,400,training
1755005326.796082,10635,10635,0.041622161865234375,74.6875,0.08045578002929688,9.728K,0.03617286682128906,0,3,0,0,41.68359375,41.54296875,0,0,0,0.0,0,32,500,training
1755005326.8524318,10635,10635,0.041622161865234375,74.6875,0.08045578002929688,9.728K,0.028815269470214844,0,3,0,0,41.68359375,41.54296875,0,0,0,0.0,0,32,600,training
1755005326.90702,10635,10635,0.041622161865234375,74.6875,0.08045578002929688,9.728K,0.030362606048583984,0,3,0,0,41.68359375,41.54296875,0,0,0,0.0,0,32,700,training
1755005326.9693198,10635,10635,0.041622161865234375,74.640625,0.08045578002929688,9.728K,0.027866363525390625,0,3,0,0,41.68359375,41.54296875,0,0,0,0.0,0,32,800,training
1755005327.024252,10635,10635,0.041622161865234375,74.640625,0.08045578002929688,9.728K,0.029156208038330078,0,3,0,0,41.68359375,41.54296875,0,0,0,0.0,0,32,900,training
1755005327.082727,10635,10635,0.041622161865234375,74.5625,0.08045578002929688,9.728K,0.03202199935913086,0,3,0,0,41.68359375,41.54296875,0,0,0,0.0,0,32,1000,training
1755005327.15078,10635,10635,0.041622161865234375,74.53125,0.08045578002929688,9.728K,0.027439594268798828,0,3,0,0,41.68359375,41.54296875,0,0,0,0.0,0,32,1100,training
1755005327.205219,10635,10635,0.041622161865234375,74.53125,0.08045578002929688,9.728K,0.02897500991821289,0,3,0,0,41.68359375,41.54296875,0,0,0,0.0,0,32,1200,training
1755005327.2607338,10635,10635,0.041622161865234375,74.53125,0.08045578002929688,9.728K,0.0315403938293457,0,3,0,0,41.68359375,41.54296875,0,0,0,0.0,0,32,1300,training
1755005327.318893,10635,10635,0.041622161865234375,74.53125,0.08045578002929688,9.728K,0.027718544006347656,0,3,0,0,41.68359375,41.54296875,0,0,0,0.0,0,32,1400,training
1755005327.347299,10635,10635,0.041622161865234375,74.53125,0.08045578002929688,9.728K,0.037686824798583984,0,3,0,0,41.68359375,41.54296875,0,0,0,0.0,0,33,0,training
1755005327.4064589,10635,10635,0.041622161865234375,74.53125,0.08045578002929688,9.728K,0.02889394760131836,0,3,0,0,41.68359375,41.54296875,0,0,0,0.0,0,33,100,training
1755005327.467951,10635,10635,0.041622161865234375,74.546875,0.08045578002929688,9.728K,0.03259897232055664,0,3,0,0,41.68359375,41.54296875,0,0,0,0.0,0,33,200,training
1755005327.5246,10635,10635,0.041622161865234375,74.53125,0.08045578002929688,9.728K,0.02786397933959961,0,3,0,0,41.68359375,41.54296875,0,0,0,0.0,0,33,300,training
1755005327.580249,10635,10635,0.041622161865234375,74.53125,0.08045578002929688,9.728K,0.035097599029541016,0,3,0,0,41.68359375,41.54296875,0,0,0,0.0,0,33,400,training
1755005327.6354702,10635,10635,0.041622161865234375,74.59375,0.08045578002929688,9.728K,0.027713775634765625,0,3,0,0,41.68359375,41.54296875,0,0,0,0.0,0,33,500,training
1755005327.6893399,10635,10635,0.041622161865234375,74.59375,0.08045578002929688,9.728K,0.027360916137695312,0,3,0,0,41.68359375,41.54296875,0,0,0,0.0,0,33,600,training
1755005327.7448509,10635,10635,0.041622161865234375,74.59375,0.08045578002929688,9.728K,0.034165382385253906,0,3,0,0,41.68359375,41.54296875,0,0,0,0.0,0,33,700,training
1755005327.807914,10635,10635,0.041622161865234375,74.59375,0.08045578002929688,9.728K,0.030663013458251953,0,3,0,0,41.68359375,41.54296875,0,0,0,0.0,0,33,800,training
1755005327.8727438,10635,10635,0.041622161865234375,74.59375,0.08045578002929688,9.728K,0.02851247787475586,0,3,0,0,41.68359375,41.54296875,0,0,0,0.0,0,33,900,training
1755005327.9326851,10635,10635,0.041622161865234375,74.59375,0.08045578002929688,9.728K,0.029652118682861328,0,3,0,0,41.68359375,41.54296875,0,0,0,0.0,0,33,1000,training
1755005327.987562,10635,10635,0.041622161865234375,74.59375,0.08045578002929688,9.728K,0.027360916137695312,0,3,0,0,41.68359375,41.54296875,0,0,0,0.0,0,33,1100,training
1755005328.040832,10635,10635,0.041622161865234375,74.609375,0.08045578002929688,9.728K,0.027642250061035156,0,3,0,0,41.68359375,41.54296875,0,0,0,0.0,0,33,1200,training
1755005328.0951219,10635,10635,0.041622161865234375,74.609375,0.08045578002929688,9.728K,0.0355982780456543,0,3,0,0,41.68359375,41.54296875,0,0,0,0.0,0,33,1300,training
1755005328.148631,10635,10635,0.041622161865234375,74.609375,0.08045578002929688,9.728K,0.02884387969970703,0,3,0,0,41.68359375,41.54296875,0,0,0,0.0,0,33,1400,training
1755005328.1760519,10635,10635,0.041622161865234375,74.609375,0.08045578002929688,9.728K,0.027713775634765625,0,3,0,0,41.68359375,41.54296875,0,0,0,0.0,0,34,0,training
1755005328.230804,10635,10635,0.041622161865234375,74.609375,0.08045578002929688,9.728K,0.029437541961669922,0,3,0,0,41.68359375,41.54296875,0,0,0,0.0,0,34,100,training
1755005328.285109,10635,10635,0.041622161865234375,74.609375,0.08045578002929688,9.728K,0.029211044311523438,0,3,0,0,41.68359375,41.54296875,0,0,0,0.0,0,34,200,training
1755005328.340093,10635,10635,0.041622161865234375,74.609375,0.08045578002929688,9.728K,0.028884410858154297,0,3,0,0,41.68359375,41.54296875,0,0,0,0.0,0,34,300,training
1755005328.3950899,10635,10635,0.041622161865234375,74.609375,0.08045578002929688,9.728K,0.03584861755371094,0,3,0,0,41.68359375,41.54296875,0,0,0,0.0,0,34,400,training
1755005328.4497979,10635,10635,0.041622161865234375,74.609375,0.08045578002929688,9.728K,0.027515888214111328,0,3,0,0,41.68359375,41.54296875,0,0,0,0.0,0,34,500,training
1755005328.503307,10635,10635,0.041622161865234375,74.609375,0.08045578002929688,9.728K,0.02750873565673828,0,3,0,0,41.68359375,41.54296875,0,0,0,0.0,0,34,600,training
1755005328.55672,10635,10635,0.041622161865234375,74.609375,0.08045578002929688,9.728K,0.027649402618408203,0,3,0,0,41.68359375,41.54296875,0,0,0,0.0,0,34,700,training
1755005328.6181061,10635,10635,0.041622161865234375,74.640625,0.08045578002929688,9.728K,0.03481864929199219,0,3,0,0,41.68359375,41.54296875,0,0,0,0.0,0,34,800,training
1755005328.674935,10635,10635,0.041622161865234375,74.640625,0.08045578002929688,9.728K,0.028600692749023438,0,3,0,0,41.68359375,41.54296875,0,0,0,0.0,0,34,900,training
1755005328.740403,10635,10635,0.041622161865234375,74.640625,0.08045578002929688,9.728K,0.02942800521850586,0,3,0,0,41.68359375,41.54296875,0,0,0,0.0,0,34,1000,training
1755005328.805722,10635,10635,0.041622161865234375,74.65625,0.08045578002929688,9.728K,0.03448009490966797,0,3,0,0,41.68359375,41.54296875,0,0,0,0.0,0,34,1100,training
1755005328.86542,10635,10635,0.041622161865234375,74.65625,0.08045578002929688,9.728K,0.028066635131835938,0,3,0,0,41.68359375,41.54296875,0,0,0,0.0,0,34,1200,training
1755005328.9283452,10635,10635,0.041622161865234375,74.65625,0.08045578002929688,9.728K,0.03422975540161133,0,3,0,0,41.68359375,41.54296875,0,0,0,0.0,0,34,1300,training
1755005328.988053,10635,10635,0.041622161865234375,74.703125,0.08045578002929688,9.728K,0.028562545776367188,0,3,0,0,41.68359375,41.54296875,0,0,0,0.0,0,34,1400,training
1755005329.0173912,10635,10635,0.041622161865234375,74.703125,0.08045578002929688,9.728K,0.027618408203125,0,3,0,0,41.68359375,41.54296875,0,0,0,0.0,0,35,0,training
1755005329.069963,10635,10635,0.041622161865234375,74.703125,0.08045578002929688,9.728K,0.027873516082763672,0,3,0,0,41.68359375,41.54296875,0,0,0,0.0,0,35,100,training
1755005329.1290271,10635,10635,0.041622161865234375,74.703125,0.08045578002929688,9.728K,0.029387474060058594,0,3,0,0,41.68359375,41.54296875,0,0,0,0.0,0,35,200,training
1755005329.1818082,10635,10635,0.041622161865234375,74.703125,0.08045578002929688,9.728K,0.02646923065185547,0,3,0,0,41.68359375,41.54296875,0,0,0,0.0,0,35,300,training
1755005329.2316658,10635,10635,0.041622161865234375,74.71875,0.08045578002929688,9.728K,0.02660989761352539,0,3,0,0,41.68359375,41.54296875,0,0,0,0.0,0,35,400,training
1755005329.2813098,10635,10635,0.041622161865234375,74.71875,0.08045578002929688,9.728K,0.02656698226928711,0,3,0,0,41.68359375,41.54296875,0,0,0,0.0,0,35,500,training
1755005329.3314428,10635,10635,0.041622161865234375,74.71875,0.08045578002929688,9.728K,0.026371479034423828,0,3,0,0,41.68359375,41.54296875,0,0,0,0.0,0,35,600,training
1755005329.386017,10635,10635,0.041622161865234375,74.75,0.08045578002929688,9.728K,0.025947093963623047,0,3,0,0,41.68359375,41.54296875,0,0,0,0.0,0,35,700,training
1755005329.439811,10635,10635,0.041622161865234375,74.765625,0.08045578002929688,9.728K,0.025594234466552734,0,3,0,0,41.68359375,41.54296875,0,0,0,0.0,0,35,800,training
1755005329.4951448,10635,10635,0.041622161865234375,74.765625,0.08045578002929688,9.728K,0.030257701873779297,0,3,0,0,41.68359375,41.54296875,0,0,0,0.0,0,35,900,training
1755005329.556881,10635,10635,0.041622161865234375,74.765625,0.08045578002929688,9.728K,0.03420114517211914,0,3,0,0,41.68359375,41.54296875,0,0,0,0.0,0,35,1000,training
1755005329.6195772,10635,10635,0.041622161865234375,74.84375,0.08045578002929688,9.728K,0.029802322387695312,0,3,0,0,41.68359375,41.54296875,0,0,0,0.0,0,35,1100,training
1755005329.67237,10635,10635,0.041622161865234375,74.859375,0.08045578002929688,9.728K,0.025725364685058594,0,3,0,0,41.68359375,41.54296875,0,0,0,0.0,0,35,1200,training
1755005329.723147,10635,10635,0.041622161865234375,74.875,0.08045578002929688,9.728K,0.025670528411865234,0,3,0,0,41.68359375,41.54296875,0,0,0,0.0,0,35,1300,training
1755005329.775056,10635,10635,0.041622161865234375,74.859375,0.08045578002929688,9.728K,0.02599477767944336,0,3,0,0,41.68359375,41.54296875,0,0,0,0.0,0,35,1400,training
1755005329.804679,10635,10635,0.041622161865234375,74.859375,0.08045578002929688,9.728K,0.02624034881591797,0,3,0,0,41.68359375,41.54296875,0,0,0,0.0,0,36,0,training
1755005329.8575811,10635,10635,0.041622161865234375,74.859375,0.08045578002929688,9.728K,0.027828216552734375,0,3,0,0,41.68359375,41.54296875,0,0,0,0.0,0,36,100,training
1755005329.907779,10635,10635,0.041622161865234375,74.859375,0.08045578002929688,9.728K,0.02526998519897461,0,3,0,0,41.68359375,41.54296875,0,0,0,0.0,0,36,200,training
1755005329.9582798,10635,10635,0.041622161865234375,74.859375,0.08045578002929688,9.728K,0.025277137756347656,0,3,0,0,41.68359375,41.54296875,0,0,0,0.0,0,36,300,training
1755005330.0093691,10635,10635,0.041622161865234375,74.859375,0.08045578002929688,9.728K,0.025234222412109375,0,3,0,0,41.68359375,41.54296875,0,0,0,0.0,0,36,400,training
1755005330.06336,10635,10635,0.041622161865234375,74.859375,0.08045578002929688,9.728K,0.027720928192138672,0,3,0,0,41.68359375,41.54296875,0,0,0,0.0,0,36,500,training
1755005330.11709,10635,10635,0.041622161865234375,74.859375,0.08045578002929688,9.728K,0.029227733612060547,0,3,0,0,41.68359375,41.54296875,0,0,0,0.0,0,36,600,training
1755005330.167825,10635,10635,0.041622161865234375,74.859375,0.08045578002929688,9.728K,0.025315284729003906,0,3,0,0,41.68359375,41.54296875,0,0,0,0.0,0,36,700,training
1755005330.218658,10635,10635,0.041622161865234375,74.859375,0.08045578002929688,9.728K,0.027835369110107422,0,3,0,0,41.68359375,41.54296875,0,0,0,0.0,0,36,800,training
1755005330.2712488,10635,10635,0.041622161865234375,74.46875,0.08045578002929688,9.728K,0.024983882904052734,0,3,0,0,41.68359375,41.54296875,0,0,0,0.0,0,36,900,training
1755005330.323085,10635,10635,0.041622161865234375,74.46875,0.08045578002929688,9.728K,0.025348663330078125,0,3,0,0,41.68359375,41.54296875,0,0,0,0.0,0,36,1000,training
1755005330.378786,10635,10635,0.041622161865234375,74.46875,0.08045578002929688,9.728K,0.03113269805908203,0,3,0,0,41.68359375,41.54296875,0,0,0,0.0,0,36,1100,training
1755005330.428035,10635,10635,0.041622161865234375,74.46875,0.08045578002929688,9.728K,0.03009319305419922,0,3,0,0,41.68359375,41.54296875,0,0,0,0.0,0,36,1200,training
1755005330.476885,10635,10635,0.041622161865234375,74.46875,0.08045578002929688,9.728K,0.026187896728515625,0,3,0,0,41.68359375,41.54296875,0,0,0,0.0,0,36,1300,training
1755005330.5254111,10635,10635,0.041622161865234375,74.46875,0.08045578002929688,9.728K,0.025146007537841797,0,3,0,0,41.68359375,41.54296875,0,0,0,0.0,0,36,1400,training
1755005330.550248,10635,10635,0.041622161865234375,74.46875,0.08045578002929688,9.728K,0.025713443756103516,0,3,0,0,41.68359375,41.54296875,0,0,0,0.0,0,37,0,training
1755005330.600422,10635,10635,0.041622161865234375,74.5,0.08045578002929688,9.728K,0.025608539581298828,0,3,0,0,41.68359375,41.54296875,0,0,0,0.0,0,37,100,training
1755005330.6522272,10635,10635,0.041622161865234375,74.46875,0.08045578002929688,9.728K,0.0275421142578125,0,3,0,0,41.68359375,41.54296875,0,0,0,0.0,0,37,200,training
1755005330.70709,10635,10635,0.041622161865234375,74.484375,0.08045578002929688,9.728K,0.027921199798583984,0,3,0,0,41.68359375,41.54296875,0,0,0,0.0,0,37,300,training
1755005330.758017,10635,10635,0.041622161865234375,74.484375,0.08045578002929688,9.728K,0.02790689468383789,0,3,0,0,41.68359375,41.54296875,0,0,0,0.0,0,37,400,training
1755005330.811389,10635,10635,0.041622161865234375,74.484375,0.08045578002929688,9.728K,0.031101703643798828,0,3,0,0,41.68359375,41.54296875,0,0,0,0.0,0,37,500,training
1755005330.8634071,10635,10635,0.041622161865234375,74.484375,0.08045578002929688,9.728K,0.034003257751464844,0,3,0,0,41.68359375,41.54296875,0,0,0,0.0,0,37,600,training
1755005330.9155781,10635,10635,0.041622161865234375,74.484375,0.08045578002929688,9.728K,0.028696060180664062,0,3,0,0,41.68359375,41.54296875,0,0,0,0.0,0,37,700,training
1755005330.970345,10635,10635,0.041622161865234375,74.484375,0.08045578002929688,9.728K,0.028290748596191406,0,3,0,0,41.68359375,41.54296875,0,0,0,0.0,0,37,800,training
1755005331.0277572,10635,10635,0.041622161865234375,74.25,0.08045578002929688,9.728K,0.030918121337890625,0,3,0,0,41.68359375,41.54296875,0,0,0,0.0,0,37,900,training
1755005331.0841742,10635,10635,0.041622161865234375,74.25,0.08045578002929688,9.728K,0.03295421600341797,0,3,0,0,41.68359375,41.54296875,0,0,0,0.0,0,37,1000,training
1755005331.139404,10635,10635,0.041622161865234375,74.25,0.08045578002929688,9.728K,0.028574466705322266,0,3,0,0,41.68359375,41.54296875,0,0,0,0.0,0,37,1100,training
1755005331.1927412,10635,10635,0.041622161865234375,74.25,0.08045578002929688,9.728K,0.02783060073852539,0,3,0,0,41.68359375,41.54296875,0,0,0,0.0,0,37,1200,training
1755005331.248578,10635,10635,0.041622161865234375,74.15625,0.08045578002929688,9.728K,0.027582645416259766,0,3,0,0,41.68359375,41.54296875,0,0,0,0.0,0,37,1300,training
1755005331.308984,10635,10635,0.041622161865234375,74.15625,0.08045578002929688,9.728K,0.02839803695678711,0,3,0,0,41.68359375,41.54296875,0,0,0,0.0,0,37,1400,training
1755005331.3397918,10635,10635,0.041622161865234375,74.546875,0.08045578002929688,9.728K,0.029478073120117188,0,3,0,0,41.68359375,41.54296875,0,0,0,0.0,0,38,0,training
1755005331.402518,10635,10635,0.041622161865234375,74.546875,0.08045578002929688,9.728K,0.029838085174560547,0,3,0,0,41.68359375,41.54296875,0,0,0,0.0,0,38,100,training
1755005331.4622731,10635,10635,0.041622161865234375,74.390625,0.08045578002929688,9.728K,0.036962032318115234,0,3,0,0,41.68359375,41.54296875,0,0,0,0.0,0,38,200,training
1755005331.52151,10635,10635,0.041622161865234375,74.375,0.08045578002929688,9.728K,0.027644634246826172,0,3,0,0,41.68359375,41.54296875,0,0,0,0.0,0,38,300,training
1755005331.580418,10635,10635,0.041622161865234375,74.375,0.08045578002929688,9.728K,0.027947425842285156,0,3,0,0,41.68359375,41.54296875,0,0,0,0.0,0,38,400,training
1755005331.634827,10635,10635,0.041622161865234375,74.390625,0.08045578002929688,9.728K,0.027594566345214844,0,3,0,0,41.68359375,41.54296875,0,0,0,0.0,0,38,500,training
1755005331.684712,10635,10635,0.041622161865234375,74.390625,0.08045578002929688,9.728K,0.02578258514404297,0,3,0,0,41.68359375,41.54296875,0,0,0,0.0,0,38,600,training
1755005331.738285,10635,10635,0.041622161865234375,74.390625,0.08045578002929688,9.728K,0.028192996978759766,0,3,0,0,41.68359375,41.54296875,0,0,0,0.0,0,38,700,training
1755005331.8014479,10635,10635,0.041622161865234375,74.359375,0.08045578002929688,9.728K,0.029366016387939453,0,3,0,0,41.68359375,41.54296875,0,0,0,0.0,0,38,800,training
1755005331.9841018,10635,10635,0.041622161865234375,73.953125,0.08045578002929688,9.728K,0.08866310119628906,0,3,0,0,41.68359375,41.54296875,0,0,0,0.0,0,38,900,training
1755005332.194987,10635,10635,0.041622161865234375,61.5625,0.08045578002929688,9.728K,0.036597251892089844,0,3,0,0,41.68359375,41.54296875,0,0,0,0.0,0,38,1000,training
1755005332.289383,10635,10635,0.041622161865234375,61.578125,0.08045578002929688,9.728K,0.028254985809326172,0,3,0,0,41.68359375,41.54296875,0,0,0,0.0,0,38,1100,training
1755005332.3590488,10635,10635,0.041622161865234375,61.578125,0.08045578002929688,9.728K,0.02870321273803711,0,3,0,0,41.68359375,41.54296875,0,0,0,0.0,0,38,1200,training
1755005332.443607,10635,10635,0.041622161865234375,61.390625,0.08045578002929688,9.728K,0.029442310333251953,0,3,0,0,41.68359375,41.54296875,0,0,0,0.0,0,38,1300,training
1755005332.512821,10635,10635,0.041622161865234375,61.421875,0.08045578002929688,9.728K,0.03404855728149414,0,3,0,0,41.68359375,41.54296875,0,0,0,0.0,0,38,1400,training
1755005332.554919,10635,10635,0.041622161865234375,62.1875,0.08045578002929688,9.728K,0.033245086669921875,0,3,0,0,41.68359375,41.54296875,0,0,0,0.0,0,39,0,training
1755005332.638814,10635,10635,0.041622161865234375,62.1875,0.08045578002929688,9.728K,0.029387474060058594,0,3,0,0,41.68359375,41.54296875,0,0,0,0.0,0,39,100,training
1755005332.715192,10635,10635,0.041622161865234375,62.1875,0.08045578002929688,9.728K,0.029802322387695312,0,3,0,0,41.68359375,41.54296875,0,0,0,0.0,0,39,200,training
1755005332.792515,10635,10635,0.041622161865234375,62.234375,0.08045578002929688,9.728K,0.02750873565673828,0,3,0,0,41.68359375,41.54296875,0,0,0,0.0,0,39,300,training
1755005332.871247,10635,10635,0.041622161865234375,62.234375,0.08045578002929688,9.728K,0.027797222137451172,0,3,0,0,41.68359375,41.54296875,0,0,0,0.0,0,39,400,training
1755005332.946212,10635,10635,0.041622161865234375,62.234375,0.08045578002929688,9.728K,0.036542415618896484,0,3,0,0,41.68359375,41.54296875,0,0,0,0.0,0,39,500,training
1755005333.342494,10635,10635,0.041622161865234375,49.6875,0.08045578002929688,9.728K,0.02808094024658203,0,3,0,0,41.68359375,41.54296875,0,0,0,0.0,0,39,600,training
1755005333.46684,10635,10635,0.041622161865234375,54.15625,0.08045578002929688,9.728K,0.05911827087402344,0,3,0,0,41.68359375,41.54296875,0,0,0,0.0,0,39,700,training
1755005333.707564,10635,10635,0.041622161865234375,54.703125,0.08045578002929688,9.728K,0.051360130310058594,0,3,0,0,41.68359375,41.54296875,0,0,0,0.0,0,39,800,training
1755005333.849962,10635,10635,0.041622161865234375,54.96875,0.08045578002929688,9.728K,0.032579898834228516,0,3,0,0,41.68359375,41.54296875,0,0,0,0.0,0,39,900,training
1755005333.920047,10635,10635,0.041622161865234375,55.296875,0.08045578002929688,9.728K,0.027210712432861328,0,3,0,0,41.68359375,41.54296875,0,0,0,0.0,0,39,1000,training
1755005333.990593,10635,10635,0.041622161865234375,53.109375,0.08045578002929688,9.728K,0.029838085174560547,0,3,0,0,41.68359375,41.54296875,0,0,0,0.0,0,39,1100,training
1755005334.070473,10635,10635,0.041622161865234375,53.53125,0.08045578002929688,9.728K,0.028655529022216797,0,3,0,0,41.68359375,41.54296875,0,0,0,0.0,0,39,1200,training
1755005334.1265411,10635,10635,0.041622161865234375,53.828125,0.08045578002929688,9.728K,0.03754854202270508,0,3,0,0,41.68359375,41.54296875,0,0,0,0.0,0,39,1300,training
1755005334.2030149,10635,10635,0.041622161865234375,53.9375,0.08045578002929688,9.728K,0.0334930419921875,0,3,0,0,41.68359375,41.54296875,0,0,0,0.0,0,39,1400,training
1755005334.2420979,10635,10635,0.041622161865234375,57.328125,0.08045578002929688,9.728K,0.02813577651977539,0,3,0,0,41.68359375,41.54296875,0,0,0,0.0,0,40,0,training
1755005334.3104289,10635,10635,0.041622161865234375,57.46875,0.08045578002929688,9.728K,0.03456592559814453,0,3,0,0,41.68359375,41.54296875,0,0,0,0.0,0,40,100,training
1755005334.385888,10635,10635,0.041622161865234375,57.5625,0.08045578002929688,9.728K,0.031964778900146484,0,3,0,0,41.68359375,41.54296875,0,0,0,0.0,0,40,200,training
1755005334.4514802,10635,10635,0.041622161865234375,57.78125,0.08045578002929688,9.728K,0.032019615173339844,0,3,0,0,41.68359375,41.54296875,0,0,0,0.0,0,40,300,training
1755005334.5220559,10635,10635,0.041622161865234375,57.90625,0.08045578002929688,9.728K,0.027513504028320312,0,3,0,0,41.68359375,41.54296875,0,0,0,0.0,0,40,400,training
1755005334.579502,10635,10635,0.041622161865234375,57.984375,0.08045578002929688,9.728K,0.03654956817626953,0,3,0,0,41.68359375,41.54296875,0,0,0,0.0,0,40,500,training
1755005334.646533,10635,10635,0.041622161865234375,58.15625,0.08045578002929688,9.728K,0.03986835479736328,0,3,0,0,41.68359375,41.54296875,0,0,0,0.0,0,40,600,training
1755005334.7126698,10635,10635,0.041622161865234375,58.1875,0.08045578002929688,9.728K,0.03432035446166992,0,3,0,0,41.68359375,41.54296875,0,0,0,0.0,0,40,700,training
1755005334.776094,10635,10635,0.041622161865234375,58.265625,0.08045578002929688,9.728K,0.028269290924072266,0,3,0,0,41.68359375,41.54296875,0,0,0,0.0,0,40,800,training
1755005334.845099,10635,10635,0.041622161865234375,58.34375,0.08045578002929688,9.728K,0.03176689147949219,0,3,0,0,41.68359375,41.54296875,0,0,0,0.0,0,40,900,training
1755005334.903999,10635,10635,0.041622161865234375,58.421875,0.08045578002929688,9.728K,0.027530193328857422,0,3,0,0,41.68359375,41.54296875,0,0,0,0.0,0,40,1000,training
1755005334.985985,10635,10635,0.041622161865234375,58.578125,0.08045578002929688,9.728K,0.029866695404052734,0,3,0,0,41.68359375,41.54296875,0,0,0,0.0,0,40,1100,training
1755005335.220991,10635,10635,0.041622161865234375,58.71875,0.08045578002929688,9.728K,0.030145645141601562,0,3,0,0,41.68359375,41.54296875,0,0,0,0.0,0,40,1200,training
1755005335.397295,10635,10635,0.041622161865234375,58.8125,0.08045578002929688,9.728K,0.05434989929199219,0,3,0,0,41.68359375,41.54296875,0,0,0,0.0,0,40,1300,training
1755005335.586693,10635,10635,0.041622161865234375,58.71875,0.08045578002929688,9.728K,0.04830360412597656,0,3,0,0,41.68359375,41.54296875,0,0,0,0.0,0,40,1400,training
1755005335.7110488,10635,10635,0.041622161865234375,59.171875,0.08045578002929688,9.728K,0.07269859313964844,0,3,0,0,41.68359375,41.54296875,0,0,0,0.0,0,41,0,training
1755005335.824182,10635,10635,0.041622161865234375,59.265625,0.08045578002929688,9.728K,0.030982494354248047,0,3,0,0,41.68359375,41.54296875,0,0,0,0.0,0,41,100,training
1755005335.901004,10635,10635,0.041622161865234375,59.328125,0.08045578002929688,9.728K,0.03146171569824219,0,3,0,0,41.68359375,41.54296875,0,0,0,0.0,0,41,200,training
1755005335.977789,10635,10635,0.041622161865234375,59.375,0.08045578002929688,9.728K,0.034563541412353516,0,3,0,0,41.68359375,41.54296875,0,0,0,0.0,0,41,300,training
1755005336.043875,10635,10635,0.041622161865234375,59.421875,0.08045578002929688,9.728K,0.03434181213378906,0,3,0,0,41.68359375,41.54296875,0,0,0,0.0,0,41,400,training
1755005336.1202502,10635,10635,0.041622161865234375,59.421875,0.08045578002929688,9.728K,0.028510093688964844,0,3,0,0,41.68359375,41.54296875,0,0,0,0.0,0,41,500,training
1755005336.202858,10635,10635,0.041622161865234375,59.421875,0.08045578002929688,9.728K,0.0315546989440918,0,3,0,0,41.68359375,41.54296875,0,0,0,0.0,0,41,600,training
1755005336.281307,10635,10635,0.041622161865234375,59.453125,0.08045578002929688,9.728K,0.028405189514160156,0,3,0,0,41.68359375,41.54296875,0,0,0,0.0,0,41,700,training
1755005336.3499599,10635,10635,0.041622161865234375,59.484375,0.08045578002929688,9.728K,0.02877950668334961,0,3,0,0,41.68359375,41.54296875,0,0,0,0.0,0,41,800,training
1755005336.41199,10635,10635,0.041622161865234375,59.53125,0.08045578002929688,9.728K,0.033659934997558594,0,3,0,0,41.68359375,41.54296875,0,0,0,0.0,0,41,900,training
1755005336.4740748,10635,10635,0.041622161865234375,59.515625,0.08045578002929688,9.728K,0.03329038619995117,0,3,0,0,41.68359375,41.54296875,0,0,0,0.0,0,41,1000,training
1755005336.566284,10635,10635,0.041622161865234375,59.515625,0.08045578002929688,9.728K,0.029582977294921875,0,3,0,0,41.68359375,41.54296875,0,0,0,0.0,0,41,1100,training
1755005336.652607,10635,10635,0.041622161865234375,59.5625,0.08045578002929688,9.728K,0.034220218658447266,0,3,0,0,41.68359375,41.54296875,0,0,0,0.0,0,41,1200,training
1755005336.722427,10635,10635,0.041622161865234375,59.625,0.08045578002929688,9.728K,0.040073394775390625,0,3,0,0,41.68359375,41.54296875,0,0,0,0.0,0,41,1300,training
1755005336.794688,10635,10635,0.041622161865234375,59.625,0.08045578002929688,9.728K,0.03692150115966797,0,3,0,0,41.68359375,41.54296875,0,0,0,0.0,0,41,1400,training
1755005336.8367062,10635,10635,0.041622161865234375,59.953125,0.08045578002929688,9.728K,0.03200054168701172,0,3,0,0,41.68359375,41.54296875,0,0,0,0.0,0,42,0,training
1755005336.9242969,10635,10635,0.041622161865234375,59.984375,0.08045578002929688,9.728K,0.030202865600585938,0,3,0,0,41.68359375,41.54296875,0,0,0,0.0,0,42,100,training
1755005336.997568,10635,10635,0.041622161865234375,60.03125,0.08045578002929688,9.728K,0.028226375579833984,0,3,0,0,41.68359375,41.54296875,0,0,0,0.0,0,42,200,training
1755005337.069911,10635,10635,0.041622161865234375,60.03125,0.08045578002929688,9.728K,0.025434494018554688,0,3,0,0,41.68359375,41.54296875,0,0,0,0.0,0,42,300,training
1755005337.125358,10635,10635,0.041622161865234375,60.046875,0.08045578002929688,9.728K,0.026142597198486328,0,3,0,0,41.68359375,41.54296875,0,0,0,0.0,0,42,400,training
1755005337.174619,10635,10635,0.041622161865234375,60.0625,0.08045578002929688,9.728K,0.025382041931152344,0,3,0,0,41.68359375,41.54296875,0,0,0,0.0,0,42,500,training
1755005337.223948,10635,10635,0.041622161865234375,60.0625,0.08045578002929688,9.728K,0.02529144287109375,0,3,0,0,41.68359375,41.54296875,0,0,0,0.0,0,42,600,training
1755005337.27404,10635,10635,0.041622161865234375,60.09375,0.08045578002929688,9.728K,0.025892257690429688,0,3,0,0,41.68359375,41.54296875,0,0,0,0.0,0,42,700,training
1755005337.323282,10635,10635,0.041622161865234375,60.125,0.08045578002929688,9.728K,0.026264190673828125,0,3,0,0,41.68359375,41.54296875,0,0,0,0.0,0,42,800,training
1755005337.379981,10635,10635,0.041622161865234375,60.140625,0.08045578002929688,9.728K,0.029020309448242188,0,3,0,0,41.68359375,41.54296875,0,0,0,0.0,0,42,900,training
1755005337.4355252,10635,10635,0.041622161865234375,60.15625,0.08045578002929688,9.728K,0.025725364685058594,0,3,0,0,41.68359375,41.54296875,0,0,0,0.0,0,42,1000,training
1755005337.487912,10635,10635,0.041622161865234375,60.1875,0.08045578002929688,9.728K,0.025942325592041016,0,3,0,0,41.68359375,41.54296875,0,0,0,0.0,0,42,1100,training
1755005337.538802,10635,10635,0.041622161865234375,60.25,0.08045578002929688,9.728K,0.027930736541748047,0,3,0,0,41.68359375,41.54296875,0,0,0,0.0,0,42,1200,training
1755005337.591512,10635,10635,0.041622161865234375,60.25,0.08045578002929688,9.728K,0.025737285614013672,0,3,0,0,41.68359375,41.54296875,0,0,0,0.0,0,42,1300,training
1755005337.641705,10635,10635,0.041622161865234375,60.265625,0.08045578002929688,9.728K,0.02902507781982422,0,3,0,0,41.68359375,41.54296875,0,0,0,0.0,0,42,1400,training
1755005337.6694021,10635,10635,0.041622161865234375,61.03125,0.08045578002929688,9.728K,0.02771139144897461,0,3,0,0,41.68359375,41.54296875,0,0,0,0.0,0,43,0,training
1755005337.728957,10635,10635,0.041622161865234375,61.03125,0.08045578002929688,9.728K,0.03249168395996094,0,3,0,0,41.68359375,41.54296875,0,0,0,0.0,0,43,100,training
1755005337.7857752,10635,10635,0.041622161865234375,61.03125,0.08045578002929688,9.728K,0.02775430679321289,0,3,0,0,41.68359375,41.54296875,0,0,0,0.0,0,43,200,training
1755005337.839083,10635,10635,0.041622161865234375,61.09375,0.08045578002929688,9.728K,0.026454925537109375,0,3,0,0,41.68359375,41.54296875,0,0,0,0.0,0,43,300,training
1755005337.892042,10635,10635,0.041622161865234375,61.109375,0.08045578002929688,9.728K,0.026078224182128906,0,3,0,0,41.68359375,41.54296875,0,0,0,0.0,0,43,400,training
1755005337.9467552,10635,10635,0.041622161865234375,61.109375,0.08045578002929688,9.728K,0.027914047241210938,0,3,0,0,41.68359375,41.54296875,0,0,0,0.0,0,43,500,training
1755005337.999138,10635,10635,0.041622161865234375,61.125,0.08045578002929688,9.728K,0.02594470977783203,0,3,0,0,41.68359375,41.54296875,0,0,0,0.0,0,43,600,training
1755005338.0476081,10635,10635,0.041622161865234375,61.15625,0.08045578002929688,9.728K,0.025441646575927734,0,3,0,0,41.68359375,41.54296875,0,0,0,0.0,0,43,700,training
1755005338.096055,10635,10635,0.041622161865234375,61.15625,0.08045578002929688,9.728K,0.025610923767089844,0,3,0,0,41.68359375,41.54296875,0,0,0,0.0,0,43,800,training
1755005338.1451972,10635,10635,0.041622161865234375,61.171875,0.08045578002929688,9.728K,0.028870105743408203,0,3,0,0,41.68359375,41.54296875,0,0,0,0.0,0,43,900,training
1755005338.196395,10635,10635,0.041622161865234375,61.171875,0.08045578002929688,9.728K,0.036797523498535156,0,3,0,0,41.68359375,41.54296875,0,0,0,0.0,0,43,1000,training
1755005338.247183,10635,10635,0.041622161865234375,61.1875,0.08045578002929688,9.728K,0.02567291259765625,0,3,0,0,41.68359375,41.54296875,0,0,0,0.0,0,43,1100,training
1755005338.295976,10635,10635,0.041622161865234375,61.203125,0.08045578002929688,9.728K,0.028710365295410156,0,3,0,0,41.68359375,41.54296875,0,0,0,0.0,0,43,1200,training
1755005338.345247,10635,10635,0.041622161865234375,61.21875,0.08045578002929688,9.728K,0.02878427505493164,0,3,0,0,41.68359375,41.54296875,0,0,0,0.0,0,43,1300,training
1755005338.394656,10635,10635,0.041622161865234375,61.234375,0.08045578002929688,9.728K,0.028259754180908203,0,3,0,0,41.68359375,41.54296875,0,0,0,0.0,0,43,1400,training
1755005338.420233,10635,10635,0.041622161865234375,61.609375,0.08045578002929688,9.728K,0.0254058837890625,0,3,0,0,41.68359375,41.54296875,0,0,0,0.0,0,44,0,training
1755005338.469907,10635,10635,0.041622161865234375,61.625,0.08045578002929688,9.728K,0.025436878204345703,0,3,0,0,41.68359375,41.54296875,0,0,0,0.0,0,44,100,training
1755005338.5183759,10635,10635,0.041622161865234375,61.625,0.08045578002929688,9.728K,0.02526998519897461,0,3,0,0,41.68359375,41.54296875,0,0,0,0.0,0,44,200,training
1755005338.566904,10635,10635,0.041622161865234375,61.625,0.08045578002929688,9.728K,0.02536296844482422,0,3,0,0,41.68359375,41.54296875,0,0,0,0.0,0,44,300,training
1755005338.615412,10635,10635,0.041622161865234375,61.625,0.08045578002929688,9.728K,0.02552509307861328,0,3,0,0,41.68359375,41.54296875,0,0,0,0.0,0,44,400,training
1755005338.663914,10635,10635,0.041622161865234375,61.640625,0.08045578002929688,9.728K,0.025599002838134766,0,3,0,0,41.68359375,41.54296875,0,0,0,0.0,0,44,500,training
1755005338.7138,10635,10635,0.041622161865234375,61.671875,0.08045578002929688,9.728K,0.02542257308959961,0,3,0,0,41.68359375,41.54296875,0,0,0,0.0,0,44,600,training
1755005338.76224,10635,10635,0.041622161865234375,61.671875,0.08045578002929688,9.728K,0.027849674224853516,0,3,0,0,41.68359375,41.54296875,0,0,0,0.0,0,44,700,training
1755005338.8107011,10635,10635,0.041622161865234375,61.71875,0.08045578002929688,9.728K,0.028908252716064453,0,3,0,0,41.68359375,41.54296875,0,0,0,0.0,0,44,800,training
1755005338.860576,10635,10635,0.041622161865234375,61.765625,0.08045578002929688,9.728K,0.0275421142578125,0,3,0,0,41.68359375,41.54296875,0,0,0,0.0,0,44,900,training
1755005338.910603,10635,10635,0.041622161865234375,61.765625,0.08045578002929688,9.728K,0.028879642486572266,0,3,0,0,41.68359375,41.54296875,0,0,0,0.0,0,44,1000,training
1755005338.959075,10635,10635,0.041622161865234375,61.765625,0.08045578002929688,9.728K,0.02571582794189453,0,3,0,0,41.68359375,41.54296875,0,0,0,0.0,0,44,1100,training
1755005339.00779,10635,10635,0.041622161865234375,61.765625,0.08045578002929688,9.728K,0.025565624237060547,0,3,0,0,41.68359375,41.54296875,0,0,0,0.0,0,44,1200,training
1755005339.056447,10635,10635,0.041622161865234375,61.78125,0.08045578002929688,9.728K,0.025436878204345703,0,3,0,0,41.68359375,41.54296875,0,0,0,0.0,0,44,1300,training
1755005339.105579,10635,10635,0.041622161865234375,61.78125,0.08045578002929688,9.728K,0.025343894958496094,0,3,0,0,41.68359375,41.54296875,0,0,0,0.0,0,44,1400,training
1755005339.130792,10635,10635,0.041622161865234375,61.8125,0.08045578002929688,9.728K,0.025734901428222656,0,3,0,0,41.68359375,41.54296875,0,0,0,0.0,0,45,0,training
1755005339.179564,10635,10635,0.041622161865234375,61.828125,0.08045578002929688,9.728K,0.027625560760498047,0,3,0,0,41.68359375,41.54296875,0,0,0,0.0,0,45,100,training
1755005339.228235,10635,10635,0.041622161865234375,61.828125,0.08045578002929688,9.728K,0.028178691864013672,0,3,0,0,41.68359375,41.54296875,0,0,0,0.0,0,45,200,training
1755005339.277615,10635,10635,0.041622161865234375,61.828125,0.08045578002929688,9.728K,0.02988576889038086,0,3,0,0,41.68359375,41.54296875,0,0,0,0.0,0,45,300,training
1755005339.326148,10635,10635,0.041622161865234375,61.828125,0.08045578002929688,9.728K,0.02584695816040039,0,3,0,0,41.68359375,41.54296875,0,0,0,0.0,0,45,400,training
1755005339.37566,10635,10635,0.041622161865234375,61.828125,0.08045578002929688,9.728K,0.02532958984375,0,3,0,0,41.68359375,41.54296875,0,0,0,0.0,0,45,500,training
1755005339.424545,10635,10635,0.041622161865234375,61.828125,0.08045578002929688,9.728K,0.025539398193359375,0,3,0,0,41.68359375,41.54296875,0,0,0,0.0,0,45,600,training
1755005339.473266,10635,10635,0.041622161865234375,61.828125,0.08045578002929688,9.728K,0.02540111541748047,0,3,0,0,41.68359375,41.54296875,0,0,0,0.0,0,45,700,training
1755005339.521975,10635,10635,0.041622161865234375,61.859375,0.08045578002929688,9.728K,0.025911331176757812,0,3,0,0,41.68359375,41.54296875,0,0,0,0.0,0,45,800,training
1755005339.570626,10635,10635,0.041622161865234375,61.859375,0.08045578002929688,9.728K,0.02536296844482422,0,3,0,0,41.68359375,41.54296875,0,0,0,0.0,0,45,900,training
1755005339.618606,10635,10635,0.041622161865234375,61.859375,0.08045578002929688,9.728K,0.025298595428466797,0,3,0,0,41.68359375,41.54296875,0,0,0,0.0,0,45,1000,training
1755005339.667047,10635,10635,0.041622161865234375,61.875,0.08045578002929688,9.728K,0.02538919448852539,0,3,0,0,41.68359375,41.54296875,0,0,0,0.0,0,45,1100,training
1755005339.716985,10635,10635,0.041622161865234375,61.875,0.08045578002929688,9.728K,0.025873184204101562,0,3,0,0,41.68359375,41.54296875,0,0,0,0.0,0,45,1200,training
1755005339.7654452,10635,10635,0.041622161865234375,61.875,0.08045578002929688,9.728K,0.02570629119873047,0,3,0,0,41.68359375,41.54296875,0,0,0,0.0,0,45,1300,training
1755005339.814208,10635,10635,0.041622161865234375,61.875,0.08045578002929688,9.728K,0.025663375854492188,0,3,0,0,41.68359375,41.54296875,0,0,0,0.0,0,45,1400,training
1755005339.8390799,10635,10635,0.041622161865234375,61.875,0.08045578002929688,9.728K,0.02556324005126953,0,3,0,0,41.68359375,41.54296875,0,0,0,0.0,0,46,0,training
1755005339.8884501,10635,10635,0.041622161865234375,61.890625,0.08045578002929688,9.728K,0.02549886703491211,0,3,0,0,41.68359375,41.54296875,0,0,0,0.0,0,46,100,training
1755005339.93699,10635,10635,0.041622161865234375,61.890625,0.08045578002929688,9.728K,0.025289058685302734,0,3,0,0,41.68359375,41.54296875,0,0,0,0.0,0,46,200,training
1755005339.985439,10635,10635,0.041622161865234375,61.890625,0.08045578002929688,9.728K,0.02541065216064453,0,3,0,0,41.68359375,41.54296875,0,0,0,0.0,0,46,300,training
1755005340.036927,10635,10635,0.041622161865234375,61.890625,0.08045578002929688,9.728K,0.027654170989990234,0,3,0,0,41.68359375,41.54296875,0,0,0,0.0,0,46,400,training
1755005340.088447,10635,10635,0.041622161865234375,61.921875,0.08045578002929688,9.728K,0.02531290054321289,0,3,0,0,41.68359375,41.54296875,0,0,0,0.0,0,46,500,training
1755005340.137928,10635,10635,0.041622161865234375,61.921875,0.08045578002929688,9.728K,0.025637149810791016,0,3,0,0,41.68359375,41.54296875,0,0,0,0.0,0,46,600,training
1755005340.187166,10635,10635,0.041622161865234375,61.921875,0.08045578002929688,9.728K,0.025222301483154297,0,3,0,0,41.68359375,41.54296875,0,0,0,0.0,0,46,700,training
1755005340.235987,10635,10635,0.041622161865234375,61.921875,0.08045578002929688,9.728K,0.025353431701660156,0,3,0,0,41.68359375,41.54296875,0,0,0,0.0,0,46,800,training
1755005340.284837,10635,10635,0.041622161865234375,61.9375,0.08045578002929688,9.728K,0.025339126586914062,0,3,0,0,41.68359375,41.54296875,0,0,0,0.0,0,46,900,training
1755005340.33375,10635,10635,0.041622161865234375,61.953125,0.08045578002929688,9.728K,0.025529861450195312,0,3,0,0,41.68359375,41.54296875,0,0,0,0.0,0,46,1000,training
1755005340.383064,10635,10635,0.041622161865234375,61.953125,0.08045578002929688,9.728K,0.025675296783447266,0,3,0,0,41.68359375,41.54296875,0,0,0,0.0,0,46,1100,training
1755005340.431427,10635,10635,0.041622161865234375,61.953125,0.08045578002929688,9.728K,0.0260162353515625,0,3,0,0,41.68359375,41.54296875,0,0,0,0.0,0,46,1200,training
1755005340.479573,10635,10635,0.041622161865234375,61.953125,0.08045578002929688,9.728K,0.027849674224853516,0,3,0,0,41.68359375,41.54296875,0,0,0,0.0,0,46,1300,training
1755005340.528856,10635,10635,0.041622161865234375,61.953125,0.08045578002929688,9.728K,0.03139972686767578,0,3,0,0,41.68359375,41.54296875,0,0,0,0.0,0,46,1400,training
1755005340.5546482,10635,10635,0.041622161865234375,61.953125,0.08045578002929688,9.728K,0.025529861450195312,0,3,0,0,41.68359375,41.54296875,0,0,0,0.0,0,47,0,training
1755005340.6034298,10635,10635,0.041622161865234375,61.953125,0.08045578002929688,9.728K,0.025570392608642578,0,3,0,0,41.68359375,41.54296875,0,0,0,0.0,0,47,100,training
1755005340.651847,10635,10635,0.041622161865234375,61.953125,0.08045578002929688,9.728K,0.025250911712646484,0,3,0,0,41.68359375,41.54296875,0,0,0,0.0,0,47,200,training
1755005340.7043588,10635,10635,0.041622161865234375,61.953125,0.08045578002929688,9.728K,0.025799274444580078,0,3,0,0,41.68359375,41.54296875,0,0,0,0.0,0,47,300,training
1755005340.7540858,10635,10635,0.041622161865234375,61.953125,0.08045578002929688,9.728K,0.02529144287109375,0,3,0,0,41.68359375,41.54296875,0,0,0,0.0,0,47,400,training
1755005340.8030689,10635,10635,0.041622161865234375,61.953125,0.08045578002929688,9.728K,0.02538919448852539,0,3,0,0,41.68359375,41.54296875,0,0,0,0.0,0,47,500,training
1755005340.851659,10635,10635,0.041622161865234375,61.953125,0.08045578002929688,9.728K,0.02532482147216797,0,3,0,0,41.68359375,41.54296875,0,0,0,0.0,0,47,600,training
1755005340.90131,10635,10635,0.041622161865234375,61.96875,0.08045578002929688,9.728K,0.02538442611694336,0,3,0,0,41.68359375,41.54296875,0,0,0,0.0,0,47,700,training
1755005340.950042,10635,10635,0.041622161865234375,61.984375,0.08045578002929688,9.728K,0.025420188903808594,0,3,0,0,41.68359375,41.54296875,0,0,0,0.0,0,47,800,training
1755005340.9983768,10635,10635,0.041622161865234375,61.984375,0.08045578002929688,9.728K,0.025200843811035156,0,3,0,0,41.68359375,41.54296875,0,0,0,0.0,0,47,900,training
1755005341.046607,10635,10635,0.041622161865234375,61.984375,0.08045578002929688,9.728K,0.025186538696289062,0,3,0,0,41.68359375,41.54296875,0,0,0,0.0,0,47,1000,training
1755005341.106814,10635,10635,0.041622161865234375,61.984375,0.08045578002929688,9.728K,0.027844905853271484,0,3,0,0,41.68359375,41.54296875,0,0,0,0.0,0,47,1100,training
1755005341.157587,10635,10635,0.041622161865234375,61.984375,0.08045578002929688,9.728K,0.025129318237304688,0,3,0,0,41.68359375,41.54296875,0,0,0,0.0,0,47,1200,training
1755005341.206151,10635,10635,0.041622161865234375,61.984375,0.08045578002929688,9.728K,0.0255584716796875,0,3,0,0,41.68359375,41.54296875,0,0,0,0.0,0,47,1300,training
1755005341.254976,10635,10635,0.041622161865234375,62.046875,0.08045578002929688,9.728K,0.025382041931152344,0,3,0,0,41.68359375,41.54296875,0,0,0,0.0,0,47,1400,training
1755005341.279999,10635,10635,0.041622161865234375,62.046875,0.08045578002929688,9.728K,0.026118755340576172,0,3,0,0,41.68359375,41.54296875,0,0,0,0.0,0,48,0,training
1755005341.329688,10635,10635,0.041622161865234375,62.0625,0.08045578002929688,9.728K,0.026640892028808594,0,3,0,0,41.68359375,41.54296875,0,0,0,0.0,0,48,100,training
1755005341.379424,10635,10635,0.041622161865234375,62.0625,0.08045578002929688,9.728K,0.0270843505859375,0,3,0,0,41.68359375,41.54296875,0,0,0,0.0,0,48,200,training
1755005341.428976,10635,10635,0.041622161865234375,62.0625,0.08045578002929688,9.728K,0.028617382049560547,0,3,0,0,41.68359375,41.54296875,0,0,0,0.0,0,48,300,training
1755005341.477665,10635,10635,0.041622161865234375,62.0625,0.08045578002929688,9.728K,0.028524398803710938,0,3,0,0,41.68359375,41.54296875,0,0,0,0.0,0,48,400,training
1755005341.525747,10635,10635,0.041622161865234375,62.0625,0.08045578002929688,9.728K,0.025265216827392578,0,3,0,0,41.68359375,41.54296875,0,0,0,0.0,0,48,500,training
1755005341.574692,10635,10635,0.041622161865234375,62.0625,0.08045578002929688,9.728K,0.0254058837890625,0,3,0,0,41.68359375,41.54296875,0,0,0,0.0,0,48,600,training
1755005341.6233852,10635,10635,0.041622161865234375,62.0625,0.08045578002929688,9.728K,0.025713443756103516,0,3,0,0,41.68359375,41.54296875,0,0,0,0.0,0,48,700,training
1755005341.671958,10635,10635,0.041622161865234375,62.0625,0.08045578002929688,9.728K,0.02544403076171875,0,3,0,0,41.68359375,41.54296875,0,0,0,0.0,0,48,800,training
1755005341.72093,10635,10635,0.041622161865234375,62.0625,0.08045578002929688,9.728K,0.025570392608642578,0,3,0,0,41.68359375,41.54296875,0,0,0,0.0,0,48,900,training
1755005341.77085,10635,10635,0.041622161865234375,62.0625,0.08045578002929688,9.728K,0.025343894958496094,0,3,0,0,41.68359375,41.54296875,0,0,0,0.0,0,48,1000,training
1755005341.8194828,10635,10635,0.041622161865234375,62.09375,0.08045578002929688,9.728K,0.025124549865722656,0,3,0,0,41.68359375,41.54296875,0,0,0,0.0,0,48,1100,training
1755005341.868972,10635,10635,0.041622161865234375,62.09375,0.08045578002929688,9.728K,0.02527475357055664,0,3,0,0,41.68359375,41.54296875,0,0,0,0.0,0,48,1200,training
1755005341.9175339,10635,10635,0.041622161865234375,62.09375,0.08045578002929688,9.728K,0.02582073211669922,0,3,0,0,41.68359375,41.54296875,0,0,0,0.0,0,48,1300,training
1755005341.966043,10635,10635,0.041622161865234375,62.09375,0.08045578002929688,9.728K,0.025544166564941406,0,3,0,0,41.68359375,41.54296875,0,0,0,0.0,0,48,1400,training
1755005341.9906769,10635,10635,0.041622161865234375,62.09375,0.08045578002929688,9.728K,0.025570392608642578,0,3,0,0,41.68359375,41.54296875,0,0,0,0.0,0,49,0,training
1755005342.039401,10635,10635,0.041622161865234375,62.09375,0.08045578002929688,9.728K,0.025722980499267578,0,3,0,0,41.68359375,41.54296875,0,0,0,0.0,0,49,100,training
1755005342.088387,10635,10635,0.041622161865234375,62.09375,0.08045578002929688,9.728K,0.025730133056640625,0,3,0,0,41.68359375,41.54296875,0,0,0,0.0,0,49,200,training
1755005342.1365042,10635,10635,0.041622161865234375,62.09375,0.08045578002929688,9.728K,0.025260448455810547,0,3,0,0,41.68359375,41.54296875,0,0,0,0.0,0,49,300,training
1755005342.184843,10635,10635,0.041622161865234375,62.09375,0.08045578002929688,9.728K,0.025539398193359375,0,3,0,0,41.68359375,41.54296875,0,0,0,0.0,0,49,400,training
1755005342.2335591,10635,10635,0.041622161865234375,62.09375,0.08045578002929688,9.728K,0.0254058837890625,0,3,0,0,41.68359375,41.54296875,0,0,0,0.0,0,49,500,training
1755005342.282408,10635,10635,0.041622161865234375,62.09375,0.08045578002929688,9.728K,0.02619028091430664,0,3,0,0,41.68359375,41.54296875,0,0,0,0.0,0,49,600,training
1755005342.3305721,10635,10635,0.041622161865234375,62.09375,0.08045578002929688,9.728K,0.025360584259033203,0,3,0,0,41.68359375,41.54296875,0,0,0,0.0,0,49,700,training
1755005342.3801332,10635,10635,0.041622161865234375,62.125,0.08045578002929688,9.728K,0.025911331176757812,0,3,0,0,41.68359375,41.54296875,0,0,0,0.0,0,49,800,training
1755005342.4287739,10635,10635,0.041622161865234375,62.125,0.08045578002929688,9.728K,0.02822399139404297,0,3,0,0,41.68359375,41.54296875,0,0,0,0.0,0,49,900,training
1755005342.477851,10635,10635,0.041622161865234375,62.125,0.08045578002929688,9.728K,0.028636455535888672,0,3,0,0,41.68359375,41.54296875,0,0,0,0.0,0,49,1000,training
1755005342.5266812,10635,10635,0.041622161865234375,62.125,0.08045578002929688,9.728K,0.027134418487548828,0,3,0,0,41.68359375,41.54296875,0,0,0,0.0,0,49,1100,training
1755005342.5754108,10635,10635,0.041622161865234375,62.125,0.08045578002929688,9.728K,0.025560855865478516,0,3,0,0,41.68359375,41.54296875,0,0,0,0.0,0,49,1200,training
1755005342.624539,10635,10635,0.041622161865234375,62.125,0.08045578002929688,9.728K,0.025446414947509766,0,3,0,0,41.68359375,41.54296875,0,0,0,0.0,0,49,1300,training
1755005342.673281,10635,10635,0.041622161865234375,62.125,0.08045578002929688,9.728K,0.02524852752685547,0,3,0,0,41.68359375,41.54296875,0,0,0,0.0,0,49,1400,training
1755005343.538374,10830,10830,0.043132781982421875,272.140625,0.08271026611328125,9.728K,0.026044845581054688,0,3,0,0,42.4453125,42.3046875,0,0,0,0.0,1,0,0,training
1755005345.0798862,10830,10830,0.043132781982421875,271.859375,0.08271026611328125,9.728K,0.028774738311767578,0,3,0,0,42.4453125,42.3046875,0,0,0,0.0,1,5,5,training
1755005347.3728309,10830,10830,0.043132781982421875,60.671875,0.08271026611328125,9.728K,0.025827884674072266,0,3,0,0,42.4453125,42.3046875,0,0,0,0.0,1,10,10,training
1755005349.970627,10830,10830,0.043132781982421875,65.609375,0.08271026611328125,9.728K,0.02637624740600586,0,3,0,0,42.4453125,42.3046875,0,0,0,0.0,1,15,15,training
1755005351.829237,10830,10830,0.043132781982421875,109.234375,0.08271026611328125,9.728K,0.03742218017578125,0,3,0,0,42.4453125,42.3046875,0,0,0,0.0,2,0,0,training
1755005353.877915,10830,10830,0.043132781982421875,97.546875,0.08271026611328125,9.728K,0.029468536376953125,0,3,0,0,42.4453125,42.3046875,0,0,0,0.0,2,5,5,training
1755005356.760768,10830,10830,0.043132781982421875,63.9375,0.08271026611328125,9.728K,0.03623247146606445,0,3,0,0,42.4453125,42.3046875,0,0,0,0.0,2,10,10,training
1755005359.327182,10830,10830,0.043132781982421875,62.140625,0.08271026611328125,9.728K,0.029687881469726562,0,3,0,0,42.4453125,42.3046875,0,0,0,0.0,2,15,15,training
1755005361.525855,10830,10830,0.043132781982421875,115.75,0.08271026611328125,9.728K,0.026984214782714844,0,3,0,0,42.4453125,42.3046875,0,0,0,0.0,3,0,0,training
1755005363.688113,10830,10830,0.043132781982421875,116.765625,0.08271026611328125,9.728K,0.02561330795288086,0,3,0,0,42.4453125,42.3046875,0,0,0,0.0,3,5,5,training
1755005365.7982578,10830,10830,0.043132781982421875,105.53125,0.08271026611328125,9.728K,0.02729654312133789,0,3,0,0,42.4453125,42.3046875,0,0,0,0.0,3,10,10,training
1755005368.172478,10830,10830,0.043132781982421875,64.296875,0.08271026611328125,9.728K,0.025565624237060547,0,3,0,0,42.4453125,42.3046875,0,0,0,0.0,3,15,15,training
