timestamp,total_parameters,trainable_parameters,model_size_mb,process_memory_mb,model_memory_mb,flops,latency_ms,conv_layers,linear_layers,brn_layers,binary_layers,sram_estimate_kb,flash_estimate_kb,binary_operations,binary_parameters,brn_parameters,binary_ratio,task_id,epoch,step,phase
1754995235.284576,10635,10635,0.041622161865234375,1037.359375,0.08045578002929688,9.728K,0.02635955810546875,0,3,0,0,41.68359375,41.54296875,0,0,0,0.0,0,0,0,training
1754995235.3414311,10635,10635,0.041622161865234375,1038.25,0.08045578002929688,9.728K,0.026335716247558594,0,3,0,0,41.68359375,41.54296875,0,0,0,0.0,0,0,100,training
1754995235.391027,10635,10635,0.041622161865234375,1038.296875,0.08045578002929688,9.728K,0.025641918182373047,0,3,0,0,41.68359375,41.54296875,0,0,0,0.0,0,0,200,training
1754995235.439845,10635,10635,0.041622161865234375,1038.375,0.08045578002929688,9.728K,0.025391578674316406,0,3,0,0,41.68359375,41.54296875,0,0,0,0.0,0,0,300,training
1754995235.4889421,10635,10635,0.041622161865234375,1038.40625,0.08045578002929688,9.728K,0.025327205657958984,0,3,0,0,41.68359375,41.54296875,0,0,0,0.0,0,0,400,training
1754995235.538024,10635,10635,0.041622161865234375,1038.40625,0.08045578002929688,9.728K,0.02559661865234375,0,3,0,0,41.68359375,41.54296875,0,0,0,0.0,0,0,500,training
1754995235.587636,10635,10635,0.041622161865234375,1038.46875,0.08045578002929688,9.728K,0.025479793548583984,0,3,0,0,41.68359375,41.54296875,0,0,0,0.0,0,0,600,training
1754995235.63661,10635,10635,0.041622161865234375,1038.46875,0.08045578002929688,9.728K,0.02573251724243164,0,3,0,0,41.68359375,41.54296875,0,0,0,0.0,0,0,700,training
1754995235.68551,10635,10635,0.041622161865234375,1038.484375,0.08045578002929688,9.728K,0.02608776092529297,0,3,0,0,41.68359375,41.54296875,0,0,0,0.0,0,0,800,training
1754995235.7381382,10635,10635,0.041622161865234375,1038.515625,0.08045578002929688,9.728K,0.02577066421508789,0,3,0,0,41.68359375,41.54296875,0,0,0,0.0,0,0,900,training
1754995235.787777,10635,10635,0.041622161865234375,1038.515625,0.08045578002929688,9.728K,0.025510787963867188,0,3,0,0,41.68359375,41.54296875,0,0,0,0.0,0,0,1000,training
1754995235.837282,10635,10635,0.041622161865234375,1038.546875,0.08045578002929688,9.728K,0.026044845581054688,0,3,0,0,41.68359375,41.54296875,0,0,0,0.0,0,0,1100,training
1754995235.886855,10635,10635,0.041622161865234375,1038.546875,0.08045578002929688,9.728K,0.02559661865234375,0,3,0,0,41.68359375,41.54296875,0,0,0,0.0,0,0,1200,training
1754995235.935209,10635,10635,0.041622161865234375,1038.546875,0.08045578002929688,9.728K,0.025837421417236328,0,3,0,0,41.68359375,41.54296875,0,0,0,0.0,0,0,1300,training
1754995235.9835432,10635,10635,0.041622161865234375,1038.578125,0.08045578002929688,9.728K,0.025594234466552734,0,3,0,0,41.68359375,41.54296875,0,0,0,0.0,0,0,1400,training
1754995236.03264,10635,10635,0.041622161865234375,1038.59375,0.08045578002929688,9.728K,0.026006698608398438,0,3,0,0,41.68359375,41.54296875,0,0,0,0.0,0,0,1500,training
1754995236.081093,10635,10635,0.041622161865234375,1038.625,0.08045578002929688,9.728K,0.02912282943725586,0,3,0,0,41.68359375,41.54296875,0,0,0,0.0,0,0,1600,training
1754995236.129643,10635,10635,0.041622161865234375,1038.65625,0.08045578002929688,9.728K,0.02796649932861328,0,3,0,0,41.68359375,41.54296875,0,0,0,0.0,0,0,1700,training
1754995236.178005,10635,10635,0.041622161865234375,1038.65625,0.08045578002929688,9.728K,0.02547740936279297,0,3,0,0,41.68359375,41.54296875,0,0,0,0.0,0,0,1800,training
1754995236.226897,10635,10635,0.041622161865234375,1038.671875,0.08045578002929688,9.728K,0.025730133056640625,0,3,0,0,41.68359375,41.54296875,0,0,0,0.0,0,0,1900,training
1754995236.280155,10635,10635,0.041622161865234375,1038.671875,0.08045578002929688,9.728K,0.028278827667236328,0,3,0,0,41.68359375,41.54296875,0,0,0,0.0,0,0,2000,training
1754995236.330763,10635,10635,0.041622161865234375,1038.671875,0.08045578002929688,9.728K,0.033745765686035156,0,3,0,0,41.68359375,41.54296875,0,0,0,0.0,0,0,2100,training
1754995236.3814049,10635,10635,0.041622161865234375,1038.703125,0.08045578002929688,9.728K,0.028939247131347656,0,3,0,0,41.68359375,41.54296875,0,0,0,0.0,0,0,2200,training
1754995236.429982,10635,10635,0.041622161865234375,1038.703125,0.08045578002929688,9.728K,0.028471946716308594,0,3,0,0,41.68359375,41.54296875,0,0,0,0.0,0,0,2300,training
1754995236.478664,10635,10635,0.041622161865234375,1038.703125,0.08045578002929688,9.728K,0.025475025177001953,0,3,0,0,41.68359375,41.54296875,0,0,0,0.0,0,0,2400,training
1754995236.5275,10635,10635,0.041622161865234375,1038.71875,0.08045578002929688,9.728K,0.025584697723388672,0,3,0,0,41.68359375,41.54296875,0,0,0,0.0,0,0,2500,training
1754995236.5767171,10635,10635,0.041622161865234375,1038.828125,0.08045578002929688,9.728K,0.026047229766845703,0,3,0,0,41.68359375,41.54296875,0,0,0,0.0,0,0,2600,training
1754995236.62765,10635,10635,0.041622161865234375,1038.828125,0.08045578002929688,9.728K,0.025281906127929688,0,3,0,0,41.68359375,41.54296875,0,0,0,0.0,0,0,2700,training
1754995236.6764941,10635,10635,0.041622161865234375,1038.828125,0.08045578002929688,9.728K,0.02596139907836914,0,3,0,0,41.68359375,41.54296875,0,0,0,0.0,0,0,2800,training
1754995236.725237,10635,10635,0.041622161865234375,1038.828125,0.08045578002929688,9.728K,0.025832653045654297,0,3,0,0,41.68359375,41.54296875,0,0,0,0.0,0,0,2900,training
1754995236.774622,10635,10635,0.041622161865234375,1038.828125,0.08045578002929688,9.728K,0.025556087493896484,0,3,0,0,41.68359375,41.54296875,0,0,0,0.0,0,0,3000,training
1754995236.823508,10635,10635,0.041622161865234375,1038.828125,0.08045578002929688,9.728K,0.025377273559570312,0,3,0,0,41.68359375,41.54296875,0,0,0,0.0,0,0,3100,training
1754995236.8718731,10635,10635,0.041622161865234375,1038.828125,0.08045578002929688,9.728K,0.02536773681640625,0,3,0,0,41.68359375,41.54296875,0,0,0,0.0,0,0,3200,training
1754995236.920616,10635,10635,0.041622161865234375,1038.84375,0.08045578002929688,9.728K,0.02568960189819336,0,3,0,0,41.68359375,41.54296875,0,0,0,0.0,0,0,3300,training
1754995236.969023,10635,10635,0.041622161865234375,1038.84375,0.08045578002929688,9.728K,0.02559661865234375,0,3,0,0,41.68359375,41.54296875,0,0,0,0.0,0,0,3400,training
1754995237.017859,10635,10635,0.041622161865234375,1038.84375,0.08045578002929688,9.728K,0.025794506072998047,0,3,0,0,41.68359375,41.54296875,0,0,0,0.0,0,0,3500,training
1754995237.0659342,10635,10635,0.041622161865234375,1038.84375,0.08045578002929688,9.728K,0.02578258514404297,0,3,0,0,41.68359375,41.54296875,0,0,0,0.0,0,0,3600,training
1754995237.114253,10635,10635,0.041622161865234375,1038.84375,0.08045578002929688,9.728K,0.02897500991821289,0,3,0,0,41.68359375,41.54296875,0,0,0,0.0,0,0,3700,training
1754995237.162792,10635,10635,0.041622161865234375,1038.84375,0.08045578002929688,9.728K,0.02697467803955078,0,3,0,0,41.68359375,41.54296875,0,0,0,0.0,0,0,3800,training
1754995237.21133,10635,10635,0.041622161865234375,1038.84375,0.08045578002929688,9.728K,0.02531290054321289,0,3,0,0,41.68359375,41.54296875,0,0,0,0.0,0,0,3900,training
1754995237.2600589,10635,10635,0.041622161865234375,1038.84375,0.08045578002929688,9.728K,0.025429725646972656,0,3,0,0,41.68359375,41.54296875,0,0,0,0.0,0,0,4000,training
1754995237.308585,10635,10635,0.041622161865234375,1038.84375,0.08045578002929688,9.728K,0.025761127471923828,0,3,0,0,41.68359375,41.54296875,0,0,0,0.0,0,0,4100,training
1754995237.357229,10635,10635,0.041622161865234375,1038.84375,0.08045578002929688,9.728K,0.025446414947509766,0,3,0,0,41.68359375,41.54296875,0,0,0,0.0,0,0,4200,training
1754995237.4055839,10635,10635,0.041622161865234375,1038.875,0.08045578002929688,9.728K,0.02537250518798828,0,3,0,0,41.68359375,41.54296875,0,0,0,0.0,0,0,4300,training
1754995237.45387,10635,10635,0.041622161865234375,1038.875,0.08045578002929688,9.728K,0.025315284729003906,0,3,0,0,41.68359375,41.54296875,0,0,0,0.0,0,0,4400,training
1754995237.502232,10635,10635,0.041622161865234375,1038.875,0.08045578002929688,9.728K,0.02552032470703125,0,3,0,0,41.68359375,41.54296875,0,0,0,0.0,0,0,4500,training
1754995237.5509188,10635,10635,0.041622161865234375,1038.875,0.08045578002929688,9.728K,0.025539398193359375,0,3,0,0,41.68359375,41.54296875,0,0,0,0.0,0,0,4600,training
1754995237.604087,10635,10635,0.041622161865234375,1038.875,0.08045578002929688,9.728K,0.025517940521240234,0,3,0,0,41.68359375,41.54296875,0,0,0,0.0,0,0,4700,training
1754995237.6544142,10635,10635,0.041622161865234375,1038.875,0.08045578002929688,9.728K,0.025446414947509766,0,3,0,0,41.68359375,41.54296875,0,0,0,0.0,0,0,4800,training
1754995237.702914,10635,10635,0.041622161865234375,1038.875,0.08045578002929688,9.728K,0.02524852752685547,0,3,0,0,41.68359375,41.54296875,0,0,0,0.0,0,0,4900,training
1754995237.7538428,10635,10635,0.041622161865234375,1038.875,0.08045578002929688,9.728K,0.02554178237915039,0,3,0,0,41.68359375,41.54296875,0,0,0,0.0,0,0,5000,training
1754995237.802572,10635,10635,0.041622161865234375,1038.875,0.08045578002929688,9.728K,0.025341510772705078,0,3,0,0,41.68359375,41.54296875,0,0,0,0.0,0,0,5100,training
1754995237.8521512,10635,10635,0.041622161865234375,1038.875,0.08045578002929688,9.728K,0.025577545166015625,0,3,0,0,41.68359375,41.54296875,0,0,0,0.0,0,0,5200,training
1754995237.901091,10635,10635,0.041622161865234375,1038.875,0.08045578002929688,9.728K,0.025875568389892578,0,3,0,0,41.68359375,41.54296875,0,0,0,0.0,0,0,5300,training
1754995237.94998,10635,10635,0.041622161865234375,1038.875,0.08045578002929688,9.728K,0.025773048400878906,0,3,0,0,41.68359375,41.54296875,0,0,0,0.0,0,0,5400,training
1754995237.998496,10635,10635,0.041622161865234375,1038.875,0.08045578002929688,9.728K,0.02719879150390625,0,3,0,0,41.68359375,41.54296875,0,0,0,0.0,0,0,5500,training
1754995238.048741,10635,10635,0.041622161865234375,1038.890625,0.08045578002929688,9.728K,0.025916099548339844,0,3,0,0,41.68359375,41.54296875,0,0,0,0.0,0,0,5600,training
1754995238.101204,10635,10635,0.041622161865234375,1038.890625,0.08045578002929688,9.728K,0.025963783264160156,0,3,0,0,41.68359375,41.54296875,0,0,0,0.0,0,0,5700,training
1754995238.149819,10635,10635,0.041622161865234375,1038.890625,0.08045578002929688,9.728K,0.025701522827148438,0,3,0,0,41.68359375,41.54296875,0,0,0,0.0,0,0,5800,training
1754995238.1991549,10635,10635,0.041622161865234375,1038.890625,0.08045578002929688,9.728K,0.025894641876220703,0,3,0,0,41.68359375,41.54296875,0,0,0,0.0,0,0,5900,training
1754995238.248393,10635,10635,0.041622161865234375,1038.890625,0.08045578002929688,9.728K,0.029098987579345703,0,3,0,0,41.68359375,41.54296875,0,0,0,0.0,0,0,6000,training
1754995238.29916,10635,10635,0.041622161865234375,1038.921875,0.08045578002929688,9.728K,0.026259422302246094,0,3,0,0,41.68359375,41.54296875,0,0,0,0.0,0,0,6100,training
1754995238.3491971,10635,10635,0.041622161865234375,1038.921875,0.08045578002929688,9.728K,0.026128292083740234,0,3,0,0,41.68359375,41.54296875,0,0,0,0.0,0,0,6200,training
1754995238.3981938,10635,10635,0.041622161865234375,1038.921875,0.08045578002929688,9.728K,0.02855539321899414,0,3,0,0,41.68359375,41.54296875,0,0,0,0.0,0,0,6300,training
1754995238.4465668,10635,10635,0.041622161865234375,1038.921875,0.08045578002929688,9.728K,0.02851247787475586,0,3,0,0,41.68359375,41.54296875,0,0,0,0.0,0,0,6400,training
1754995238.494912,10635,10635,0.041622161865234375,1038.921875,0.08045578002929688,9.728K,0.025429725646972656,0,3,0,0,41.68359375,41.54296875,0,0,0,0.0,0,0,6500,training
1754995238.5432189,10635,10635,0.041622161865234375,1038.9375,0.08045578002929688,9.728K,0.025548934936523438,0,3,0,0,41.68359375,41.54296875,0,0,0,0.0,0,0,6600,training
1754995238.591883,10635,10635,0.041622161865234375,1038.9375,0.08045578002929688,9.728K,0.02562999725341797,0,3,0,0,41.68359375,41.54296875,0,0,0,0.0,0,0,6700,training
1754995238.641116,10635,10635,0.041622161865234375,1038.9375,0.08045578002929688,9.728K,0.025622844696044922,0,3,0,0,41.68359375,41.54296875,0,0,0,0.0,0,0,6800,training
1754995238.689857,10635,10635,0.041622161865234375,1038.9375,0.08045578002929688,9.728K,0.025424957275390625,0,3,0,0,41.68359375,41.54296875,0,0,0,0.0,0,0,6900,training
1754995238.7388868,10635,10635,0.041622161865234375,1038.9375,0.08045578002929688,9.728K,0.025517940521240234,0,3,0,0,41.68359375,41.54296875,0,0,0,0.0,0,0,7000,training
1754995238.7868302,10635,10635,0.041622161865234375,1038.9375,0.08045578002929688,9.728K,0.025508403778076172,0,3,0,0,41.68359375,41.54296875,0,0,0,0.0,0,0,7100,training
1754995238.835906,10635,10635,0.041622161865234375,1038.9375,0.08045578002929688,9.728K,0.025479793548583984,0,3,0,0,41.68359375,41.54296875,0,0,0,0.0,0,0,7200,training
1754995238.8844092,10635,10635,0.041622161865234375,1038.9375,0.08045578002929688,9.728K,0.025784969329833984,0,3,0,0,41.68359375,41.54296875,0,0,0,0.0,0,0,7300,training
1754995238.933024,10635,10635,0.041622161865234375,1038.9375,0.08045578002929688,9.728K,0.025627613067626953,0,3,0,0,41.68359375,41.54296875,0,0,0,0.0,0,0,7400,training
1754995238.982338,10635,10635,0.041622161865234375,1038.9375,0.08045578002929688,9.728K,0.025768280029296875,0,3,0,0,41.68359375,41.54296875,0,0,0,0.0,0,0,7500,training
1754995239.031727,10635,10635,0.041622161865234375,1038.9375,0.08045578002929688,9.728K,0.02783060073852539,0,3,0,0,41.68359375,41.54296875,0,0,0,0.0,0,0,7600,training
1754995239.080916,10635,10635,0.041622161865234375,1038.96875,0.08045578002929688,9.728K,0.02925395965576172,0,3,0,0,41.68359375,41.54296875,0,0,0,0.0,0,0,7700,training
1754995239.129866,10635,10635,0.041622161865234375,1038.96875,0.08045578002929688,9.728K,0.02908468246459961,0,3,0,0,41.68359375,41.54296875,0,0,0,0.0,0,0,7800,training
1754995239.178282,10635,10635,0.041622161865234375,1038.96875,0.08045578002929688,9.728K,0.025434494018554688,0,3,0,0,41.68359375,41.54296875,0,0,0,0.0,0,0,7900,training
1754995239.2272232,10635,10635,0.041622161865234375,1038.96875,0.08045578002929688,9.728K,0.025417804718017578,0,3,0,0,41.68359375,41.54296875,0,0,0,0.0,0,0,8000,training
1754995239.27559,10635,10635,0.041622161865234375,1038.96875,0.08045578002929688,9.728K,0.0257110595703125,0,3,0,0,41.68359375,41.54296875,0,0,0,0.0,0,0,8100,training
1754995239.324088,10635,10635,0.041622161865234375,1038.96875,0.08045578002929688,9.728K,0.025484561920166016,0,3,0,0,41.68359375,41.54296875,0,0,0,0.0,0,0,8200,training
1754995239.372298,10635,10635,0.041622161865234375,1038.96875,0.08045578002929688,9.728K,0.025546550750732422,0,3,0,0,41.68359375,41.54296875,0,0,0,0.0,0,0,8300,training
1754995239.420876,10635,10635,0.041622161865234375,1038.96875,0.08045578002929688,9.728K,0.025436878204345703,0,3,0,0,41.68359375,41.54296875,0,0,0,0.0,0,0,8400,training
1754995239.46912,10635,10635,0.041622161865234375,1038.96875,0.08045578002929688,9.728K,0.02598285675048828,0,3,0,0,41.68359375,41.54296875,0,0,0,0.0,0,0,8500,training
1754995239.517535,10635,10635,0.041622161865234375,1038.984375,0.08045578002929688,9.728K,0.02541065216064453,0,3,0,0,41.68359375,41.54296875,0,0,0,0.0,0,0,8600,training
1754995239.565886,10635,10635,0.041622161865234375,1038.984375,0.08045578002929688,9.728K,0.026254653930664062,0,3,0,0,41.68359375,41.54296875,0,0,0,0.0,0,0,8700,training
1754995239.6147861,10635,10635,0.041622161865234375,1039.03125,0.08045578002929688,9.728K,0.030057430267333984,0,3,0,0,41.68359375,41.54296875,0,0,0,0.0,0,0,8800,training
1754995239.6639318,10635,10635,0.041622161865234375,1039.0625,0.08045578002929688,9.728K,0.029015541076660156,0,3,0,0,41.68359375,41.54296875,0,0,0,0.0,0,0,8900,training
1754995239.713026,10635,10635,0.041622161865234375,1039.0625,0.08045578002929688,9.728K,0.027284622192382812,0,3,0,0,41.68359375,41.54296875,0,0,0,0.0,0,0,9000,training
1754995239.761276,10635,10635,0.041622161865234375,1039.0625,0.08045578002929688,9.728K,0.02529144287109375,0,3,0,0,41.68359375,41.54296875,0,0,0,0.0,0,0,9100,training
1754995239.810273,10635,10635,0.041622161865234375,1039.09375,0.08045578002929688,9.728K,0.025508403778076172,0,3,0,0,41.68359375,41.54296875,0,0,0,0.0,0,0,9200,training
1754995239.85888,10635,10635,0.041622161865234375,1039.09375,0.08045578002929688,9.728K,0.025811195373535156,0,3,0,0,41.68359375,41.54296875,0,0,0,0.0,0,0,9300,training
1754995239.909003,10635,10635,0.041622161865234375,1039.09375,0.08045578002929688,9.728K,0.025610923767089844,0,3,0,0,41.68359375,41.54296875,0,0,0,0.0,0,0,9400,training
1754995239.957537,10635,10635,0.041622161865234375,1039.09375,0.08045578002929688,9.728K,0.025577545166015625,0,3,0,0,41.68359375,41.54296875,0,0,0,0.0,0,0,9500,training
1754995240.0065029,10635,10635,0.041622161865234375,1039.09375,0.08045578002929688,9.728K,0.0257110595703125,0,3,0,0,41.68359375,41.54296875,0,0,0,0.0,0,0,9600,training
1754995240.055518,10635,10635,0.041622161865234375,1039.125,0.08045578002929688,9.728K,0.02556324005126953,0,3,0,0,41.68359375,41.54296875,0,0,0,0.0,0,0,9700,training
1754995240.104436,10635,10635,0.041622161865234375,1039.125,0.08045578002929688,9.728K,0.025556087493896484,0,3,0,0,41.68359375,41.54296875,0,0,0,0.0,0,0,9800,training
1754995240.153044,10635,10635,0.041622161865234375,1039.125,0.08045578002929688,9.728K,0.025315284729003906,0,3,0,0,41.68359375,41.54296875,0,0,0,0.0,0,0,9900,training
1754995240.203545,10635,10635,0.041622161865234375,1039.125,0.08045578002929688,9.728K,0.025951862335205078,0,3,0,0,41.68359375,41.54296875,0,0,0,0.0,0,0,10000,training
1754995240.2526348,10635,10635,0.041622161865234375,1039.125,0.08045578002929688,9.728K,0.025453567504882812,0,3,0,0,41.68359375,41.54296875,0,0,0,0.0,0,0,10100,training
1754995240.301754,10635,10635,0.041622161865234375,1039.125,0.08045578002929688,9.728K,0.025568008422851562,0,3,0,0,41.68359375,41.54296875,0,0,0,0.0,0,0,10200,training
1754995240.3502872,10635,10635,0.041622161865234375,1039.125,0.08045578002929688,9.728K,0.025386810302734375,0,3,0,0,41.68359375,41.54296875,0,0,0,0.0,0,0,10300,training
1754995240.398976,10635,10635,0.041622161865234375,1039.125,0.08045578002929688,9.728K,0.025665760040283203,0,3,0,0,41.68359375,41.54296875,0,0,0,0.0,0,0,10400,training
1754995240.447567,10635,10635,0.041622161865234375,1039.125,0.08045578002929688,9.728K,0.02964496612548828,0,3,0,0,41.68359375,41.54296875,0,0,0,0.0,0,0,10500,training
1754995240.49597,10635,10635,0.041622161865234375,1039.125,0.08045578002929688,9.728K,0.02674579620361328,0,3,0,0,41.68359375,41.54296875,0,0,0,0.0,0,0,10600,training
1754995240.544323,10635,10635,0.041622161865234375,1039.125,0.08045578002929688,9.728K,0.025107860565185547,0,3,0,0,41.68359375,41.54296875,0,0,0,0.0,0,0,10700,training
1754995240.5937011,10635,10635,0.041622161865234375,1039.125,0.08045578002929688,9.728K,0.02538919448852539,0,3,0,0,41.68359375,41.54296875,0,0,0,0.0,0,0,10800,training
1754995240.643633,10635,10635,0.041622161865234375,1039.140625,0.08045578002929688,9.728K,0.02567768096923828,0,3,0,0,41.68359375,41.54296875,0,0,0,0.0,0,0,10900,training
1754995240.69331,10635,10635,0.041622161865234375,1039.140625,0.08045578002929688,9.728K,0.025429725646972656,0,3,0,0,41.68359375,41.54296875,0,0,0,0.0,0,0,11000,training
1754995240.746475,10635,10635,0.041622161865234375,1039.140625,0.08045578002929688,9.728K,0.027806758880615234,0,3,0,0,41.68359375,41.54296875,0,0,0,0.0,0,0,11100,training
1754995240.796402,10635,10635,0.041622161865234375,1039.140625,0.08045578002929688,9.728K,0.02902507781982422,0,3,0,0,41.68359375,41.54296875,0,0,0,0.0,0,0,11200,training
1754995240.848406,10635,10635,0.041622161865234375,1039.171875,0.08045578002929688,9.728K,0.0339961051940918,0,3,0,0,41.68359375,41.54296875,0,0,0,0.0,0,0,11300,training
1754995240.910898,10635,10635,0.041622161865234375,1039.203125,0.08045578002929688,9.728K,0.027730464935302734,0,3,0,0,41.68359375,41.54296875,0,0,0,0.0,0,0,11400,training
1754995240.9725702,10635,10635,0.041622161865234375,1039.265625,0.08045578002929688,9.728K,0.02765178680419922,0,3,0,0,41.68359375,41.54296875,0,0,0,0.0,0,0,11500,training
1754995241.0355809,10635,10635,0.041622161865234375,1039.3125,0.08045578002929688,9.728K,0.028176307678222656,0,3,0,0,41.68359375,41.54296875,0,0,0,0.0,0,0,11600,training
1754995241.097881,10635,10635,0.041622161865234375,1039.3125,0.08045578002929688,9.728K,0.03483295440673828,0,3,0,0,41.68359375,41.54296875,0,0,0,0.0,0,0,11700,training
1754995241.156333,10635,10635,0.041622161865234375,1039.3125,0.08045578002929688,9.728K,0.02749919891357422,0,3,0,0,41.68359375,41.54296875,0,0,0,0.0,0,0,11800,training
1754995241.21155,10635,10635,0.041622161865234375,1039.3125,0.08045578002929688,9.728K,0.027692317962646484,0,3,0,0,41.68359375,41.54296875,0,0,0,0.0,0,0,11900,training
1754995241.26739,10635,10635,0.041622161865234375,1039.34375,0.08045578002929688,9.728K,0.028247833251953125,0,3,0,0,41.68359375,41.54296875,0,0,0,0.0,0,0,12000,training
1754995241.321773,10635,10635,0.041622161865234375,1039.34375,0.08045578002929688,9.728K,0.027971267700195312,0,3,0,0,41.68359375,41.54296875,0,0,0,0.0,0,0,12100,training
1754995241.3764899,10635,10635,0.041622161865234375,1039.34375,0.08045578002929688,9.728K,0.027666091918945312,0,3,0,0,41.68359375,41.54296875,0,0,0,0.0,0,0,12200,training
1754995241.431861,10635,10635,0.041622161865234375,1039.34375,0.08045578002929688,9.728K,0.03388643264770508,0,3,0,0,41.68359375,41.54296875,0,0,0,0.0,0,0,12300,training
1754995241.484603,10635,10635,0.041622161865234375,1039.34375,0.08045578002929688,9.728K,0.026259422302246094,0,3,0,0,41.68359375,41.54296875,0,0,0,0.0,0,0,12400,training
1754995241.534087,10635,10635,0.041622161865234375,1039.34375,0.08045578002929688,9.728K,0.025882720947265625,0,3,0,0,41.68359375,41.54296875,0,0,0,0.0,0,0,12500,training
1754995241.58338,10635,10635,0.041622161865234375,1039.34375,0.08045578002929688,9.728K,0.025446414947509766,0,3,0,0,41.68359375,41.54296875,0,0,0,0.0,0,0,12600,training
1754995241.6333709,10635,10635,0.041622161865234375,1039.34375,0.08045578002929688,9.728K,0.02832651138305664,0,3,0,0,41.68359375,41.54296875,0,0,0,0.0,0,0,12700,training
1754995241.6827588,10635,10635,0.041622161865234375,1039.34375,0.08045578002929688,9.728K,0.025920867919921875,0,3,0,0,41.68359375,41.54296875,0,0,0,0.0,0,0,12800,training
1754995241.731328,10635,10635,0.041622161865234375,1039.34375,0.08045578002929688,9.728K,0.029058456420898438,0,3,0,0,41.68359375,41.54296875,0,0,0,0.0,0,0,12900,training
1754995241.780373,10635,10635,0.041622161865234375,1039.375,0.08045578002929688,9.728K,0.028939247131347656,0,3,0,0,41.68359375,41.54296875,0,0,0,0.0,0,0,13000,training
1754995241.829369,10635,10635,0.041622161865234375,1039.375,0.08045578002929688,9.728K,0.027849674224853516,0,3,0,0,41.68359375,41.54296875,0,0,0,0.0,0,0,13100,training
1754995241.879497,10635,10635,0.041622161865234375,1039.375,0.08045578002929688,9.728K,0.028488636016845703,0,3,0,0,41.68359375,41.54296875,0,0,0,0.0,0,0,13200,training
1754995241.92831,10635,10635,0.041622161865234375,1039.375,0.08045578002929688,9.728K,0.025646686553955078,0,3,0,0,41.68359375,41.54296875,0,0,0,0.0,0,0,13300,training
1754995241.9772952,10635,10635,0.041622161865234375,1039.375,0.08045578002929688,9.728K,0.02552032470703125,0,3,0,0,41.68359375,41.54296875,0,0,0,0.0,0,0,13400,training
1754995242.02638,10635,10635,0.041622161865234375,1039.375,0.08045578002929688,9.728K,0.025787353515625,0,3,0,0,41.68359375,41.54296875,0,0,0,0.0,0,0,13500,training
1754995242.075466,10635,10635,0.041622161865234375,1039.375,0.08045578002929688,9.728K,0.02593517303466797,0,3,0,0,41.68359375,41.54296875,0,0,0,0.0,0,0,13600,training
1754995242.124074,10635,10635,0.041622161865234375,1039.375,0.08045578002929688,9.728K,0.025510787963867188,0,3,0,0,41.68359375,41.54296875,0,0,0,0.0,0,0,13700,training
1754995242.172809,10635,10635,0.041622161865234375,1039.375,0.08045578002929688,9.728K,0.025761127471923828,0,3,0,0,41.68359375,41.54296875,0,0,0,0.0,0,0,13800,training
1754995242.221795,10635,10635,0.041622161865234375,1039.375,0.08045578002929688,9.728K,0.025620460510253906,0,3,0,0,41.68359375,41.54296875,0,0,0,0.0,0,0,13900,training
1754995242.270735,10635,10635,0.041622161865234375,1039.375,0.08045578002929688,9.728K,0.025398731231689453,0,3,0,0,41.68359375,41.54296875,0,0,0,0.0,0,0,14000,training
1754995242.319635,10635,10635,0.041622161865234375,1039.375,0.08045578002929688,9.728K,0.025513172149658203,0,3,0,0,41.68359375,41.54296875,0,0,0,0.0,0,0,14100,training
1754995242.3678,10635,10635,0.041622161865234375,1039.375,0.08045578002929688,9.728K,0.025594234466552734,0,3,0,0,41.68359375,41.54296875,0,0,0,0.0,0,0,14200,training
1754995242.4164171,10635,10635,0.041622161865234375,1039.375,0.08045578002929688,9.728K,0.025568008422851562,0,3,0,0,41.68359375,41.54296875,0,0,0,0.0,0,0,14300,training
1754995242.46492,10635,10635,0.041622161865234375,1039.375,0.08045578002929688,9.728K,0.02898693084716797,0,3,0,0,41.68359375,41.54296875,0,0,0,0.0,0,0,14400,training
1754995242.516046,10635,10635,0.041622161865234375,1039.375,0.08045578002929688,9.728K,0.028102397918701172,0,3,0,0,41.68359375,41.54296875,0,0,0,0.0,0,0,14500,training
1754995242.5746539,10635,10635,0.041622161865234375,1039.375,0.08045578002929688,9.728K,0.026905536651611328,0,3,0,0,41.68359375,41.54296875,0,0,0,0.0,0,0,14600,training
1754995242.623408,10635,10635,0.041622161865234375,1039.375,0.08045578002929688,9.728K,0.02561807632446289,0,3,0,0,41.68359375,41.54296875,0,0,0,0.0,0,0,14700,training
1754995242.6730611,10635,10635,0.041622161865234375,1039.375,0.08045578002929688,9.728K,0.025522708892822266,0,3,0,0,41.68359375,41.54296875,0,0,0,0.0,0,0,14800,training
1754995242.721966,10635,10635,0.041622161865234375,1039.375,0.08045578002929688,9.728K,0.025463104248046875,0,3,0,0,41.68359375,41.54296875,0,0,0,0.0,0,0,14900,training
1754995242.7705731,10635,10635,0.041622161865234375,1039.375,0.08045578002929688,9.728K,0.025806427001953125,0,3,0,0,41.68359375,41.54296875,0,0,0,0.0,0,0,15000,training
1754995242.819104,10635,10635,0.041622161865234375,1039.375,0.08045578002929688,9.728K,0.025370121002197266,0,3,0,0,41.68359375,41.54296875,0,0,0,0.0,0,0,15100,training
1754995242.867948,10635,10635,0.041622161865234375,1039.40625,0.08045578002929688,9.728K,0.025603771209716797,0,3,0,0,41.68359375,41.54296875,0,0,0,0.0,0,0,15200,training
1754995242.9166,10635,10635,0.041622161865234375,1039.421875,0.08045578002929688,9.728K,0.025928020477294922,0,3,0,0,41.68359375,41.54296875,0,0,0,0.0,0,0,15300,training
1754995242.964898,10635,10635,0.041622161865234375,1039.421875,0.08045578002929688,9.728K,0.028750896453857422,0,3,0,0,41.68359375,41.54296875,0,0,0,0.0,0,0,15400,training
1754995243.0136309,10635,10635,0.041622161865234375,1039.421875,0.08045578002929688,9.728K,0.029230117797851562,0,3,0,0,41.68359375,41.54296875,0,0,0,0.0,0,0,15500,training
1754995243.0627398,10635,10635,0.041622161865234375,1039.421875,0.08045578002929688,9.728K,0.027518272399902344,0,3,0,0,41.68359375,41.54296875,0,0,0,0.0,0,0,15600,training
1754995243.111176,10635,10635,0.041622161865234375,1039.46875,0.08045578002929688,9.728K,0.025355815887451172,0,3,0,0,41.68359375,41.54296875,0,0,0,0.0,0,0,15700,training
1754995243.160199,10635,10635,0.041622161865234375,1039.484375,0.08045578002929688,9.728K,0.025484561920166016,0,3,0,0,41.68359375,41.54296875,0,0,0,0.0,0,0,15800,training
1754995243.209036,10635,10635,0.041622161865234375,1039.484375,0.08045578002929688,9.728K,0.02563953399658203,0,3,0,0,41.68359375,41.54296875,0,0,0,0.0,0,0,15900,training
1754995243.258206,10635,10635,0.041622161865234375,1039.484375,0.08045578002929688,9.728K,0.025665760040283203,0,3,0,0,41.68359375,41.54296875,0,0,0,0.0,0,0,16000,training
1754995243.306746,10635,10635,0.041622161865234375,1039.484375,0.08045578002929688,9.728K,0.02567768096923828,0,3,0,0,41.68359375,41.54296875,0,0,0,0.0,0,0,16100,training
1754995243.3553689,10635,10635,0.041622161865234375,1039.484375,0.08045578002929688,9.728K,0.025420188903808594,0,3,0,0,41.68359375,41.54296875,0,0,0,0.0,0,0,16200,training
1754995243.404829,10635,10635,0.041622161865234375,1039.484375,0.08045578002929688,9.728K,0.025408267974853516,0,3,0,0,41.68359375,41.54296875,0,0,0,0.0,0,0,16300,training
1754995243.4535391,10635,10635,0.041622161865234375,1039.484375,0.08045578002929688,9.728K,0.02552509307861328,0,3,0,0,41.68359375,41.54296875,0,0,0,0.0,0,0,16400,training
1754995243.502296,10635,10635,0.041622161865234375,1039.484375,0.08045578002929688,9.728K,0.025670528411865234,0,3,0,0,41.68359375,41.54296875,0,0,0,0.0,0,0,16500,training
1754995243.550976,10635,10635,0.041622161865234375,1039.484375,0.08045578002929688,9.728K,0.02561807632446289,0,3,0,0,41.68359375,41.54296875,0,0,0,0.0,0,0,16600,training
1754995243.5994911,10635,10635,0.041622161865234375,1039.484375,0.08045578002929688,9.728K,0.025644302368164062,0,3,0,0,41.68359375,41.54296875,0,0,0,0.0,0,0,16700,training
1754995243.6480682,10635,10635,0.041622161865234375,1039.484375,0.08045578002929688,9.728K,0.028786659240722656,0,3,0,0,41.68359375,41.54296875,0,0,0,0.0,0,0,16800,training
1754995243.6968908,10635,10635,0.041622161865234375,1039.484375,0.08045578002929688,9.728K,0.029511451721191406,0,3,0,0,41.68359375,41.54296875,0,0,0,0.0,0,0,16900,training
1754995243.745755,10635,10635,0.041622161865234375,1039.484375,0.08045578002929688,9.728K,0.026063919067382812,0,3,0,0,41.68359375,41.54296875,0,0,0,0.0,0,0,17000,training
1754995243.794603,10635,10635,0.041622161865234375,1039.484375,0.08045578002929688,9.728K,0.025606155395507812,0,3,0,0,41.68359375,41.54296875,0,0,0,0.0,0,0,17100,training
1754995243.843738,10635,10635,0.041622161865234375,1039.484375,0.08045578002929688,9.728K,0.0255584716796875,0,3,0,0,41.68359375,41.54296875,0,0,0,0.0,0,0,17200,training
1754995243.892258,10635,10635,0.041622161865234375,1039.484375,0.08045578002929688,9.728K,0.025801658630371094,0,3,0,0,41.68359375,41.54296875,0,0,0,0.0,0,0,17300,training
1754995243.940393,10635,10635,0.041622161865234375,1039.484375,0.08045578002929688,9.728K,0.025434494018554688,0,3,0,0,41.68359375,41.54296875,0,0,0,0.0,0,0,17400,training
1754995243.988929,10635,10635,0.041622161865234375,1039.484375,0.08045578002929688,9.728K,0.02541065216064453,0,3,0,0,41.68359375,41.54296875,0,0,0,0.0,0,0,17500,training
1754995244.03773,10635,10635,0.041622161865234375,1039.484375,0.08045578002929688,9.728K,0.025494098663330078,0,3,0,0,41.68359375,41.54296875,0,0,0,0.0,0,0,17600,training
1754995244.086356,10635,10635,0.041622161865234375,1039.484375,0.08045578002929688,9.728K,0.026013851165771484,0,3,0,0,41.68359375,41.54296875,0,0,0,0.0,0,0,17700,training
1754995244.135304,10635,10635,0.041622161865234375,1039.484375,0.08045578002929688,9.728K,0.025420188903808594,0,3,0,0,41.68359375,41.54296875,0,0,0,0.0,0,0,17800,training
1754995244.183486,10635,10635,0.041622161865234375,1039.515625,0.08045578002929688,9.728K,0.02574443817138672,0,3,0,0,41.68359375,41.54296875,0,0,0,0.0,0,0,17900,training
1754995244.2317078,10635,10635,0.041622161865234375,1039.515625,0.08045578002929688,9.728K,0.027797222137451172,0,3,0,0,41.68359375,41.54296875,0,0,0,0.0,0,0,18000,training
1754995244.280728,10635,10635,0.041622161865234375,1039.515625,0.08045578002929688,9.728K,0.028989315032958984,0,3,0,0,41.68359375,41.54296875,0,0,0,0.0,0,0,18100,training
1754995244.329928,10635,10635,0.041622161865234375,1039.515625,0.08045578002929688,9.728K,0.029172897338867188,0,3,0,0,41.68359375,41.54296875,0,0,0,0.0,0,0,18200,training
1754995244.378061,10635,10635,0.041622161865234375,1039.515625,0.08045578002929688,9.728K,0.02537250518798828,0,3,0,0,41.68359375,41.54296875,0,0,0,0.0,0,0,18300,training
1754995244.427009,10635,10635,0.041622161865234375,1039.515625,0.08045578002929688,9.728K,0.02529621124267578,0,3,0,0,41.68359375,41.54296875,0,0,0,0.0,0,0,18400,training
1754995244.475455,10635,10635,0.041622161865234375,1039.515625,0.08045578002929688,9.728K,0.02565145492553711,0,3,0,0,41.68359375,41.54296875,0,0,0,0.0,0,0,18500,training
1754995244.5238469,10635,10635,0.041622161865234375,1039.515625,0.08045578002929688,9.728K,0.025951862335205078,0,3,0,0,41.68359375,41.54296875,0,0,0,0.0,0,0,18600,training
1754995244.572225,10635,10635,0.041622161865234375,1039.515625,0.08045578002929688,9.728K,0.02533435821533203,0,3,0,0,41.68359375,41.54296875,0,0,0,0.0,0,0,18700,training
1754995244.6208022,10635,10635,0.041622161865234375,1039.515625,0.08045578002929688,9.728K,0.02544879913330078,0,3,0,0,41.68359375,41.54296875,0,0,0,0.0,0,0,18800,training
1754995244.669951,10635,10635,0.041622161865234375,1039.515625,0.08045578002929688,9.728K,0.025317668914794922,0,3,0,0,41.68359375,41.54296875,0,0,0,0.0,0,0,18900,training
1754995244.721104,10635,10635,0.041622161865234375,1039.515625,0.08045578002929688,9.728K,0.029304027557373047,0,3,0,0,41.68359375,41.54296875,0,0,0,0.0,0,0,19000,training
1754995244.771682,10635,10635,0.041622161865234375,1039.515625,0.08045578002929688,9.728K,0.025529861450195312,0,3,0,0,41.68359375,41.54296875,0,0,0,0.0,0,0,19100,training
1754995244.82005,10635,10635,0.041622161865234375,1039.515625,0.08045578002929688,9.728K,0.025594234466552734,0,3,0,0,41.68359375,41.54296875,0,0,0,0.0,0,0,19200,training
1754995244.8688908,10635,10635,0.041622161865234375,1039.515625,0.08045578002929688,9.728K,0.025479793548583984,0,3,0,0,41.68359375,41.54296875,0,0,0,0.0,0,0,19300,training
1754995244.917511,10635,10635,0.041622161865234375,1039.515625,0.08045578002929688,9.728K,0.025968551635742188,0,3,0,0,41.68359375,41.54296875,0,0,0,0.0,0,0,19400,training
1754995244.966315,10635,10635,0.041622161865234375,1039.515625,0.08045578002929688,9.728K,0.025806427001953125,0,3,0,0,41.68359375,41.54296875,0,0,0,0.0,0,0,19500,training
1754995245.0147479,10635,10635,0.041622161865234375,1039.515625,0.08045578002929688,9.728K,0.028295516967773438,0,3,0,0,41.68359375,41.54296875,0,0,0,0.0,0,0,19600,training
1754995245.064834,10635,10635,0.041622161865234375,1039.546875,0.08045578002929688,9.728K,0.02908468246459961,0,3,0,0,41.68359375,41.54296875,0,0,0,0.0,0,0,19700,training
1754995245.116533,10635,10635,0.041622161865234375,1039.546875,0.08045578002929688,9.728K,0.027353763580322266,0,3,0,0,41.68359375,41.54296875,0,0,0,0.0,0,0,19800,training
1754995245.1665652,10635,10635,0.041622161865234375,1039.5625,0.08045578002929688,9.728K,0.02572774887084961,0,3,0,0,41.68359375,41.54296875,0,0,0,0.0,0,0,19900,training
1754995245.215408,10635,10635,0.041622161865234375,1039.578125,0.08045578002929688,9.728K,0.02742767333984375,0,3,0,0,41.68359375,41.54296875,0,0,0,0.0,0,0,20000,training
1754995245.2651021,10635,10635,0.041622161865234375,1039.578125,0.08045578002929688,9.728K,0.02571582794189453,0,3,0,0,41.68359375,41.54296875,0,0,0,0.0,0,0,20100,training
1754995245.3140428,10635,10635,0.041622161865234375,1039.578125,0.08045578002929688,9.728K,0.0292205810546875,0,3,0,0,41.68359375,41.54296875,0,0,0,0.0,0,0,20200,training
1754995245.3653388,10635,10635,0.041622161865234375,1039.578125,0.08045578002929688,9.728K,0.02566814422607422,0,3,0,0,41.68359375,41.54296875,0,0,0,0.0,0,0,20300,training
1754995245.4139378,10635,10635,0.041622161865234375,1039.578125,0.08045578002929688,9.728K,0.02950429916381836,0,3,0,0,41.68359375,41.54296875,0,0,0,0.0,0,0,20400,training
1754995245.462949,10635,10635,0.041622161865234375,1039.578125,0.08045578002929688,9.728K,0.028493404388427734,0,3,0,0,41.68359375,41.54296875,0,0,0,0.0,0,0,20500,training
1754995245.51132,10635,10635,0.041622161865234375,1039.578125,0.08045578002929688,9.728K,0.025424957275390625,0,3,0,0,41.68359375,41.54296875,0,0,0,0.0,0,0,20600,training
1754995245.559508,10635,10635,0.041622161865234375,1039.578125,0.08045578002929688,9.728K,0.025947093963623047,0,3,0,0,41.68359375,41.54296875,0,0,0,0.0,0,0,20700,training
1754995245.608296,10635,10635,0.041622161865234375,1039.578125,0.08045578002929688,9.728K,0.025758743286132812,0,3,0,0,41.68359375,41.54296875,0,0,0,0.0,0,0,20800,training
1754995245.6565518,10635,10635,0.041622161865234375,1039.578125,0.08045578002929688,9.728K,0.025594234466552734,0,3,0,0,41.68359375,41.54296875,0,0,0,0.0,0,0,20900,training
1754995245.7080262,10635,10635,0.041622161865234375,1039.578125,0.08045578002929688,9.728K,0.027506351470947266,0,3,0,0,41.68359375,41.54296875,0,0,0,0.0,0,0,21000,training
1754995245.765963,10635,10635,0.041622161865234375,1039.578125,0.08045578002929688,9.728K,0.025787353515625,0,3,0,0,41.68359375,41.54296875,0,0,0,0.0,0,0,21100,training
1754995245.815021,10635,10635,0.041622161865234375,1039.578125,0.08045578002929688,9.728K,0.02819061279296875,0,3,0,0,41.68359375,41.54296875,0,0,0,0.0,0,0,21200,training
1754995245.865762,10635,10635,0.041622161865234375,1039.578125,0.08045578002929688,9.728K,0.026214122772216797,0,3,0,0,41.68359375,41.54296875,0,0,0,0.0,0,0,21300,training
1754995245.914874,10635,10635,0.041622161865234375,1039.578125,0.08045578002929688,9.728K,0.025751590728759766,0,3,0,0,41.68359375,41.54296875,0,0,0,0.0,0,0,21400,training
1754995245.964131,10635,10635,0.041622161865234375,1039.578125,0.08045578002929688,9.728K,0.02905130386352539,0,3,0,0,41.68359375,41.54296875,0,0,0,0.0,0,0,21500,training
1754995246.012672,10635,10635,0.041622161865234375,1039.578125,0.08045578002929688,9.728K,0.027277469635009766,0,3,0,0,41.68359375,41.54296875,0,0,0,0.0,0,0,21600,training
1754995246.061295,10635,10635,0.041622161865234375,1039.609375,0.08045578002929688,9.728K,0.02540111541748047,0,3,0,0,41.68359375,41.54296875,0,0,0,0.0,0,0,21700,training
1754995246.109798,10635,10635,0.041622161865234375,1039.609375,0.08045578002929688,9.728K,0.02546548843383789,0,3,0,0,41.68359375,41.54296875,0,0,0,0.0,0,0,21800,training
1754995246.158218,10635,10635,0.041622161865234375,1039.609375,0.08045578002929688,9.728K,0.025737285614013672,0,3,0,0,41.68359375,41.54296875,0,0,0,0.0,0,0,21900,training
1754995246.206944,10635,10635,0.041622161865234375,1039.609375,0.08045578002929688,9.728K,0.025403499603271484,0,3,0,0,41.68359375,41.54296875,0,0,0,0.0,0,0,22000,training
1754995246.2558742,10635,10635,0.041622161865234375,1039.609375,0.08045578002929688,9.728K,0.025560855865478516,0,3,0,0,41.68359375,41.54296875,0,0,0,0.0,0,0,22100,training
1754995246.304335,10635,10635,0.041622161865234375,1039.609375,0.08045578002929688,9.728K,0.025587081909179688,0,3,0,0,41.68359375,41.54296875,0,0,0,0.0,0,0,22200,training
1754995246.3532841,10635,10635,0.041622161865234375,1039.609375,0.08045578002929688,9.728K,0.025434494018554688,0,3,0,0,41.68359375,41.54296875,0,0,0,0.0,0,0,22300,training
1754995246.402818,10635,10635,0.041622161865234375,1039.609375,0.08045578002929688,9.728K,0.025718212127685547,0,3,0,0,41.68359375,41.54296875,0,0,0,0.0,0,0,22400,training
1754995246.450685,10635,10635,0.041622161865234375,1039.609375,0.08045578002929688,9.728K,0.02570629119873047,0,3,0,0,41.68359375,41.54296875,0,0,0,0.0,0,0,22500,training
1754995246.4988632,10635,10635,0.041622161865234375,1039.609375,0.08045578002929688,9.728K,0.025892257690429688,0,3,0,0,41.68359375,41.54296875,0,0,0,0.0,0,0,22600,training
1754995246.54745,10635,10635,0.041622161865234375,1039.609375,0.08045578002929688,9.728K,0.02824544906616211,0,3,0,0,41.68359375,41.54296875,0,0,0,0.0,0,0,22700,training
1754995246.595838,10635,10635,0.041622161865234375,1039.609375,0.08045578002929688,9.728K,0.02737283706665039,0,3,0,0,41.68359375,41.54296875,0,0,0,0.0,0,0,22800,training
1754995246.644186,10635,10635,0.041622161865234375,1039.609375,0.08045578002929688,9.728K,0.025599002838134766,0,3,0,0,41.68359375,41.54296875,0,0,0,0.0,0,0,22900,training
1754995246.693977,10635,10635,0.041622161865234375,1039.609375,0.08045578002929688,9.728K,0.025489330291748047,0,3,0,0,41.68359375,41.54296875,0,0,0,0.0,0,0,23000,training
1754995246.743426,10635,10635,0.041622161865234375,1039.609375,0.08045578002929688,9.728K,0.025420188903808594,0,3,0,0,41.68359375,41.54296875,0,0,0,0.0,0,0,23100,training
1754995246.792095,10635,10635,0.041622161865234375,1039.609375,0.08045578002929688,9.728K,0.02556324005126953,0,3,0,0,41.68359375,41.54296875,0,0,0,0.0,0,0,23200,training
1754995246.841928,10635,10635,0.041622161865234375,1039.609375,0.08045578002929688,9.728K,0.02571582794189453,0,3,0,0,41.68359375,41.54296875,0,0,0,0.0,0,0,23300,training
1754995246.890816,10635,10635,0.041622161865234375,1039.609375,0.08045578002929688,9.728K,0.025873184204101562,0,3,0,0,41.68359375,41.54296875,0,0,0,0.0,0,0,23400,training
1754995246.9390101,10635,10635,0.041622161865234375,1039.609375,0.08045578002929688,9.728K,0.025169849395751953,0,3,0,0,41.68359375,41.54296875,0,0,0,0.0,0,0,23500,training
1754995246.995111,10635,10635,0.041622161865234375,1039.609375,0.08045578002929688,9.728K,0.028049945831298828,0,3,0,0,41.68359375,41.54296875,0,0,0,0.0,0,0,23600,training
1754995247.050369,10635,10635,0.041622161865234375,1039.609375,0.08045578002929688,9.728K,0.028274059295654297,0,3,0,0,41.68359375,41.54296875,0,0,0,0.0,0,0,23700,training
1754995247.104977,10635,10635,0.041622161865234375,1039.609375,0.08045578002929688,9.728K,0.027561187744140625,0,3,0,0,41.68359375,41.54296875,0,0,0,0.0,0,0,23800,training
1754995247.160042,10635,10635,0.041622161865234375,1039.609375,0.08045578002929688,9.728K,0.027685165405273438,0,3,0,0,41.68359375,41.54296875,0,0,0,0.0,0,0,23900,training
1754995247.215073,10635,10635,0.041622161865234375,1039.609375,0.08045578002929688,9.728K,0.03485679626464844,0,3,0,0,41.68359375,41.54296875,0,0,0,0.0,0,0,24000,training
1754995247.271352,10635,10635,0.041622161865234375,1039.609375,0.08045578002929688,9.728K,0.028164386749267578,0,3,0,0,41.68359375,41.54296875,0,0,0,0.0,0,0,24100,training
1754995247.3317308,10635,10635,0.041622161865234375,1039.609375,0.08045578002929688,9.728K,0.03520965576171875,0,3,0,0,41.68359375,41.54296875,0,0,0,0.0,0,0,24200,training
1754995247.389586,10635,10635,0.041622161865234375,1039.609375,0.08045578002929688,9.728K,0.027630329132080078,0,3,0,0,41.68359375,41.54296875,0,0,0,0.0,0,0,24300,training
1754995247.445653,10635,10635,0.041622161865234375,1039.609375,0.08045578002929688,9.728K,0.029997825622558594,0,3,0,0,41.68359375,41.54296875,0,0,0,0.0,0,0,24400,training
1754995247.503347,10635,10635,0.041622161865234375,1039.6875,0.08045578002929688,9.728K,0.02727985382080078,0,3,0,0,41.68359375,41.54296875,0,0,0,0.0,0,0,24500,training
1754995247.561753,10635,10635,0.041622161865234375,1039.6875,0.08045578002929688,9.728K,0.029251575469970703,0,3,0,0,41.68359375,41.54296875,0,0,0,0.0,0,0,24600,training
1754995247.625244,10635,10635,0.041622161865234375,1039.6875,0.08045578002929688,9.728K,0.028257369995117188,0,3,0,0,41.68359375,41.54296875,0,0,0,0.0,0,0,24700,training
1754995247.6853929,10635,10635,0.041622161865234375,1039.6875,0.08045578002929688,9.728K,0.027420520782470703,0,3,0,0,41.68359375,41.54296875,0,0,0,0.0,0,0,24800,training
1754995247.743098,10635,10635,0.041622161865234375,1039.703125,0.08045578002929688,9.728K,0.030281543731689453,0,3,0,0,41.68359375,41.54296875,0,0,0,0.0,0,0,24900,training
1754995247.797837,10635,10635,0.041622161865234375,1039.703125,0.08045578002929688,9.728K,0.03239631652832031,0,3,0,0,41.68359375,41.54296875,0,0,0,0.0,0,0,25000,training
1754995247.848181,10635,10635,0.041622161865234375,1039.703125,0.08045578002929688,9.728K,0.028955936431884766,0,3,0,0,41.68359375,41.54296875,0,0,0,0.0,0,0,25100,training
1754995247.90045,10635,10635,0.041622161865234375,1039.703125,0.08045578002929688,9.728K,0.028159618377685547,0,3,0,0,41.68359375,41.54296875,0,0,0,0.0,0,0,25200,training
1754995247.9565508,10635,10635,0.041622161865234375,1039.703125,0.08045578002929688,9.728K,0.027668476104736328,0,3,0,0,41.68359375,41.54296875,0,0,0,0.0,0,0,25300,training
1754995248.0104918,10635,10635,0.041622161865234375,1039.703125,0.08045578002929688,9.728K,0.027785301208496094,0,3,0,0,41.68359375,41.54296875,0,0,0,0.0,0,0,25400,training
1754995248.0649521,10635,10635,0.041622161865234375,1039.703125,0.08045578002929688,9.728K,0.03554105758666992,0,3,0,0,41.68359375,41.54296875,0,0,0,0.0,0,0,25500,training
1754995248.120311,10635,10635,0.041622161865234375,1039.703125,0.08045578002929688,9.728K,0.027790069580078125,0,3,0,0,41.68359375,41.54296875,0,0,0,0.0,0,0,25600,training
1754995248.176778,10635,10635,0.041622161865234375,1039.703125,0.08045578002929688,9.728K,0.027930736541748047,0,3,0,0,41.68359375,41.54296875,0,0,0,0.0,0,0,25700,training
1754995248.232727,10635,10635,0.041622161865234375,1039.703125,0.08045578002929688,9.728K,0.028662681579589844,0,3,0,0,41.68359375,41.54296875,0,0,0,0.0,0,0,25800,training
1754995248.28872,10635,10635,0.041622161865234375,1039.703125,0.08045578002929688,9.728K,0.025811195373535156,0,3,0,0,41.68359375,41.54296875,0,0,0,0.0,0,0,25900,training
1754995248.53476,10635,10635,0.041622161865234375,1039.890625,0.08045578002929688,9.728K,0.027837753295898438,0,3,0,0,41.68359375,41.54296875,0,0,0,0.0,0,0,26000,training
1754995248.589622,10635,10635,0.041622161865234375,1039.890625,0.08045578002929688,9.728K,0.029358863830566406,0,3,0,0,41.68359375,41.54296875,0,0,0,0.0,0,0,26100,training
1754995248.644145,10635,10635,0.041622161865234375,1039.890625,0.08045578002929688,9.728K,0.031375885009765625,0,3,0,0,41.68359375,41.54296875,0,0,0,0.0,0,0,26200,training
1754995248.701916,10635,10635,0.041622161865234375,1039.890625,0.08045578002929688,9.728K,0.027887821197509766,0,3,0,0,41.68359375,41.54296875,0,0,0,0.0,0,0,26300,training
1754995248.759809,10635,10635,0.041622161865234375,1039.90625,0.08045578002929688,9.728K,0.028154850006103516,0,3,0,0,41.68359375,41.54296875,0,0,0,0.0,0,0,26400,training
1754995248.814123,10635,10635,0.041622161865234375,1039.984375,0.08045578002929688,9.728K,0.035004615783691406,0,3,0,0,41.68359375,41.54296875,0,0,0,0.0,0,0,26500,training
1754995248.8635688,10635,10635,0.041622161865234375,1039.984375,0.08045578002929688,9.728K,0.029361248016357422,0,3,0,0,41.68359375,41.54296875,0,0,0,0.0,0,0,26600,training
1754995248.9143722,10635,10635,0.041622161865234375,1039.984375,0.08045578002929688,9.728K,0.029332637786865234,0,3,0,0,41.68359375,41.54296875,0,0,0,0.0,0,0,26700,training
1754995248.967337,10635,10635,0.041622161865234375,1039.984375,0.08045578002929688,9.728K,0.031173229217529297,0,3,0,0,41.68359375,41.54296875,0,0,0,0.0,0,0,26800,training
1754995249.022193,10635,10635,0.041622161865234375,1039.984375,0.08045578002929688,9.728K,0.02796173095703125,0,3,0,0,41.68359375,41.54296875,0,0,0,0.0,0,0,26900,training
1754995249.071647,10635,10635,0.041622161865234375,1039.984375,0.08045578002929688,9.728K,0.025417804718017578,0,3,0,0,41.68359375,41.54296875,0,0,0,0.0,0,0,27000,training
1754995249.120595,10635,10635,0.041622161865234375,1039.984375,0.08045578002929688,9.728K,0.02580881118774414,0,3,0,0,41.68359375,41.54296875,0,0,0,0.0,0,0,27100,training
1754995249.169517,10635,10635,0.041622161865234375,1039.984375,0.08045578002929688,9.728K,0.025522708892822266,0,3,0,0,41.68359375,41.54296875,0,0,0,0.0,0,0,27200,training
1754995249.21774,10635,10635,0.041622161865234375,1039.984375,0.08045578002929688,9.728K,0.02538442611694336,0,3,0,0,41.68359375,41.54296875,0,0,0,0.0,0,0,27300,training
1754995249.267045,10635,10635,0.041622161865234375,1039.984375,0.08045578002929688,9.728K,0.025644302368164062,0,3,0,0,41.68359375,41.54296875,0,0,0,0.0,0,0,27400,training
1754995249.315973,10635,10635,0.041622161865234375,1039.984375,0.08045578002929688,9.728K,0.025663375854492188,0,3,0,0,41.68359375,41.54296875,0,0,0,0.0,0,0,27500,training
1754995249.364442,10635,10635,0.041622161865234375,1039.984375,0.08045578002929688,9.728K,0.02885580062866211,0,3,0,0,41.68359375,41.54296875,0,0,0,0.0,0,0,27600,training
1754995249.413455,10635,10635,0.041622161865234375,1040.015625,0.08045578002929688,9.728K,0.029315948486328125,0,3,0,0,41.68359375,41.54296875,0,0,0,0.0,0,0,27700,training
1754995249.461777,10635,10635,0.041622161865234375,1040.015625,0.08045578002929688,9.728K,0.025451183319091797,0,3,0,0,41.68359375,41.54296875,0,0,0,0.0,0,0,27800,training
1754995249.511148,10635,10635,0.041622161865234375,1040.015625,0.08045578002929688,9.728K,0.025310516357421875,0,3,0,0,41.68359375,41.54296875,0,0,0,0.0,0,0,27900,training
1754995249.5595388,10635,10635,0.041622161865234375,1040.015625,0.08045578002929688,9.728K,0.025455951690673828,0,3,0,0,41.68359375,41.54296875,0,0,0,0.0,0,0,28000,training
1754995249.608442,10635,10635,0.041622161865234375,1040.015625,0.08045578002929688,9.728K,0.025472640991210938,0,3,0,0,41.68359375,41.54296875,0,0,0,0.0,0,0,28100,training
1754995249.657174,10635,10635,0.041622161865234375,1040.015625,0.08045578002929688,9.728K,0.025925636291503906,0,3,0,0,41.68359375,41.54296875,0,0,0,0.0,0,0,28200,training
1754995249.7056158,10635,10635,0.041622161865234375,1040.015625,0.08045578002929688,9.728K,0.02568960189819336,0,3,0,0,41.68359375,41.54296875,0,0,0,0.0,0,0,28300,training
1754995249.755095,10635,10635,0.041622161865234375,1040.015625,0.08045578002929688,9.728K,0.02507925033569336,0,3,0,0,41.68359375,41.54296875,0,0,0,0.0,0,0,28400,training
1754995249.8035939,10635,10635,0.041622161865234375,1040.015625,0.08045578002929688,9.728K,0.02570629119873047,0,3,0,0,41.68359375,41.54296875,0,0,0,0.0,0,0,28500,training
1754995249.851939,10635,10635,0.041622161865234375,1040.015625,0.08045578002929688,9.728K,0.02566814422607422,0,3,0,0,41.68359375,41.54296875,0,0,0,0.0,0,0,28600,training
1754995249.900625,10635,10635,0.041622161865234375,1040.015625,0.08045578002929688,9.728K,0.02576589584350586,0,3,0,0,41.68359375,41.54296875,0,0,0,0.0,0,0,28700,training
1754995249.951147,10635,10635,0.041622161865234375,1040.015625,0.08045578002929688,9.728K,0.028564929962158203,0,3,0,0,41.68359375,41.54296875,0,0,0,0.0,0,0,28800,training
1754995250.015135,10635,10635,0.041622161865234375,1040.015625,0.08045578002929688,9.728K,0.038259029388427734,0,3,0,0,41.68359375,41.54296875,0,0,0,0.0,0,0,28900,training
1754995250.079657,10635,10635,0.041622161865234375,1040.015625,0.08045578002929688,9.728K,0.03388166427612305,0,3,0,0,41.68359375,41.54296875,0,0,0,0.0,0,0,29000,training
1754995250.145588,10635,10635,0.041622161865234375,1040.015625,0.08045578002929688,9.728K,0.039124488830566406,0,3,0,0,41.68359375,41.54296875,0,0,0,0.0,0,0,29100,training
1754995250.2151349,10635,10635,0.041622161865234375,1040.015625,0.08045578002929688,9.728K,0.034525394439697266,0,3,0,0,41.68359375,41.54296875,0,0,0,0.0,0,0,29200,training
1754995250.269202,10635,10635,0.041622161865234375,1040.015625,0.08045578002929688,9.728K,0.03017902374267578,0,3,0,0,41.68359375,41.54296875,0,0,0,0.0,0,0,29300,training
1754995250.32319,10635,10635,0.041622161865234375,1040.015625,0.08045578002929688,9.728K,0.029518604278564453,0,3,0,0,41.68359375,41.54296875,0,0,0,0.0,0,0,29400,training
1754995250.377815,10635,10635,0.041622161865234375,1040.015625,0.08045578002929688,9.728K,0.027418136596679688,0,3,0,0,41.68359375,41.54296875,0,0,0,0.0,0,0,29500,training
1754995250.4325209,10635,10635,0.041622161865234375,1040.015625,0.08045578002929688,9.728K,0.0299072265625,0,3,0,0,41.68359375,41.54296875,0,0,0,0.0,0,0,29600,training
1754995250.6428769,10635,10635,0.041622161865234375,1040.125,0.08045578002929688,9.728K,0.04238128662109375,0,3,0,0,41.68359375,41.54296875,0,0,0,0.0,0,0,29700,training
1754995250.698772,10635,10635,0.041622161865234375,1040.125,0.08045578002929688,9.728K,0.03110647201538086,0,3,0,0,41.68359375,41.54296875,0,0,0,0.0,0,0,29800,training
1754995250.7599602,10635,10635,0.041622161865234375,1040.125,0.08045578002929688,9.728K,0.02884387969970703,0,3,0,0,41.68359375,41.54296875,0,0,0,0.0,0,0,29900,training
1754995250.816229,10635,10635,0.041622161865234375,1040.125,0.08045578002929688,9.728K,0.027821063995361328,0,3,0,0,41.68359375,41.54296875,0,0,0,0.0,0,0,30000,training
1754995250.871826,10635,10635,0.041622161865234375,1040.125,0.08045578002929688,9.728K,0.027441978454589844,0,3,0,0,41.68359375,41.54296875,0,0,0,0.0,0,0,30100,training
1754995250.927507,10635,10635,0.041622161865234375,1040.125,0.08045578002929688,9.728K,0.02891063690185547,0,3,0,0,41.68359375,41.54296875,0,0,0,0.0,0,0,30200,training
1754995250.984422,10635,10635,0.041622161865234375,1040.125,0.08045578002929688,9.728K,0.028965473175048828,0,3,0,0,41.68359375,41.54296875,0,0,0,0.0,0,0,30300,training
1754995251.03504,10635,10635,0.041622161865234375,1040.125,0.08045578002929688,9.728K,0.02591848373413086,0,3,0,0,41.68359375,41.54296875,0,0,0,0.0,0,0,30400,training
1754995251.083872,10635,10635,0.041622161865234375,1040.125,0.08045578002929688,9.728K,0.025789737701416016,0,3,0,0,41.68359375,41.54296875,0,0,0,0.0,0,0,30500,training
1754995251.132276,10635,10635,0.041622161865234375,1040.125,0.08045578002929688,9.728K,0.02557516098022461,0,3,0,0,41.68359375,41.54296875,0,0,0,0.0,0,0,30600,training
1754995251.1827059,10635,10635,0.041622161865234375,1040.125,0.08045578002929688,9.728K,0.027112960815429688,0,3,0,0,41.68359375,41.54296875,0,0,0,0.0,0,0,30700,training
1754995251.23526,10635,10635,0.041622161865234375,1040.125,0.08045578002929688,9.728K,0.0267791748046875,0,3,0,0,41.68359375,41.54296875,0,0,0,0.0,0,0,30800,training
1754995251.283961,10635,10635,0.041622161865234375,1040.125,0.08045578002929688,9.728K,0.025587081909179688,0,3,0,0,41.68359375,41.54296875,0,0,0,0.0,0,0,30900,training
1754995251.332012,10635,10635,0.041622161865234375,1040.125,0.08045578002929688,9.728K,0.02692699432373047,0,3,0,0,41.68359375,41.54296875,0,0,0,0.0,0,0,31000,training
1754995251.381234,10635,10635,0.041622161865234375,1040.125,0.08045578002929688,9.728K,0.02954244613647461,0,3,0,0,41.68359375,41.54296875,0,0,0,0.0,0,0,31100,training
1754995251.429454,10635,10635,0.041622161865234375,1040.125,0.08045578002929688,9.728K,0.028111934661865234,0,3,0,0,41.68359375,41.54296875,0,0,0,0.0,0,0,31200,training
1754995251.47815,10635,10635,0.041622161865234375,1040.125,0.08045578002929688,9.728K,0.02546072006225586,0,3,0,0,41.68359375,41.54296875,0,0,0,0.0,0,0,31300,training
1754995251.5266922,10635,10635,0.041622161865234375,1040.125,0.08045578002929688,9.728K,0.025801658630371094,0,3,0,0,41.68359375,41.54296875,0,0,0,0.0,0,0,31400,training
1754995251.575499,10635,10635,0.041622161865234375,1040.125,0.08045578002929688,9.728K,0.02574920654296875,0,3,0,0,41.68359375,41.54296875,0,0,0,0.0,0,0,31500,training
1754995251.624322,10635,10635,0.041622161865234375,1040.125,0.08045578002929688,9.728K,0.025818347930908203,0,3,0,0,41.68359375,41.54296875,0,0,0,0.0,0,0,31600,training
1754995251.6725178,10635,10635,0.041622161865234375,1040.125,0.08045578002929688,9.728K,0.025126934051513672,0,3,0,0,41.68359375,41.54296875,0,0,0,0.0,0,0,31700,training
1754995251.721184,10635,10635,0.041622161865234375,1040.125,0.08045578002929688,9.728K,0.025789737701416016,0,3,0,0,41.68359375,41.54296875,0,0,0,0.0,0,0,31800,training
1754995251.7700639,10635,10635,0.041622161865234375,1040.125,0.08045578002929688,9.728K,0.02524852752685547,0,3,0,0,41.68359375,41.54296875,0,0,0,0.0,0,0,31900,training
1754995251.818594,10635,10635,0.041622161865234375,1040.125,0.08045578002929688,9.728K,0.025417804718017578,0,3,0,0,41.68359375,41.54296875,0,0,0,0.0,0,0,32000,training
1754995251.8674,10635,10635,0.041622161865234375,1040.125,0.08045578002929688,9.728K,0.02550363540649414,0,3,0,0,41.68359375,41.54296875,0,0,0,0.0,0,0,32100,training
1754995251.91607,10635,10635,0.041622161865234375,1040.125,0.08045578002929688,9.728K,0.025699138641357422,0,3,0,0,41.68359375,41.54296875,0,0,0,0.0,0,0,32200,training
1754995251.96476,10635,10635,0.041622161865234375,1040.125,0.08045578002929688,9.728K,0.028803348541259766,0,3,0,0,41.68359375,41.54296875,0,0,0,0.0,0,0,32300,training
1754995252.013758,10635,10635,0.041622161865234375,1040.125,0.08045578002929688,9.728K,0.029387474060058594,0,3,0,0,41.68359375,41.54296875,0,0,0,0.0,0,0,32400,training
1754995252.062491,10635,10635,0.041622161865234375,1040.125,0.08045578002929688,9.728K,0.02759695053100586,0,3,0,0,41.68359375,41.54296875,0,0,0,0.0,0,0,32500,training
1754995252.110828,10635,10635,0.041622161865234375,1040.15625,0.08045578002929688,9.728K,0.025379657745361328,0,3,0,0,41.68359375,41.54296875,0,0,0,0.0,0,0,32600,training
1754995252.1588721,10635,10635,0.041622161865234375,1040.15625,0.08045578002929688,9.728K,0.025811195373535156,0,3,0,0,41.68359375,41.54296875,0,0,0,0.0,0,0,32700,training
1754995252.2078679,10635,10635,0.041622161865234375,1040.1875,0.08045578002929688,9.728K,0.02578258514404297,0,3,0,0,41.68359375,41.54296875,0,0,0,0.0,0,0,32800,training
1754995252.256039,10635,10635,0.041622161865234375,1040.1875,0.08045578002929688,9.728K,0.025246143341064453,0,3,0,0,41.68359375,41.54296875,0,0,0,0.0,0,0,32900,training
1754995252.3047009,10635,10635,0.041622161865234375,1040.1875,0.08045578002929688,9.728K,0.025489330291748047,0,3,0,0,41.68359375,41.54296875,0,0,0,0.0,0,0,33000,training
1754995252.353375,10635,10635,0.041622161865234375,1040.1875,0.08045578002929688,9.728K,0.025506019592285156,0,3,0,0,41.68359375,41.54296875,0,0,0,0.0,0,0,33100,training
1754995252.401856,10635,10635,0.041622161865234375,1040.1875,0.08045578002929688,9.728K,0.025463104248046875,0,3,0,0,41.68359375,41.54296875,0,0,0,0.0,0,0,33200,training
1754995252.450516,10635,10635,0.041622161865234375,1040.1875,0.08045578002929688,9.728K,0.025546550750732422,0,3,0,0,41.68359375,41.54296875,0,0,0,0.0,0,0,33300,training
1754995252.498816,10635,10635,0.041622161865234375,1040.1875,0.08045578002929688,9.728K,0.02593994140625,0,3,0,0,41.68359375,41.54296875,0,0,0,0.0,0,0,33400,training
1754995252.547442,10635,10635,0.041622161865234375,1040.1875,0.08045578002929688,9.728K,0.029020309448242188,0,3,0,0,41.68359375,41.54296875,0,0,0,0.0,0,0,33500,training
1754995252.596321,10635,10635,0.041622161865234375,1040.1875,0.08045578002929688,9.728K,0.02898693084716797,0,3,0,0,41.68359375,41.54296875,0,0,0,0.0,0,0,33600,training
1754995252.644929,10635,10635,0.041622161865234375,1040.1875,0.08045578002929688,9.728K,0.025322437286376953,0,3,0,0,41.68359375,41.54296875,0,0,0,0.0,0,0,33700,training
1754995252.694228,10635,10635,0.041622161865234375,1040.1875,0.08045578002929688,9.728K,0.025489330291748047,0,3,0,0,41.68359375,41.54296875,0,0,0,0.0,0,0,33800,training
1754995252.7428591,10635,10635,0.041622161865234375,1040.203125,0.08045578002929688,9.728K,0.025646686553955078,0,3,0,0,41.68359375,41.54296875,0,0,0,0.0,0,0,33900,training
1754995252.791886,10635,10635,0.041622161865234375,1040.21875,0.08045578002929688,9.728K,0.025887489318847656,0,3,0,0,41.68359375,41.54296875,0,0,0,0.0,0,0,34000,training
1754995252.8401668,10635,10635,0.041622161865234375,1040.21875,0.08045578002929688,9.728K,0.025615692138671875,0,3,0,0,41.68359375,41.54296875,0,0,0,0.0,0,0,34100,training
1754995252.889367,10635,10635,0.041622161865234375,1040.21875,0.08045578002929688,9.728K,0.025467872619628906,0,3,0,0,41.68359375,41.54296875,0,0,0,0.0,0,0,34200,training
1754995252.938275,10635,10635,0.041622161865234375,1040.21875,0.08045578002929688,9.728K,0.02565145492553711,0,3,0,0,41.68359375,41.54296875,0,0,0,0.0,0,0,34300,training
1754995252.987129,10635,10635,0.041622161865234375,1040.21875,0.08045578002929688,9.728K,0.0257110595703125,0,3,0,0,41.68359375,41.54296875,0,0,0,0.0,0,0,34400,training
1754995253.035624,10635,10635,0.041622161865234375,1040.21875,0.08045578002929688,9.728K,0.025577545166015625,0,3,0,0,41.68359375,41.54296875,0,0,0,0.0,0,0,34500,training
1754995253.0840802,10635,10635,0.041622161865234375,1040.21875,0.08045578002929688,9.728K,0.025894641876220703,0,3,0,0,41.68359375,41.54296875,0,0,0,0.0,0,0,34600,training
1754995253.1326232,10635,10635,0.041622161865234375,1040.21875,0.08045578002929688,9.728K,0.025835037231445312,0,3,0,0,41.68359375,41.54296875,0,0,0,0.0,0,0,34700,training
1754995253.1817129,10635,10635,0.041622161865234375,1040.21875,0.08045578002929688,9.728K,0.028634071350097656,0,3,0,0,41.68359375,41.54296875,0,0,0,0.0,0,0,34800,training
1754995253.230772,10635,10635,0.041622161865234375,1040.25,0.08045578002929688,9.728K,0.02858877182006836,0,3,0,0,41.68359375,41.54296875,0,0,0,0.0,0,0,34900,training
1754995253.28019,10635,10635,0.041622161865234375,1040.25,0.08045578002929688,9.728K,0.030133724212646484,0,3,0,0,41.68359375,41.54296875,0,0,0,0.0,0,0,35000,training
1754995253.329582,10635,10635,0.041622161865234375,1040.25,0.08045578002929688,9.728K,0.028400421142578125,0,3,0,0,41.68359375,41.54296875,0,0,0,0.0,0,0,35100,training
1754995253.377908,10635,10635,0.041622161865234375,1040.25,0.08045578002929688,9.728K,0.025680065155029297,0,3,0,0,41.68359375,41.54296875,0,0,0,0.0,0,0,35200,training
1754995253.4261272,10635,10635,0.041622161865234375,1040.25,0.08045578002929688,9.728K,0.02546072006225586,0,3,0,0,41.68359375,41.54296875,0,0,0,0.0,0,0,35300,training
1754995253.474509,10635,10635,0.041622161865234375,1040.25,0.08045578002929688,9.728K,0.025570392608642578,0,3,0,0,41.68359375,41.54296875,0,0,0,0.0,0,0,35400,training
1754995253.523267,10635,10635,0.041622161865234375,1040.28125,0.08045578002929688,9.728K,0.025491714477539062,0,3,0,0,41.68359375,41.54296875,0,0,0,0.0,0,0,35500,training
1754995253.572148,10635,10635,0.041622161865234375,1040.28125,0.08045578002929688,9.728K,0.02533435821533203,0,3,0,0,41.68359375,41.54296875,0,0,0,0.0,0,0,35600,training
1754995253.620587,10635,10635,0.041622161865234375,1040.28125,0.08045578002929688,9.728K,0.025463104248046875,0,3,0,0,41.68359375,41.54296875,0,0,0,0.0,0,0,35700,training
1754995253.66907,10635,10635,0.041622161865234375,1040.28125,0.08045578002929688,9.728K,0.02740621566772461,0,3,0,0,41.68359375,41.54296875,0,0,0,0.0,0,0,35800,training
1754995253.7217028,10635,10635,0.041622161865234375,1040.28125,0.08045578002929688,9.728K,0.026423931121826172,0,3,0,0,41.68359375,41.54296875,0,0,0,0.0,0,0,35900,training
1754995253.7719538,10635,10635,0.041622161865234375,1040.28125,0.08045578002929688,9.728K,0.02510547637939453,0,3,0,0,41.68359375,41.54296875,0,0,0,0.0,0,0,36000,training
1754995253.820843,10635,10635,0.041622161865234375,1040.28125,0.08045578002929688,9.728K,0.025463104248046875,0,3,0,0,41.68359375,41.54296875,0,0,0,0.0,0,0,36100,training
1754995253.86904,10635,10635,0.041622161865234375,1040.28125,0.08045578002929688,9.728K,0.025374889373779297,0,3,0,0,41.68359375,41.54296875,0,0,0,0.0,0,0,36200,training
1754995253.917804,10635,10635,0.041622161865234375,1040.28125,0.08045578002929688,9.728K,0.025622844696044922,0,3,0,0,41.68359375,41.54296875,0,0,0,0.0,0,0,36300,training
1754995253.9662971,10635,10635,0.041622161865234375,1040.28125,0.08045578002929688,9.728K,0.025789737701416016,0,3,0,0,41.68359375,41.54296875,0,0,0,0.0,0,0,36400,training
1754995254.014911,10635,10635,0.041622161865234375,1040.28125,0.08045578002929688,9.728K,0.028760433197021484,0,3,0,0,41.68359375,41.54296875,0,0,0,0.0,0,0,36500,training
1754995254.063773,10635,10635,0.041622161865234375,1040.28125,0.08045578002929688,9.728K,0.02901315689086914,0,3,0,0,41.68359375,41.54296875,0,0,0,0.0,0,0,36600,training
1754995254.112245,10635,10635,0.041622161865234375,1040.28125,0.08045578002929688,9.728K,0.026671886444091797,0,3,0,0,41.68359375,41.54296875,0,0,0,0.0,0,0,36700,training
1754995254.161035,10635,10635,0.041622161865234375,1040.3125,0.08045578002929688,9.728K,0.025238990783691406,0,3,0,0,41.68359375,41.54296875,0,0,0,0.0,0,0,36800,training
1754995254.209321,10635,10635,0.041622161865234375,1040.3125,0.08045578002929688,9.728K,0.02583026885986328,0,3,0,0,41.68359375,41.54296875,0,0,0,0.0,0,0,36900,training
1754995254.2581172,10635,10635,0.041622161865234375,1040.3125,0.08045578002929688,9.728K,0.025801658630371094,0,3,0,0,41.68359375,41.54296875,0,0,0,0.0,0,0,37000,training
1754995254.306499,10635,10635,0.041622161865234375,1040.3125,0.08045578002929688,9.728K,0.025572776794433594,0,3,0,0,41.68359375,41.54296875,0,0,0,0.0,0,0,37100,training
1754995254.355098,10635,10635,0.041622161865234375,1040.3125,0.08045578002929688,9.728K,0.02538442611694336,0,3,0,0,41.68359375,41.54296875,0,0,0,0.0,0,0,37200,training
1754995254.403481,10635,10635,0.041622161865234375,1040.3125,0.08045578002929688,9.728K,0.02536773681640625,0,3,0,0,41.68359375,41.54296875,0,0,0,0.0,0,0,37300,training
1754995254.451956,10635,10635,0.041622161865234375,1040.3125,0.08045578002929688,9.728K,0.02556324005126953,0,3,0,0,41.68359375,41.54296875,0,0,0,0.0,0,0,37400,training
1754995254.5002298,10635,10635,0.041622161865234375,1040.3125,0.08045578002929688,9.728K,0.02596139907836914,0,3,0,0,41.68359375,41.54296875,0,0,0,0.0,0,0,37500,training
1754995254.5505862,10635,10635,0.041622161865234375,1040.3125,0.08045578002929688,9.728K,0.02535104751586914,0,3,0,0,41.68359375,41.54296875,0,0,0,0.0,0,0,37600,training
1754995254.59935,10635,10635,0.041622161865234375,1040.3125,0.08045578002929688,9.728K,0.025184154510498047,0,3,0,0,41.68359375,41.54296875,0,0,0,0.0,0,0,37700,training
1754995254.648206,10635,10635,0.041622161865234375,1040.3125,0.08045578002929688,9.728K,0.02828359603881836,0,3,0,0,41.68359375,41.54296875,0,0,0,0.0,0,0,37800,training
1754995254.697214,10635,10635,0.041622161865234375,1040.3125,0.08045578002929688,9.728K,0.029592514038085938,0,3,0,0,41.68359375,41.54296875,0,0,0,0.0,0,0,37900,training
1754995254.745871,10635,10635,0.041622161865234375,1040.3125,0.08045578002929688,9.728K,0.027022361755371094,0,3,0,0,41.68359375,41.54296875,0,0,0,0.0,0,0,38000,training
1754995254.795032,10635,10635,0.041622161865234375,1040.3125,0.08045578002929688,9.728K,0.025315284729003906,0,3,0,0,41.68359375,41.54296875,0,0,0,0.0,0,0,38100,training
1754995254.843746,10635,10635,0.041622161865234375,1040.3125,0.08045578002929688,9.728K,0.025455951690673828,0,3,0,0,41.68359375,41.54296875,0,0,0,0.0,0,0,38200,training
1754995254.892967,10635,10635,0.041622161865234375,1040.3125,0.08045578002929688,9.728K,0.025472640991210938,0,3,0,0,41.68359375,41.54296875,0,0,0,0.0,0,0,38300,training
1754995254.941459,10635,10635,0.041622161865234375,1040.3125,0.08045578002929688,9.728K,0.025722980499267578,0,3,0,0,41.68359375,41.54296875,0,0,0,0.0,0,0,38400,training
1754995254.989676,10635,10635,0.041622161865234375,1040.3125,0.08045578002929688,9.728K,0.025408267974853516,0,3,0,0,41.68359375,41.54296875,0,0,0,0.0,0,0,38500,training
1754995255.038441,10635,10635,0.041622161865234375,1040.3125,0.08045578002929688,9.728K,0.025370121002197266,0,3,0,0,41.68359375,41.54296875,0,0,0,0.0,0,0,38600,training
1754995255.086826,10635,10635,0.041622161865234375,1040.3125,0.08045578002929688,9.728K,0.02582073211669922,0,3,0,0,41.68359375,41.54296875,0,0,0,0.0,0,0,38700,training
1754995255.135592,10635,10635,0.041622161865234375,1040.328125,0.08045578002929688,9.728K,0.025730133056640625,0,3,0,0,41.68359375,41.54296875,0,0,0,0.0,0,0,38800,training
1754995255.184324,10635,10635,0.041622161865234375,1040.328125,0.08045578002929688,9.728K,0.02568960189819336,0,3,0,0,41.68359375,41.54296875,0,0,0,0.0,0,0,38900,training
1754995255.233124,10635,10635,0.041622161865234375,1040.328125,0.08045578002929688,9.728K,0.025494098663330078,0,3,0,0,41.68359375,41.54296875,0,0,0,0.0,0,0,39000,training
1754995255.281321,10635,10635,0.041622161865234375,1040.328125,0.08045578002929688,9.728K,0.027649402618408203,0,3,0,0,41.68359375,41.54296875,0,0,0,0.0,0,0,39100,training
1754995255.329943,10635,10635,0.041622161865234375,1040.328125,0.08045578002929688,9.728K,0.028769969940185547,0,3,0,0,41.68359375,41.54296875,0,0,0,0.0,0,0,39200,training
1754995255.3783228,10635,10635,0.041622161865234375,1040.328125,0.08045578002929688,9.728K,0.02631664276123047,0,3,0,0,41.68359375,41.54296875,0,0,0,0.0,0,0,39300,training
1754995255.4271219,10635,10635,0.041622161865234375,1040.328125,0.08045578002929688,9.728K,0.025081634521484375,0,3,0,0,41.68359375,41.54296875,0,0,0,0.0,0,0,39400,training
1754995255.476008,10635,10635,0.041622161865234375,1040.328125,0.08045578002929688,9.728K,0.025801658630371094,0,3,0,0,41.68359375,41.54296875,0,0,0,0.0,0,0,39500,training
1754995255.524759,10635,10635,0.041622161865234375,1040.328125,0.08045578002929688,9.728K,0.02588033676147461,0,3,0,0,41.68359375,41.54296875,0,0,0,0.0,0,0,39600,training
1754995255.572944,10635,10635,0.041622161865234375,1040.328125,0.08045578002929688,9.728K,0.025403499603271484,0,3,0,0,41.68359375,41.54296875,0,0,0,0.0,0,0,39700,training
1754995255.621205,10635,10635,0.041622161865234375,1040.328125,0.08045578002929688,9.728K,0.0255584716796875,0,3,0,0,41.68359375,41.54296875,0,0,0,0.0,0,0,39800,training
1754995255.669448,10635,10635,0.041622161865234375,1040.328125,0.08045578002929688,9.728K,0.025837421417236328,0,3,0,0,41.68359375,41.54296875,0,0,0,0.0,0,0,39900,training
1754995255.718925,10635,10635,0.041622161865234375,1040.328125,0.08045578002929688,9.728K,0.02722024917602539,0,3,0,0,41.68359375,41.54296875,0,0,0,0.0,0,0,40000,training
1754995255.7709599,10635,10635,0.041622161865234375,1040.328125,0.08045578002929688,9.728K,0.025577545166015625,0,3,0,0,41.68359375,41.54296875,0,0,0,0.0,0,0,40100,training
1754995255.82064,10635,10635,0.041622161865234375,1040.328125,0.08045578002929688,9.728K,0.0258636474609375,0,3,0,0,41.68359375,41.54296875,0,0,0,0.0,0,0,40200,training
1754995255.869676,10635,10635,0.041622161865234375,1040.328125,0.08045578002929688,9.728K,0.025577545166015625,0,3,0,0,41.68359375,41.54296875,0,0,0,0.0,0,0,40300,training
1754995255.9183428,10635,10635,0.041622161865234375,1040.328125,0.08045578002929688,9.728K,0.025484561920166016,0,3,0,0,41.68359375,41.54296875,0,0,0,0.0,0,0,40400,training
1754995255.967579,10635,10635,0.041622161865234375,1040.328125,0.08045578002929688,9.728K,0.026237964630126953,0,3,0,0,41.68359375,41.54296875,0,0,0,0.0,0,0,40500,training
1754995256.016393,10635,10635,0.041622161865234375,1040.328125,0.08045578002929688,9.728K,0.02561807632446289,0,3,0,0,41.68359375,41.54296875,0,0,0,0.0,0,0,40600,training
1754995256.064806,10635,10635,0.041622161865234375,1040.328125,0.08045578002929688,9.728K,0.025954246520996094,0,3,0,0,41.68359375,41.54296875,0,0,0,0.0,0,0,40700,training
1754995256.113734,10635,10635,0.041622161865234375,1040.328125,0.08045578002929688,9.728K,0.028374195098876953,0,3,0,0,41.68359375,41.54296875,0,0,0,0.0,0,0,40800,training
1754995256.1622028,10635,10635,0.041622161865234375,1040.328125,0.08045578002929688,9.728K,0.027573108673095703,0,3,0,0,41.68359375,41.54296875,0,0,0,0.0,0,0,40900,training
1754995256.21106,10635,10635,0.041622161865234375,1040.328125,0.08045578002929688,9.728K,0.025467872619628906,0,3,0,0,41.68359375,41.54296875,0,0,0,0.0,0,0,41000,training
1754995256.260024,10635,10635,0.041622161865234375,1040.328125,0.08045578002929688,9.728K,0.025529861450195312,0,3,0,0,41.68359375,41.54296875,0,0,0,0.0,0,0,41100,training
1754995256.3089972,10635,10635,0.041622161865234375,1040.328125,0.08045578002929688,9.728K,0.025908946990966797,0,3,0,0,41.68359375,41.54296875,0,0,0,0.0,0,0,41200,training
1754995256.358172,10635,10635,0.041622161865234375,1040.328125,0.08045578002929688,9.728K,0.025691986083984375,0,3,0,0,41.68359375,41.54296875,0,0,0,0.0,0,0,41300,training
1754995256.407129,10635,10635,0.041622161865234375,1040.328125,0.08045578002929688,9.728K,0.02561807632446289,0,3,0,0,41.68359375,41.54296875,0,0,0,0.0,0,0,41400,training
1754995256.4553258,10635,10635,0.041622161865234375,1040.328125,0.08045578002929688,9.728K,0.02547740936279297,0,3,0,0,41.68359375,41.54296875,0,0,0,0.0,0,0,41500,training
1754995256.505156,10635,10635,0.041622161865234375,1040.328125,0.08045578002929688,9.728K,0.025551319122314453,0,3,0,0,41.68359375,41.54296875,0,0,0,0.0,0,0,41600,training
1754995256.553364,10635,10635,0.041622161865234375,1040.328125,0.08045578002929688,9.728K,0.02537250518798828,0,3,0,0,41.68359375,41.54296875,0,0,0,0.0,0,0,41700,training
1754995256.601571,10635,10635,0.041622161865234375,1040.328125,0.08045578002929688,9.728K,0.025777816772460938,0,3,0,0,41.68359375,41.54296875,0,0,0,0.0,0,0,41800,training
1754995256.671579,10635,10635,0.041622161865234375,1040.328125,0.08045578002929688,9.728K,0.02551555633544922,0,3,0,0,41.68359375,41.54296875,0,0,0,0.0,0,1,0,training
1754995256.7253592,10635,10635,0.041622161865234375,1040.328125,0.08045578002929688,9.728K,0.025641918182373047,0,3,0,0,41.68359375,41.54296875,0,0,0,0.0,0,1,100,training
1754995256.7741709,10635,10635,0.041622161865234375,1040.328125,0.08045578002929688,9.728K,0.02557992935180664,0,3,0,0,41.68359375,41.54296875,0,0,0,0.0,0,1,200,training
1754995256.823505,10635,10635,0.041622161865234375,1040.328125,0.08045578002929688,9.728K,0.02544403076171875,0,3,0,0,41.68359375,41.54296875,0,0,0,0.0,0,1,300,training
1754995256.872,10635,10635,0.041622161865234375,1040.328125,0.08045578002929688,9.728K,0.025188922882080078,0,3,0,0,41.68359375,41.54296875,0,0,0,0.0,0,1,400,training
1754995256.9208808,10635,10635,0.041622161865234375,1040.359375,0.08045578002929688,9.728K,0.02586841583251953,0,3,0,0,41.68359375,41.54296875,0,0,0,0.0,0,1,500,training
1754995256.9724429,10635,10635,0.041622161865234375,1040.359375,0.08045578002929688,9.728K,0.025446414947509766,0,3,0,0,41.68359375,41.54296875,0,0,0,0.0,0,1,600,training
1754995257.02071,10635,10635,0.041622161865234375,1040.359375,0.08045578002929688,9.728K,0.02537250518798828,0,3,0,0,41.68359375,41.54296875,0,0,0,0.0,0,1,700,training
1754995257.069313,10635,10635,0.041622161865234375,1040.390625,0.08045578002929688,9.728K,0.025467872619628906,0,3,0,0,41.68359375,41.54296875,0,0,0,0.0,0,1,800,training
1754995257.118081,10635,10635,0.041622161865234375,1040.390625,0.08045578002929688,9.728K,0.02548694610595703,0,3,0,0,41.68359375,41.54296875,0,0,0,0.0,0,1,900,training
1754995257.1666298,10635,10635,0.041622161865234375,1040.390625,0.08045578002929688,9.728K,0.02621173858642578,0,3,0,0,41.68359375,41.54296875,0,0,0,0.0,0,1,1000,training
1754995257.2148,10635,10635,0.041622161865234375,1040.390625,0.08045578002929688,9.728K,0.027644634246826172,0,3,0,0,41.68359375,41.54296875,0,0,0,0.0,0,1,1100,training
1754995257.263433,10635,10635,0.041622161865234375,1040.390625,0.08045578002929688,9.728K,0.02920389175415039,0,3,0,0,41.68359375,41.54296875,0,0,0,0.0,0,1,1200,training
1754995257.3118029,10635,10635,0.041622161865234375,1040.390625,0.08045578002929688,9.728K,0.025949478149414062,0,3,0,0,41.68359375,41.54296875,0,0,0,0.0,0,1,1300,training
1754995257.360496,10635,10635,0.041622161865234375,1040.390625,0.08045578002929688,9.728K,0.02549886703491211,0,3,0,0,41.68359375,41.54296875,0,0,0,0.0,0,1,1400,training
1754995257.409466,10635,10635,0.041622161865234375,1040.390625,0.08045578002929688,9.728K,0.025644302368164062,0,3,0,0,41.68359375,41.54296875,0,0,0,0.0,0,1,1500,training
1754995257.4583292,10635,10635,0.041622161865234375,1040.390625,0.08045578002929688,9.728K,0.0255584716796875,0,3,0,0,41.68359375,41.54296875,0,0,0,0.0,0,1,1600,training
1754995257.506699,10635,10635,0.041622161865234375,1040.390625,0.08045578002929688,9.728K,0.025615692138671875,0,3,0,0,41.68359375,41.54296875,0,0,0,0.0,0,1,1700,training
1754995257.5553741,10635,10635,0.041622161865234375,1040.40625,0.08045578002929688,9.728K,0.025396347045898438,0,3,0,0,41.68359375,41.54296875,0,0,0,0.0,0,1,1800,training
1754995257.604258,10635,10635,0.041622161865234375,1040.40625,0.08045578002929688,9.728K,0.02554178237915039,0,3,0,0,41.68359375,41.54296875,0,0,0,0.0,0,1,1900,training
1754995257.6534138,10635,10635,0.041622161865234375,1040.40625,0.08045578002929688,9.728K,0.02546548843383789,0,3,0,0,41.68359375,41.54296875,0,0,0,0.0,0,1,2000,training
1754995257.702137,10635,10635,0.041622161865234375,1040.40625,0.08045578002929688,9.728K,0.025494098663330078,0,3,0,0,41.68359375,41.54296875,0,0,0,0.0,0,1,2100,training
1754995257.750595,10635,10635,0.041622161865234375,1040.40625,0.08045578002929688,9.728K,0.025751590728759766,0,3,0,0,41.68359375,41.54296875,0,0,0,0.0,0,1,2200,training
1754995257.798866,10635,10635,0.041622161865234375,1040.40625,0.08045578002929688,9.728K,0.025451183319091797,0,3,0,0,41.68359375,41.54296875,0,0,0,0.0,0,1,2300,training
1754995257.847362,10635,10635,0.041622161865234375,1040.40625,0.08045578002929688,9.728K,0.02859354019165039,0,3,0,0,41.68359375,41.54296875,0,0,0,0.0,0,1,2400,training
1754995257.896168,10635,10635,0.041622161865234375,1040.40625,0.08045578002929688,9.728K,0.028493404388427734,0,3,0,0,41.68359375,41.54296875,0,0,0,0.0,0,1,2500,training
1754995257.944545,10635,10635,0.041622161865234375,1040.40625,0.08045578002929688,9.728K,0.025467872619628906,0,3,0,0,41.68359375,41.54296875,0,0,0,0.0,0,1,2600,training
1754995257.99324,10635,10635,0.041622161865234375,1040.40625,0.08045578002929688,9.728K,0.025625228881835938,0,3,0,0,41.68359375,41.54296875,0,0,0,0.0,0,1,2700,training
1754995258.0422862,10635,10635,0.041622161865234375,1040.40625,0.08045578002929688,9.728K,0.02582073211669922,0,3,0,0,41.68359375,41.54296875,0,0,0,0.0,0,1,2800,training
1754995258.090562,10635,10635,0.041622161865234375,1040.40625,0.08045578002929688,9.728K,0.025913715362548828,0,3,0,0,41.68359375,41.54296875,0,0,0,0.0,0,1,2900,training
1754995258.13871,10635,10635,0.041622161865234375,1040.453125,0.08045578002929688,9.728K,0.02532482147216797,0,3,0,0,41.68359375,41.54296875,0,0,0,0.0,0,1,3000,training
1754995258.187419,10635,10635,0.041622161865234375,1040.453125,0.08045578002929688,9.728K,0.025703907012939453,0,3,0,0,41.68359375,41.54296875,0,0,0,0.0,0,1,3100,training
1754995258.236279,10635,10635,0.041622161865234375,1040.453125,0.08045578002929688,9.728K,0.026881694793701172,0,3,0,0,41.68359375,41.54296875,0,0,0,0.0,0,1,3200,training
1754995258.284977,10635,10635,0.041622161865234375,1040.453125,0.08045578002929688,9.728K,0.025653839111328125,0,3,0,0,41.68359375,41.54296875,0,0,0,0.0,0,1,3300,training
1754995258.3332639,10635,10635,0.041622161865234375,1040.453125,0.08045578002929688,9.728K,0.025644302368164062,0,3,0,0,41.68359375,41.54296875,0,0,0,0.0,0,1,3400,training
1754995258.38176,10635,10635,0.041622161865234375,1040.453125,0.08045578002929688,9.728K,0.025992393493652344,0,3,0,0,41.68359375,41.54296875,0,0,0,0.0,0,1,3500,training
1754995258.4300659,10635,10635,0.041622161865234375,1040.453125,0.08045578002929688,9.728K,0.028698444366455078,0,3,0,0,41.68359375,41.54296875,0,0,0,0.0,0,1,3600,training
1754995258.487759,10635,10635,0.041622161865234375,1040.453125,0.08045578002929688,9.728K,0.026826858520507812,0,3,0,0,41.68359375,41.54296875,0,0,0,0.0,0,1,3700,training
1754995258.5514722,10635,10635,0.041622161865234375,1040.453125,0.08045578002929688,9.728K,0.029249191284179688,0,3,0,0,41.68359375,41.54296875,0,0,0,0.0,0,1,3800,training
1754995258.616626,10635,10635,0.041622161865234375,1040.453125,0.08045578002929688,9.728K,0.02749919891357422,0,3,0,0,41.68359375,41.54296875,0,0,0,0.0,0,1,3900,training
1754995258.666141,10635,10635,0.041622161865234375,1040.484375,0.08045578002929688,9.728K,0.025451183319091797,0,3,0,0,41.68359375,41.54296875,0,0,0,0.0,0,1,4000,training
1754995258.714439,10635,10635,0.041622161865234375,1040.484375,0.08045578002929688,9.728K,0.027587413787841797,0,3,0,0,41.68359375,41.54296875,0,0,0,0.0,0,1,4100,training
1754995258.763129,10635,10635,0.041622161865234375,1040.484375,0.08045578002929688,9.728K,0.028002262115478516,0,3,0,0,41.68359375,41.54296875,0,0,0,0.0,0,1,4200,training
1754995258.811809,10635,10635,0.041622161865234375,1040.515625,0.08045578002929688,9.728K,0.02652883529663086,0,3,0,0,41.68359375,41.54296875,0,0,0,0.0,0,1,4300,training
1754995258.860636,10635,10635,0.041622161865234375,1040.515625,0.08045578002929688,9.728K,0.02529621124267578,0,3,0,0,41.68359375,41.54296875,0,0,0,0.0,0,1,4400,training
1754995258.9092019,10635,10635,0.041622161865234375,1040.515625,0.08045578002929688,9.728K,0.025634765625,0,3,0,0,41.68359375,41.54296875,0,0,0,0.0,0,1,4500,training
1754995258.957881,10635,10635,0.041622161865234375,1040.515625,0.08045578002929688,9.728K,0.025784969329833984,0,3,0,0,41.68359375,41.54296875,0,0,0,0.0,0,1,4600,training
1754995259.0061939,10635,10635,0.041622161865234375,1040.515625,0.08045578002929688,9.728K,0.025610923767089844,0,3,0,0,41.68359375,41.54296875,0,0,0,0.0,0,1,4700,training
1754995259.055234,10635,10635,0.041622161865234375,1040.515625,0.08045578002929688,9.728K,0.025305747985839844,0,3,0,0,41.68359375,41.54296875,0,0,0,0.0,0,1,4800,training
1754995259.103997,10635,10635,0.041622161865234375,1040.515625,0.08045578002929688,9.728K,0.025599002838134766,0,3,0,0,41.68359375,41.54296875,0,0,0,0.0,0,1,4900,training
1754995259.152331,10635,10635,0.041622161865234375,1040.515625,0.08045578002929688,9.728K,0.025281906127929688,0,3,0,0,41.68359375,41.54296875,0,0,0,0.0,0,1,5000,training
1754995259.201492,10635,10635,0.041622161865234375,1040.515625,0.08045578002929688,9.728K,0.02579212188720703,0,3,0,0,41.68359375,41.54296875,0,0,0,0.0,0,1,5100,training
1754995259.2501051,10635,10635,0.041622161865234375,1040.515625,0.08045578002929688,9.728K,0.025615692138671875,0,3,0,0,41.68359375,41.54296875,0,0,0,0.0,0,1,5200,training
1754995259.298398,10635,10635,0.041622161865234375,1040.515625,0.08045578002929688,9.728K,0.025665760040283203,0,3,0,0,41.68359375,41.54296875,0,0,0,0.0,0,1,5300,training
1754995259.3471591,10635,10635,0.041622161865234375,1040.546875,0.08045578002929688,9.728K,0.02874135971069336,0,3,0,0,41.68359375,41.54296875,0,0,0,0.0,0,1,5400,training
1754995259.395461,10635,10635,0.041622161865234375,1040.546875,0.08045578002929688,9.728K,0.027544498443603516,0,3,0,0,41.68359375,41.54296875,0,0,0,0.0,0,1,5500,training
1754995259.44416,10635,10635,0.041622161865234375,1040.546875,0.08045578002929688,9.728K,0.025649070739746094,0,3,0,0,41.68359375,41.54296875,0,0,0,0.0,0,1,5600,training
1754995259.4927669,10635,10635,0.041622161865234375,1040.546875,0.08045578002929688,9.728K,0.02589702606201172,0,3,0,0,41.68359375,41.54296875,0,0,0,0.0,0,1,5700,training
1754995259.541312,10635,10635,0.041622161865234375,1040.546875,0.08045578002929688,9.728K,0.025768280029296875,0,3,0,0,41.68359375,41.54296875,0,0,0,0.0,0,1,5800,training
1754995259.589786,10635,10635,0.041622161865234375,1040.546875,0.08045578002929688,9.728K,0.025682449340820312,0,3,0,0,41.68359375,41.54296875,0,0,0,0.0,0,1,5900,training
1754995259.638299,10635,10635,0.041622161865234375,1040.546875,0.08045578002929688,9.728K,0.025339126586914062,0,3,0,0,41.68359375,41.54296875,0,0,0,0.0,0,1,6000,training
1754995259.6870809,10635,10635,0.041622161865234375,1040.5625,0.08045578002929688,9.728K,0.02532958984375,0,3,0,0,41.68359375,41.54296875,0,0,0,0.0,0,1,6100,training
1754995259.735446,10635,10635,0.041622161865234375,1040.5625,0.08045578002929688,9.728K,0.025434494018554688,0,3,0,0,41.68359375,41.54296875,0,0,0,0.0,0,1,6200,training
1754995259.784162,10635,10635,0.041622161865234375,1040.5625,0.08045578002929688,9.728K,0.02559185028076172,0,3,0,0,41.68359375,41.54296875,0,0,0,0.0,0,1,6300,training
1754995259.8327239,10635,10635,0.041622161865234375,1040.5625,0.08045578002929688,9.728K,0.025510787963867188,0,3,0,0,41.68359375,41.54296875,0,0,0,0.0,0,1,6400,training
1754995259.88219,10635,10635,0.041622161865234375,1040.5625,0.08045578002929688,9.728K,0.02541065216064453,0,3,0,0,41.68359375,41.54296875,0,0,0,0.0,0,1,6500,training
1754995259.930926,10635,10635,0.041622161865234375,1040.5625,0.08045578002929688,9.728K,0.028896331787109375,0,3,0,0,41.68359375,41.54296875,0,0,0,0.0,0,1,6600,training
1754995259.979437,10635,10635,0.041622161865234375,1040.5625,0.08045578002929688,9.728K,0.028350353240966797,0,3,0,0,41.68359375,41.54296875,0,0,0,0.0,0,1,6700,training
1754995260.030713,10635,10635,0.041622161865234375,1040.5625,0.08045578002929688,9.728K,0.034067630767822266,0,3,0,0,41.68359375,41.54296875,0,0,0,0.0,0,1,6800,training
1754995260.080947,10635,10635,0.041622161865234375,1040.5625,0.08045578002929688,9.728K,0.029180049896240234,0,3,0,0,41.68359375,41.54296875,0,0,0,0.0,0,1,6900,training
1754995260.12979,10635,10635,0.041622161865234375,1040.5625,0.08045578002929688,9.728K,0.030133724212646484,0,3,0,0,41.68359375,41.54296875,0,0,0,0.0,0,1,7000,training
1754995260.1789172,10635,10635,0.041622161865234375,1040.5625,0.08045578002929688,9.728K,0.027277469635009766,0,3,0,0,41.68359375,41.54296875,0,0,0,0.0,0,1,7100,training
1754995260.2281768,10635,10635,0.041622161865234375,1040.5625,0.08045578002929688,9.728K,0.02618551254272461,0,3,0,0,41.68359375,41.54296875,0,0,0,0.0,0,1,7200,training
1754995260.276714,10635,10635,0.041622161865234375,1040.59375,0.08045578002929688,9.728K,0.025532245635986328,0,3,0,0,41.68359375,41.54296875,0,0,0,0.0,0,1,7300,training
1754995260.325238,10635,10635,0.041622161865234375,1040.59375,0.08045578002929688,9.728K,0.025777816772460938,0,3,0,0,41.68359375,41.54296875,0,0,0,0.0,0,1,7400,training
1754995260.3737879,10635,10635,0.041622161865234375,1040.59375,0.08045578002929688,9.728K,0.025794506072998047,0,3,0,0,41.68359375,41.54296875,0,0,0,0.0,0,1,7500,training
1754995260.4222238,10635,10635,0.041622161865234375,1040.59375,0.08045578002929688,9.728K,0.025277137756347656,0,3,0,0,41.68359375,41.54296875,0,0,0,0.0,0,1,7600,training
1754995260.470769,10635,10635,0.041622161865234375,1040.59375,0.08045578002929688,9.728K,0.025432109832763672,0,3,0,0,41.68359375,41.54296875,0,0,0,0.0,0,1,7700,training
1754995260.5192058,10635,10635,0.041622161865234375,1040.59375,0.08045578002929688,9.728K,0.025634765625,0,3,0,0,41.68359375,41.54296875,0,0,0,0.0,0,1,7800,training
1754995260.567554,10635,10635,0.041622161865234375,1040.59375,0.08045578002929688,9.728K,0.02582550048828125,0,3,0,0,41.68359375,41.54296875,0,0,0,0.0,0,1,7900,training
1754995260.616332,10635,10635,0.041622161865234375,1040.59375,0.08045578002929688,9.728K,0.025758743286132812,0,3,0,0,41.68359375,41.54296875,0,0,0,0.0,0,1,8000,training
1754995260.669672,10635,10635,0.041622161865234375,1040.59375,0.08045578002929688,9.728K,0.02559185028076172,0,3,0,0,41.68359375,41.54296875,0,0,0,0.0,0,1,8100,training
1754995260.718891,10635,10635,0.041622161865234375,1040.59375,0.08045578002929688,9.728K,0.028026103973388672,0,3,0,0,41.68359375,41.54296875,0,0,0,0.0,0,1,8200,training
1754995260.770781,10635,10635,0.041622161865234375,1040.59375,0.08045578002929688,9.728K,0.025424957275390625,0,3,0,0,41.68359375,41.54296875,0,0,0,0.0,0,1,8300,training
1754995260.819207,10635,10635,0.041622161865234375,1040.59375,0.08045578002929688,9.728K,0.02554178237915039,0,3,0,0,41.68359375,41.54296875,0,0,0,0.0,0,1,8400,training
1754995260.867896,10635,10635,0.041622161865234375,1040.59375,0.08045578002929688,9.728K,0.026161670684814453,0,3,0,0,41.68359375,41.54296875,0,0,0,0.0,0,1,8500,training
1754995260.9167109,10635,10635,0.041622161865234375,1040.59375,0.08045578002929688,9.728K,0.026721954345703125,0,3,0,0,41.68359375,41.54296875,0,0,0,0.0,0,1,8600,training
1754995260.966086,10635,10635,0.041622161865234375,1040.59375,0.08045578002929688,9.728K,0.02577066421508789,0,3,0,0,41.68359375,41.54296875,0,0,0,0.0,0,1,8700,training
1754995261.014816,10635,10635,0.041622161865234375,1040.59375,0.08045578002929688,9.728K,0.025691986083984375,0,3,0,0,41.68359375,41.54296875,0,0,0,0.0,0,1,8800,training
1754995261.063659,10635,10635,0.041622161865234375,1040.59375,0.08045578002929688,9.728K,0.02933025360107422,0,3,0,0,41.68359375,41.54296875,0,0,0,0.0,0,1,8900,training
1754995261.112726,10635,10635,0.041622161865234375,1040.59375,0.08045578002929688,9.728K,0.029282569885253906,0,3,0,0,41.68359375,41.54296875,0,0,0,0.0,0,1,9000,training
1754995261.1606998,10635,10635,0.041622161865234375,1040.59375,0.08045578002929688,9.728K,0.025424957275390625,0,3,0,0,41.68359375,41.54296875,0,0,0,0.0,0,1,9100,training
1754995261.20962,10635,10635,0.041622161865234375,1040.59375,0.08045578002929688,9.728K,0.02535104751586914,0,3,0,0,41.68359375,41.54296875,0,0,0,0.0,0,1,9200,training
1754995261.258016,10635,10635,0.041622161865234375,1040.59375,0.08045578002929688,9.728K,0.02559661865234375,0,3,0,0,41.68359375,41.54296875,0,0,0,0.0,0,1,9300,training
1754995261.306127,10635,10635,0.041622161865234375,1040.59375,0.08045578002929688,9.728K,0.025479793548583984,0,3,0,0,41.68359375,41.54296875,0,0,0,0.0,0,1,9400,training
1754995261.3541539,10635,10635,0.041622161865234375,1040.59375,0.08045578002929688,9.728K,0.025560855865478516,0,3,0,0,41.68359375,41.54296875,0,0,0,0.0,0,1,9500,training
1754995261.4024599,10635,10635,0.041622161865234375,1040.59375,0.08045578002929688,9.728K,0.025546550750732422,0,3,0,0,41.68359375,41.54296875,0,0,0,0.0,0,1,9600,training
1754995261.4508858,10635,10635,0.041622161865234375,1040.59375,0.08045578002929688,9.728K,0.025758743286132812,0,3,0,0,41.68359375,41.54296875,0,0,0,0.0,0,1,9700,training
1754995261.4999301,10635,10635,0.041622161865234375,1040.59375,0.08045578002929688,9.728K,0.02561330795288086,0,3,0,0,41.68359375,41.54296875,0,0,0,0.0,0,1,9800,training
1754995261.54844,10635,10635,0.041622161865234375,1040.59375,0.08045578002929688,9.728K,0.02553701400756836,0,3,0,0,41.68359375,41.54296875,0,0,0,0.0,0,1,9900,training
1754995261.597219,10635,10635,0.041622161865234375,1040.59375,0.08045578002929688,9.728K,0.029056072235107422,0,3,0,0,41.68359375,41.54296875,0,0,0,0.0,0,1,10000,training
1754995261.646353,10635,10635,0.041622161865234375,1040.59375,0.08045578002929688,9.728K,0.028600692749023438,0,3,0,0,41.68359375,41.54296875,0,0,0,0.0,0,1,10100,training
1754995261.695368,10635,10635,0.041622161865234375,1040.59375,0.08045578002929688,9.728K,0.027015209197998047,0,3,0,0,41.68359375,41.54296875,0,0,0,0.0,0,1,10200,training
1754995261.743818,10635,10635,0.041622161865234375,1040.59375,0.08045578002929688,9.728K,0.02537250518798828,0,3,0,0,41.68359375,41.54296875,0,0,0,0.0,0,1,10300,training
1754995261.7922938,10635,10635,0.041622161865234375,1040.59375,0.08045578002929688,9.728K,0.025467872619628906,0,3,0,0,41.68359375,41.54296875,0,0,0,0.0,0,1,10400,training
1754995261.840842,10635,10635,0.041622161865234375,1040.59375,0.08045578002929688,9.728K,0.025889873504638672,0,3,0,0,41.68359375,41.54296875,0,0,0,0.0,0,1,10500,training
1754995261.889889,10635,10635,0.041622161865234375,1040.59375,0.08045578002929688,9.728K,0.025577545166015625,0,3,0,0,41.68359375,41.54296875,0,0,0,0.0,0,1,10600,training
1754995261.938684,10635,10635,0.041622161865234375,1040.59375,0.08045578002929688,9.728K,0.02534627914428711,0,3,0,0,41.68359375,41.54296875,0,0,0,0.0,0,1,10700,training
1754995261.987008,10635,10635,0.041622161865234375,1040.59375,0.08045578002929688,9.728K,0.025365352630615234,0,3,0,0,41.68359375,41.54296875,0,0,0,0.0,0,1,10800,training
1754995262.0376909,10635,10635,0.041622161865234375,1040.609375,0.08045578002929688,9.728K,0.026156902313232422,0,3,0,0,41.68359375,41.54296875,0,0,0,0.0,0,1,10900,training
1754995262.087204,10635,10635,0.041622161865234375,1040.640625,0.08045578002929688,9.728K,0.025391578674316406,0,3,0,0,41.68359375,41.54296875,0,0,0,0.0,0,1,11000,training
1754995262.135681,10635,10635,0.041622161865234375,1040.640625,0.08045578002929688,9.728K,0.025377273559570312,0,3,0,0,41.68359375,41.54296875,0,0,0,0.0,0,1,11100,training
1754995262.1843789,10635,10635,0.041622161865234375,1040.640625,0.08045578002929688,9.728K,0.02548694610595703,0,3,0,0,41.68359375,41.54296875,0,0,0,0.0,0,1,11200,training
1754995262.235021,10635,10635,0.041622161865234375,1040.640625,0.08045578002929688,9.728K,0.027687549591064453,0,3,0,0,41.68359375,41.54296875,0,0,0,0.0,0,1,11300,training
1754995262.284037,10635,10635,0.041622161865234375,1040.640625,0.08045578002929688,9.728K,0.025670528411865234,0,3,0,0,41.68359375,41.54296875,0,0,0,0.0,0,1,11400,training
1754995262.332127,10635,10635,0.041622161865234375,1040.640625,0.08045578002929688,9.728K,0.02590179443359375,0,3,0,0,41.68359375,41.54296875,0,0,0,0.0,0,1,11500,training
1754995262.380893,10635,10635,0.041622161865234375,1040.640625,0.08045578002929688,9.728K,0.030047893524169922,0,3,0,0,41.68359375,41.54296875,0,0,0,0.0,0,1,11600,training
1754995262.4301991,10635,10635,0.041622161865234375,1040.640625,0.08045578002929688,9.728K,0.029327869415283203,0,3,0,0,41.68359375,41.54296875,0,0,0,0.0,0,1,11700,training
1754995262.4789429,10635,10635,0.041622161865234375,1040.640625,0.08045578002929688,9.728K,0.027401447296142578,0,3,0,0,41.68359375,41.54296875,0,0,0,0.0,0,1,11800,training
1754995262.527238,10635,10635,0.041622161865234375,1040.640625,0.08045578002929688,9.728K,0.025277137756347656,0,3,0,0,41.68359375,41.54296875,0,0,0,0.0,0,1,11900,training
1754995262.5756958,10635,10635,0.041622161865234375,1040.640625,0.08045578002929688,9.728K,0.025570392608642578,0,3,0,0,41.68359375,41.54296875,0,0,0,0.0,0,1,12000,training
1754995262.623969,10635,10635,0.041622161865234375,1040.640625,0.08045578002929688,9.728K,0.025773048400878906,0,3,0,0,41.68359375,41.54296875,0,0,0,0.0,0,1,12100,training
1754995262.673234,10635,10635,0.041622161865234375,1040.640625,0.08045578002929688,9.728K,0.02528667449951172,0,3,0,0,41.68359375,41.54296875,0,0,0,0.0,0,1,12200,training
1754995262.721492,10635,10635,0.041622161865234375,1040.640625,0.08045578002929688,9.728K,0.025262832641601562,0,3,0,0,41.68359375,41.54296875,0,0,0,0.0,0,1,12300,training
1754995262.771127,10635,10635,0.041622161865234375,1040.640625,0.08045578002929688,9.728K,0.027425289154052734,0,3,0,0,41.68359375,41.54296875,0,0,0,0.0,0,1,12400,training
1754995262.820374,10635,10635,0.041622161865234375,1040.640625,0.08045578002929688,9.728K,0.025479793548583984,0,3,0,0,41.68359375,41.54296875,0,0,0,0.0,0,1,12500,training
1754995262.8689752,10635,10635,0.041622161865234375,1040.640625,0.08045578002929688,9.728K,0.02542257308959961,0,3,0,0,41.68359375,41.54296875,0,0,0,0.0,0,1,12600,training
1754995262.918018,10635,10635,0.041622161865234375,1040.640625,0.08045578002929688,9.728K,0.025966167449951172,0,3,0,0,41.68359375,41.54296875,0,0,0,0.0,0,1,12700,training
1754995262.96661,10635,10635,0.041622161865234375,1040.640625,0.08045578002929688,9.728K,0.02582550048828125,0,3,0,0,41.68359375,41.54296875,0,0,0,0.0,0,1,12800,training
1754995263.01454,10635,10635,0.041622161865234375,1040.640625,0.08045578002929688,9.728K,0.027630329132080078,0,3,0,0,41.68359375,41.54296875,0,0,0,0.0,0,1,12900,training
1754995263.063421,10635,10635,0.041622161865234375,1040.640625,0.08045578002929688,9.728K,0.029227733612060547,0,3,0,0,41.68359375,41.54296875,0,0,0,0.0,0,1,13000,training
1754995263.1123998,10635,10635,0.041622161865234375,1040.640625,0.08045578002929688,9.728K,0.028390884399414062,0,3,0,0,41.68359375,41.54296875,0,0,0,0.0,0,1,13100,training
1754995263.160691,10635,10635,0.041622161865234375,1040.640625,0.08045578002929688,9.728K,0.025429725646972656,0,3,0,0,41.68359375,41.54296875,0,0,0,0.0,0,1,13200,training
1754995263.209545,10635,10635,0.041622161865234375,1040.640625,0.08045578002929688,9.728K,0.02568960189819336,0,3,0,0,41.68359375,41.54296875,0,0,0,0.0,0,1,13300,training
1754995263.258244,10635,10635,0.041622161865234375,1040.640625,0.08045578002929688,9.728K,0.025508403778076172,0,3,0,0,41.68359375,41.54296875,0,0,0,0.0,0,1,13400,training
1754995263.30674,10635,10635,0.041622161865234375,1040.640625,0.08045578002929688,9.728K,0.025544166564941406,0,3,0,0,41.68359375,41.54296875,0,0,0,0.0,0,1,13500,training
1754995263.355057,10635,10635,0.041622161865234375,1040.640625,0.08045578002929688,9.728K,0.02536773681640625,0,3,0,0,41.68359375,41.54296875,0,0,0,0.0,0,1,13600,training
1754995263.4036229,10635,10635,0.041622161865234375,1040.640625,0.08045578002929688,9.728K,0.025250911712646484,0,3,0,0,41.68359375,41.54296875,0,0,0,0.0,0,1,13700,training
1754995263.4518552,10635,10635,0.041622161865234375,1040.671875,0.08045578002929688,9.728K,0.025959014892578125,0,3,0,0,41.68359375,41.54296875,0,0,0,0.0,0,1,13800,training
1754995263.500274,10635,10635,0.041622161865234375,1040.671875,0.08045578002929688,9.728K,0.025849342346191406,0,3,0,0,41.68359375,41.54296875,0,0,0,0.0,0,1,13900,training
1754995263.548126,10635,10635,0.041622161865234375,1040.671875,0.08045578002929688,9.728K,0.026836395263671875,0,3,0,0,41.68359375,41.54296875,0,0,0,0.0,0,1,14000,training
1754995263.596673,10635,10635,0.041622161865234375,1040.6875,0.08045578002929688,9.728K,0.029015541076660156,0,3,0,0,41.68359375,41.54296875,0,0,0,0.0,0,1,14100,training
1754995263.646039,10635,10635,0.041622161865234375,1040.6875,0.08045578002929688,9.728K,0.02906322479248047,0,3,0,0,41.68359375,41.54296875,0,0,0,0.0,0,1,14200,training
1754995263.694475,10635,10635,0.041622161865234375,1040.6875,0.08045578002929688,9.728K,0.02535104751586914,0,3,0,0,41.68359375,41.54296875,0,0,0,0.0,0,1,14300,training
1754995263.7432241,10635,10635,0.041622161865234375,1040.6875,0.08045578002929688,9.728K,0.025899410247802734,0,3,0,0,41.68359375,41.54296875,0,0,0,0.0,0,1,14400,training
1754995263.791966,10635,10635,0.041622161865234375,1040.6875,0.08045578002929688,9.728K,0.02586841583251953,0,3,0,0,41.68359375,41.54296875,0,0,0,0.0,0,1,14500,training
1754995263.840846,10635,10635,0.041622161865234375,1040.6875,0.08045578002929688,9.728K,0.025775432586669922,0,3,0,0,41.68359375,41.54296875,0,0,0,0.0,0,1,14600,training
1754995263.889224,10635,10635,0.041622161865234375,1040.6875,0.08045578002929688,9.728K,0.02547740936279297,0,3,0,0,41.68359375,41.54296875,0,0,0,0.0,0,1,14700,training
1754995263.939296,10635,10635,0.041622161865234375,1040.6875,0.08045578002929688,9.728K,0.025599002838134766,0,3,0,0,41.68359375,41.54296875,0,0,0,0.0,0,1,14800,training
1754995263.987803,10635,10635,0.041622161865234375,1040.71875,0.08045578002929688,9.728K,0.025527477264404297,0,3,0,0,41.68359375,41.54296875,0,0,0,0.0,0,1,14900,training
1754995264.036135,10635,10635,0.041622161865234375,1040.71875,0.08045578002929688,9.728K,0.02565145492553711,0,3,0,0,41.68359375,41.54296875,0,0,0,0.0,0,1,15000,training
1754995264.0846562,10635,10635,0.041622161865234375,1040.734375,0.08045578002929688,9.728K,0.025382041931152344,0,3,0,0,41.68359375,41.54296875,0,0,0,0.0,0,1,15100,training
1754995264.133316,10635,10635,0.041622161865234375,1040.765625,0.08045578002929688,9.728K,0.02578258514404297,0,3,0,0,41.68359375,41.54296875,0,0,0,0.0,0,1,15200,training
1754995264.181719,10635,10635,0.041622161865234375,1040.765625,0.08045578002929688,9.728K,0.025610923767089844,0,3,0,0,41.68359375,41.54296875,0,0,0,0.0,0,1,15300,training
1754995264.230625,10635,10635,0.041622161865234375,1040.765625,0.08045578002929688,9.728K,0.028963088989257812,0,3,0,0,41.68359375,41.54296875,0,0,0,0.0,0,1,15400,training
1754995264.2794812,10635,10635,0.041622161865234375,1040.765625,0.08045578002929688,9.728K,0.029468536376953125,0,3,0,0,41.68359375,41.54296875,0,0,0,0.0,0,1,15500,training
1754995264.3281898,10635,10635,0.041622161865234375,1040.765625,0.08045578002929688,9.728K,0.025649070739746094,0,3,0,0,41.68359375,41.54296875,0,0,0,0.0,0,1,15600,training
1754995264.37704,10635,10635,0.041622161865234375,1040.765625,0.08045578002929688,9.728K,0.02525806427001953,0,3,0,0,41.68359375,41.54296875,0,0,0,0.0,0,1,15700,training
1754995264.425419,10635,10635,0.041622161865234375,1040.765625,0.08045578002929688,9.728K,0.02578258514404297,0,3,0,0,41.68359375,41.54296875,0,0,0,0.0,0,1,15800,training
1754995264.4744809,10635,10635,0.041622161865234375,1040.765625,0.08045578002929688,9.728K,0.025691986083984375,0,3,0,0,41.68359375,41.54296875,0,0,0,0.0,0,1,15900,training
1754995264.5233579,10635,10635,0.041622161865234375,1040.765625,0.08045578002929688,9.728K,0.025415420532226562,0,3,0,0,41.68359375,41.54296875,0,0,0,0.0,0,1,16000,training
1754995264.5721579,10635,10635,0.041622161865234375,1040.765625,0.08045578002929688,9.728K,0.025053024291992188,0,3,0,0,41.68359375,41.54296875,0,0,0,0.0,0,1,16100,training
1754995264.621087,10635,10635,0.041622161865234375,1040.765625,0.08045578002929688,9.728K,0.025167465209960938,0,3,0,0,41.68359375,41.54296875,0,0,0,0.0,0,1,16200,training
1754995264.670048,10635,10635,0.041622161865234375,1040.765625,0.08045578002929688,9.728K,0.02569437026977539,0,3,0,0,41.68359375,41.54296875,0,0,0,0.0,0,1,16300,training
1754995264.71913,10635,10635,0.041622161865234375,1040.765625,0.08045578002929688,9.728K,0.02584218978881836,0,3,0,0,41.68359375,41.54296875,0,0,0,0.0,0,1,16400,training
1754995264.76723,10635,10635,0.041622161865234375,1040.765625,0.08045578002929688,9.728K,0.025835037231445312,0,3,0,0,41.68359375,41.54296875,0,0,0,0.0,0,1,16500,training
1754995264.8150861,10635,10635,0.041622161865234375,1040.765625,0.08045578002929688,9.728K,0.025815963745117188,0,3,0,0,41.68359375,41.54296875,0,0,0,0.0,0,1,16600,training
1754995264.863847,10635,10635,0.041622161865234375,1040.765625,0.08045578002929688,9.728K,0.02948760986328125,0,3,0,0,41.68359375,41.54296875,0,0,0,0.0,0,1,16700,training
1754995264.9128199,10635,10635,0.041622161865234375,1040.765625,0.08045578002929688,9.728K,0.028510093688964844,0,3,0,0,41.68359375,41.54296875,0,0,0,0.0,0,1,16800,training
1754995264.962562,10635,10635,0.041622161865234375,1040.765625,0.08045578002929688,9.728K,0.028755664825439453,0,3,0,0,41.68359375,41.54296875,0,0,0,0.0,0,1,16900,training
1754995265.010568,10635,10635,0.041622161865234375,1040.765625,0.08045578002929688,9.728K,0.025479793548583984,0,3,0,0,41.68359375,41.54296875,0,0,0,0.0,0,1,17000,training
1754995265.0587971,10635,10635,0.041622161865234375,1040.765625,0.08045578002929688,9.728K,0.025560855865478516,0,3,0,0,41.68359375,41.54296875,0,0,0,0.0,0,1,17100,training
1754995265.107502,10635,10635,0.041622161865234375,1040.765625,0.08045578002929688,9.728K,0.02552509307861328,0,3,0,0,41.68359375,41.54296875,0,0,0,0.0,0,1,17200,training
1754995265.156255,10635,10635,0.041622161865234375,1040.765625,0.08045578002929688,9.728K,0.025532245635986328,0,3,0,0,41.68359375,41.54296875,0,0,0,0.0,0,1,17300,training
1754995265.204947,10635,10635,0.041622161865234375,1040.765625,0.08045578002929688,9.728K,0.025131702423095703,0,3,0,0,41.68359375,41.54296875,0,0,0,0.0,0,1,17400,training
1754995265.253653,10635,10635,0.041622161865234375,1040.765625,0.08045578002929688,9.728K,0.025699138641357422,0,3,0,0,41.68359375,41.54296875,0,0,0,0.0,0,1,17500,training
1754995265.302516,10635,10635,0.041622161865234375,1040.765625,0.08045578002929688,9.728K,0.02542734146118164,0,3,0,0,41.68359375,41.54296875,0,0,0,0.0,0,1,17600,training
1754995265.35103,10635,10635,0.041622161865234375,1040.765625,0.08045578002929688,9.728K,0.025610923767089844,0,3,0,0,41.68359375,41.54296875,0,0,0,0.0,0,1,17700,training
1754995265.399157,10635,10635,0.041622161865234375,1040.765625,0.08045578002929688,9.728K,0.025777816772460938,0,3,0,0,41.68359375,41.54296875,0,0,0,0.0,0,1,17800,training
1754995265.448046,10635,10635,0.041622161865234375,1040.765625,0.08045578002929688,9.728K,0.025873184204101562,0,3,0,0,41.68359375,41.54296875,0,0,0,0.0,0,1,17900,training
1754995265.496824,10635,10635,0.041622161865234375,1040.765625,0.08045578002929688,9.728K,0.02955913543701172,0,3,0,0,41.68359375,41.54296875,0,0,0,0.0,0,1,18000,training
1754995265.545575,10635,10635,0.041622161865234375,1040.765625,0.08045578002929688,9.728K,0.028126239776611328,0,3,0,0,41.68359375,41.54296875,0,0,0,0.0,0,1,18100,training
1754995265.5942981,10635,10635,0.041622161865234375,1040.765625,0.08045578002929688,9.728K,0.025599002838134766,0,3,0,0,41.68359375,41.54296875,0,0,0,0.0,0,1,18200,training
1754995265.6449752,10635,10635,0.041622161865234375,1040.765625,0.08045578002929688,9.728K,0.026586055755615234,0,3,0,0,41.68359375,41.54296875,0,0,0,0.0,0,1,18300,training
1754995265.693797,10635,10635,0.041622161865234375,1040.765625,0.08045578002929688,9.728K,0.02585887908935547,0,3,0,0,41.68359375,41.54296875,0,0,0,0.0,0,1,18400,training
1754995265.748012,10635,10635,0.041622161865234375,1040.765625,0.08045578002929688,9.728K,0.026786327362060547,0,3,0,0,41.68359375,41.54296875,0,0,0,0.0,0,1,18500,training
1754995265.797045,10635,10635,0.041622161865234375,1040.765625,0.08045578002929688,9.728K,0.028846263885498047,0,3,0,0,41.68359375,41.54296875,0,0,0,0.0,0,1,18600,training
1754995265.845981,10635,10635,0.041622161865234375,1040.765625,0.08045578002929688,9.728K,0.028269290924072266,0,3,0,0,41.68359375,41.54296875,0,0,0,0.0,0,1,18700,training
1754995265.894309,10635,10635,0.041622161865234375,1040.765625,0.08045578002929688,9.728K,0.0254058837890625,0,3,0,0,41.68359375,41.54296875,0,0,0,0.0,0,1,18800,training
1754995265.943182,10635,10635,0.041622161865234375,1040.765625,0.08045578002929688,9.728K,0.025393962860107422,0,3,0,0,41.68359375,41.54296875,0,0,0,0.0,0,1,18900,training
1754995265.992204,10635,10635,0.041622161865234375,1040.765625,0.08045578002929688,9.728K,0.025947093963623047,0,3,0,0,41.68359375,41.54296875,0,0,0,0.0,0,1,19000,training
1754995266.041137,10635,10635,0.041622161865234375,1040.765625,0.08045578002929688,9.728K,0.02552032470703125,0,3,0,0,41.68359375,41.54296875,0,0,0,0.0,0,1,19100,training
1754995266.0893052,10635,10635,0.041622161865234375,1040.765625,0.08045578002929688,9.728K,0.02546548843383789,0,3,0,0,41.68359375,41.54296875,0,0,0,0.0,0,1,19200,training
1754995266.137429,10635,10635,0.041622161865234375,1040.765625,0.08045578002929688,9.728K,0.025508403778076172,0,3,0,0,41.68359375,41.54296875,0,0,0,0.0,0,1,19300,training
1754995266.1867251,10635,10635,0.041622161865234375,1040.765625,0.08045578002929688,9.728K,0.025534629821777344,0,3,0,0,41.68359375,41.54296875,0,0,0,0.0,0,1,19400,training
1754995266.235432,10635,10635,0.041622161865234375,1040.765625,0.08045578002929688,9.728K,0.025470256805419922,0,3,0,0,41.68359375,41.54296875,0,0,0,0.0,0,1,19500,training
1754995266.283944,10635,10635,0.041622161865234375,1040.765625,0.08045578002929688,9.728K,0.02544403076171875,0,3,0,0,41.68359375,41.54296875,0,0,0,0.0,0,1,19600,training
1754995266.332578,10635,10635,0.041622161865234375,1040.765625,0.08045578002929688,9.728K,0.025773048400878906,0,3,0,0,41.68359375,41.54296875,0,0,0,0.0,0,1,19700,training
1754995266.382024,10635,10635,0.041622161865234375,1040.765625,0.08045578002929688,9.728K,0.025513172149658203,0,3,0,0,41.68359375,41.54296875,0,0,0,0.0,0,1,19800,training
1754995266.431063,10635,10635,0.041622161865234375,1040.765625,0.08045578002929688,9.728K,0.027790069580078125,0,3,0,0,41.68359375,41.54296875,0,0,0,0.0,0,1,19900,training
1754995266.479885,10635,10635,0.041622161865234375,1040.78125,0.08045578002929688,9.728K,0.028793811798095703,0,3,0,0,41.68359375,41.54296875,0,0,0,0.0,0,1,20000,training
1754995266.528903,10635,10635,0.041622161865234375,1040.78125,0.08045578002929688,9.728K,0.028393268585205078,0,3,0,0,41.68359375,41.54296875,0,0,0,0.0,0,1,20100,training
1754995266.576781,10635,10635,0.041622161865234375,1040.78125,0.08045578002929688,9.728K,0.025365352630615234,0,3,0,0,41.68359375,41.54296875,0,0,0,0.0,0,1,20200,training
1754995266.6258838,10635,10635,0.041622161865234375,1040.78125,0.08045578002929688,9.728K,0.025491714477539062,0,3,0,0,41.68359375,41.54296875,0,0,0,0.0,0,1,20300,training
1754995266.674828,10635,10635,0.041622161865234375,1040.78125,0.08045578002929688,9.728K,0.025620460510253906,0,3,0,0,41.68359375,41.54296875,0,0,0,0.0,0,1,20400,training
1754995266.722659,10635,10635,0.041622161865234375,1040.78125,0.08045578002929688,9.728K,0.025379657745361328,0,3,0,0,41.68359375,41.54296875,0,0,0,0.0,0,1,20500,training
1754995266.771457,10635,10635,0.041622161865234375,1040.78125,0.08045578002929688,9.728K,0.025348663330078125,0,3,0,0,41.68359375,41.54296875,0,0,0,0.0,0,1,20600,training
1754995266.820408,10635,10635,0.041622161865234375,1040.78125,0.08045578002929688,9.728K,0.025730133056640625,0,3,0,0,41.68359375,41.54296875,0,0,0,0.0,0,1,20700,training
1754995266.868721,10635,10635,0.041622161865234375,1040.78125,0.08045578002929688,9.728K,0.02576589584350586,0,3,0,0,41.68359375,41.54296875,0,0,0,0.0,0,1,20800,training
1754995266.917024,10635,10635,0.041622161865234375,1040.78125,0.08045578002929688,9.728K,0.025968551635742188,0,3,0,0,41.68359375,41.54296875,0,0,0,0.0,0,1,20900,training
1754995266.9656801,10635,10635,0.041622161865234375,1040.78125,0.08045578002929688,9.728K,0.025494098663330078,0,3,0,0,41.68359375,41.54296875,0,0,0,0.0,0,1,21000,training
1754995267.014099,10635,10635,0.041622161865234375,1040.78125,0.08045578002929688,9.728K,0.02875804901123047,0,3,0,0,41.68359375,41.54296875,0,0,0,0.0,0,1,21100,training
1754995267.063183,10635,10635,0.041622161865234375,1040.8125,0.08045578002929688,9.728K,0.028498172760009766,0,3,0,0,41.68359375,41.54296875,0,0,0,0.0,0,1,21200,training
1754995267.111826,10635,10635,0.041622161865234375,1040.8125,0.08045578002929688,9.728K,0.028209686279296875,0,3,0,0,41.68359375,41.54296875,0,0,0,0.0,0,1,21300,training
1754995267.159968,10635,10635,0.041622161865234375,1040.8125,0.08045578002929688,9.728K,0.025310516357421875,0,3,0,0,41.68359375,41.54296875,0,0,0,0.0,0,1,21400,training
1754995267.208655,10635,10635,0.041622161865234375,1040.84375,0.08045578002929688,9.728K,0.025615692138671875,0,3,0,0,41.68359375,41.54296875,0,0,0,0.0,0,1,21500,training
1754995267.256759,10635,10635,0.041622161865234375,1040.84375,0.08045578002929688,9.728K,0.02538919448852539,0,3,0,0,41.68359375,41.54296875,0,0,0,0.0,0,1,21600,training
1754995267.305088,10635,10635,0.041622161865234375,1040.84375,0.08045578002929688,9.728K,0.025475025177001953,0,3,0,0,41.68359375,41.54296875,0,0,0,0.0,0,1,21700,training
1754995267.35436,10635,10635,0.041622161865234375,1040.84375,0.08045578002929688,9.728K,0.025527477264404297,0,3,0,0,41.68359375,41.54296875,0,0,0,0.0,0,1,21800,training
1754995267.402588,10635,10635,0.041622161865234375,1040.84375,0.08045578002929688,9.728K,0.025517940521240234,0,3,0,0,41.68359375,41.54296875,0,0,0,0.0,0,1,21900,training
1754995267.451349,10635,10635,0.041622161865234375,1040.84375,0.08045578002929688,9.728K,0.025873184204101562,0,3,0,0,41.68359375,41.54296875,0,0,0,0.0,0,1,22000,training
1754995267.499938,10635,10635,0.041622161865234375,1040.84375,0.08045578002929688,9.728K,0.02565622329711914,0,3,0,0,41.68359375,41.54296875,0,0,0,0.0,0,1,22100,training
1754995267.548012,10635,10635,0.041622161865234375,1040.84375,0.08045578002929688,9.728K,0.025653839111328125,0,3,0,0,41.68359375,41.54296875,0,0,0,0.0,0,1,22200,training
1754995267.596383,10635,10635,0.041622161865234375,1040.84375,0.08045578002929688,9.728K,0.028445720672607422,0,3,0,0,41.68359375,41.54296875,0,0,0,0.0,0,1,22300,training
1754995267.6455958,10635,10635,0.041622161865234375,1040.84375,0.08045578002929688,9.728K,0.02807140350341797,0,3,0,0,41.68359375,41.54296875,0,0,0,0.0,0,1,22400,training
1754995267.694588,10635,10635,0.041622161865234375,1040.84375,0.08045578002929688,9.728K,0.025708675384521484,0,3,0,0,41.68359375,41.54296875,0,0,0,0.0,0,1,22500,training
1754995267.743275,10635,10635,0.041622161865234375,1040.84375,0.08045578002929688,9.728K,0.02529621124267578,0,3,0,0,41.68359375,41.54296875,0,0,0,0.0,0,1,22600,training
1754995267.792659,10635,10635,0.041622161865234375,1040.84375,0.08045578002929688,9.728K,0.02563953399658203,0,3,0,0,41.68359375,41.54296875,0,0,0,0.0,0,1,22700,training
1754995267.8410292,10635,10635,0.041622161865234375,1040.84375,0.08045578002929688,9.728K,0.025887489318847656,0,3,0,0,41.68359375,41.54296875,0,0,0,0.0,0,1,22800,training
1754995267.8890922,10635,10635,0.041622161865234375,1040.84375,0.08045578002929688,9.728K,0.025281906127929688,0,3,0,0,41.68359375,41.54296875,0,0,0,0.0,0,1,22900,training
1754995267.937857,10635,10635,0.041622161865234375,1040.84375,0.08045578002929688,9.728K,0.025556087493896484,0,3,0,0,41.68359375,41.54296875,0,0,0,0.0,0,1,23000,training
1754995267.9874501,10635,10635,0.041622161865234375,1040.84375,0.08045578002929688,9.728K,0.025408267974853516,0,3,0,0,41.68359375,41.54296875,0,0,0,0.0,0,1,23100,training
1754995268.036009,10635,10635,0.041622161865234375,1040.84375,0.08045578002929688,9.728K,0.025484561920166016,0,3,0,0,41.68359375,41.54296875,0,0,0,0.0,0,1,23200,training
1754995268.0844748,10635,10635,0.041622161865234375,1040.84375,0.08045578002929688,9.728K,0.02546548843383789,0,3,0,0,41.68359375,41.54296875,0,0,0,0.0,0,1,23300,training
1754995268.133158,10635,10635,0.041622161865234375,1040.84375,0.08045578002929688,9.728K,0.025839805603027344,0,3,0,0,41.68359375,41.54296875,0,0,0,0.0,0,1,23400,training
1754995268.181897,10635,10635,0.041622161865234375,1040.84375,0.08045578002929688,9.728K,0.02584218978881836,0,3,0,0,41.68359375,41.54296875,0,0,0,0.0,0,1,23500,training
1754995268.230709,10635,10635,0.041622161865234375,1040.84375,0.08045578002929688,9.728K,0.029087066650390625,0,3,0,0,41.68359375,41.54296875,0,0,0,0.0,0,1,23600,training
1754995268.279814,10635,10635,0.041622161865234375,1040.84375,0.08045578002929688,9.728K,0.029304027557373047,0,3,0,0,41.68359375,41.54296875,0,0,0,0.0,0,1,23700,training
1754995268.328598,10635,10635,0.041622161865234375,1040.84375,0.08045578002929688,9.728K,0.027456283569335938,0,3,0,0,41.68359375,41.54296875,0,0,0,0.0,0,1,23800,training
1754995268.378141,10635,10635,0.041622161865234375,1040.84375,0.08045578002929688,9.728K,0.027298927307128906,0,3,0,0,41.68359375,41.54296875,0,0,0,0.0,0,1,23900,training
1754995268.4266381,10635,10635,0.041622161865234375,1040.84375,0.08045578002929688,9.728K,0.025415420532226562,0,3,0,0,41.68359375,41.54296875,0,0,0,0.0,0,1,24000,training
1754995268.475639,10635,10635,0.041622161865234375,1040.84375,0.08045578002929688,9.728K,0.02561330795288086,0,3,0,0,41.68359375,41.54296875,0,0,0,0.0,0,1,24100,training
1754995268.524402,10635,10635,0.041622161865234375,1040.84375,0.08045578002929688,9.728K,0.025675296783447266,0,3,0,0,41.68359375,41.54296875,0,0,0,0.0,0,1,24200,training
1754995268.573259,10635,10635,0.041622161865234375,1040.84375,0.08045578002929688,9.728K,0.02537250518798828,0,3,0,0,41.68359375,41.54296875,0,0,0,0.0,0,1,24300,training
1754995268.62178,10635,10635,0.041622161865234375,1040.84375,0.08045578002929688,9.728K,0.025336742401123047,0,3,0,0,41.68359375,41.54296875,0,0,0,0.0,0,1,24400,training
1754995268.670143,10635,10635,0.041622161865234375,1040.84375,0.08045578002929688,9.728K,0.02553701400756836,0,3,0,0,41.68359375,41.54296875,0,0,0,0.0,0,1,24500,training
1754995268.7186382,10635,10635,0.041622161865234375,1040.84375,0.08045578002929688,9.728K,0.0255584716796875,0,3,0,0,41.68359375,41.54296875,0,0,0,0.0,0,1,24600,training
1754995268.767736,10635,10635,0.041622161865234375,1040.84375,0.08045578002929688,9.728K,0.025482177734375,0,3,0,0,41.68359375,41.54296875,0,0,0,0.0,0,1,24700,training
1754995268.815679,10635,10635,0.041622161865234375,1040.859375,0.08045578002929688,9.728K,0.025467872619628906,0,3,0,0,41.68359375,41.54296875,0,0,0,0.0,0,1,24800,training
1754995268.86406,10635,10635,0.041622161865234375,1040.859375,0.08045578002929688,9.728K,0.02901315689086914,0,3,0,0,41.68359375,41.54296875,0,0,0,0.0,0,1,24900,training
1754995268.9126232,10635,10635,0.041622161865234375,1040.859375,0.08045578002929688,9.728K,0.028955936431884766,0,3,0,0,41.68359375,41.54296875,0,0,0,0.0,0,1,25000,training
1754995268.961971,10635,10635,0.041622161865234375,1040.859375,0.08045578002929688,9.728K,0.027949810028076172,0,3,0,0,41.68359375,41.54296875,0,0,0,0.0,0,1,25100,training
1754995269.0108118,10635,10635,0.041622161865234375,1040.859375,0.08045578002929688,9.728K,0.02538442611694336,0,3,0,0,41.68359375,41.54296875,0,0,0,0.0,0,1,25200,training
1754995269.058739,10635,10635,0.041622161865234375,1040.859375,0.08045578002929688,9.728K,0.025610923767089844,0,3,0,0,41.68359375,41.54296875,0,0,0,0.0,0,1,25300,training
1754995269.108031,10635,10635,0.041622161865234375,1040.859375,0.08045578002929688,9.728K,0.025608539581298828,0,3,0,0,41.68359375,41.54296875,0,0,0,0.0,0,1,25400,training
1754995269.156328,10635,10635,0.041622161865234375,1040.859375,0.08045578002929688,9.728K,0.025341510772705078,0,3,0,0,41.68359375,41.54296875,0,0,0,0.0,0,1,25500,training
1754995269.2054331,10635,10635,0.041622161865234375,1040.859375,0.08045578002929688,9.728K,0.025491714477539062,0,3,0,0,41.68359375,41.54296875,0,0,0,0.0,0,1,25600,training
1754995269.253891,10635,10635,0.041622161865234375,1040.859375,0.08045578002929688,9.728K,0.025641918182373047,0,3,0,0,41.68359375,41.54296875,0,0,0,0.0,0,1,25700,training
1754995269.302488,10635,10635,0.041622161865234375,1040.859375,0.08045578002929688,9.728K,0.025353431701660156,0,3,0,0,41.68359375,41.54296875,0,0,0,0.0,0,1,25800,training
1754995269.3509738,10635,10635,0.041622161865234375,1040.859375,0.08045578002929688,9.728K,0.02589702606201172,0,3,0,0,41.68359375,41.54296875,0,0,0,0.0,0,1,25900,training
1754995269.399308,10635,10635,0.041622161865234375,1040.859375,0.08045578002929688,9.728K,0.025827884674072266,0,3,0,0,41.68359375,41.54296875,0,0,0,0.0,0,1,26000,training
1754995269.447786,10635,10635,0.041622161865234375,1040.859375,0.08045578002929688,9.728K,0.025811195373535156,0,3,0,0,41.68359375,41.54296875,0,0,0,0.0,0,1,26100,training
1754995269.496347,10635,10635,0.041622161865234375,1040.859375,0.08045578002929688,9.728K,0.028328895568847656,0,3,0,0,41.68359375,41.54296875,0,0,0,0.0,0,1,26200,training
1754995269.545331,10635,10635,0.041622161865234375,1040.859375,0.08045578002929688,9.728K,0.027210712432861328,0,3,0,0,41.68359375,41.54296875,0,0,0,0.0,0,1,26300,training
1754995269.5937018,10635,10635,0.041622161865234375,1040.859375,0.08045578002929688,9.728K,0.025417804718017578,0,3,0,0,41.68359375,41.54296875,0,0,0,0.0,0,1,26400,training
1754995269.642784,10635,10635,0.041622161865234375,1040.859375,0.08045578002929688,9.728K,0.025327205657958984,0,3,0,0,41.68359375,41.54296875,0,0,0,0.0,0,1,26500,training
1754995269.69172,10635,10635,0.041622161865234375,1040.859375,0.08045578002929688,9.728K,0.02590179443359375,0,3,0,0,41.68359375,41.54296875,0,0,0,0.0,0,1,26600,training
1754995269.7403069,10635,10635,0.041622161865234375,1040.859375,0.08045578002929688,9.728K,0.025699138641357422,0,3,0,0,41.68359375,41.54296875,0,0,0,0.0,0,1,26700,training
1754995269.790061,10635,10635,0.041622161865234375,1040.859375,0.08045578002929688,9.728K,0.025718212127685547,0,3,0,0,41.68359375,41.54296875,0,0,0,0.0,0,1,26800,training
1754995269.8386078,10635,10635,0.041622161865234375,1040.859375,0.08045578002929688,9.728K,0.025432109832763672,0,3,0,0,41.68359375,41.54296875,0,0,0,0.0,0,1,26900,training
1754995269.8866508,10635,10635,0.041622161865234375,1040.859375,0.08045578002929688,9.728K,0.025658607482910156,0,3,0,0,41.68359375,41.54296875,0,0,0,0.0,0,1,27000,training
1754995269.93486,10635,10635,0.041622161865234375,1040.859375,0.08045578002929688,9.728K,0.02519845962524414,0,3,0,0,41.68359375,41.54296875,0,0,0,0.0,0,1,27100,training
1754995269.983927,10635,10635,0.041622161865234375,1040.859375,0.08045578002929688,9.728K,0.025539398193359375,0,3,0,0,41.68359375,41.54296875,0,0,0,0.0,0,1,27200,training
1754995270.0324118,10635,10635,0.041622161865234375,1040.859375,0.08045578002929688,9.728K,0.02590179443359375,0,3,0,0,41.68359375,41.54296875,0,0,0,0.0,0,1,27300,training
1754995270.0813272,10635,10635,0.041622161865234375,1040.859375,0.08045578002929688,9.728K,0.02662181854248047,0,3,0,0,41.68359375,41.54296875,0,0,0,0.0,0,1,27400,training
1754995270.130368,10635,10635,0.041622161865234375,1040.890625,0.08045578002929688,9.728K,0.028705596923828125,0,3,0,0,41.68359375,41.54296875,0,0,0,0.0,0,1,27500,training
1754995270.18084,10635,10635,0.041622161865234375,1040.890625,0.08045578002929688,9.728K,0.03227949142456055,0,3,0,0,41.68359375,41.54296875,0,0,0,0.0,0,1,27600,training
1754995270.230496,10635,10635,0.041622161865234375,1040.890625,0.08045578002929688,9.728K,0.029144287109375,0,3,0,0,41.68359375,41.54296875,0,0,0,0.0,0,1,27700,training
1754995270.2797701,10635,10635,0.041622161865234375,1040.890625,0.08045578002929688,9.728K,0.029022693634033203,0,3,0,0,41.68359375,41.54296875,0,0,0,0.0,0,1,27800,training
1754995270.3284092,10635,10635,0.041622161865234375,1040.890625,0.08045578002929688,9.728K,0.02780914306640625,0,3,0,0,41.68359375,41.54296875,0,0,0,0.0,0,1,27900,training
1754995270.376747,10635,10635,0.041622161865234375,1040.90625,0.08045578002929688,9.728K,0.02531290054321289,0,3,0,0,41.68359375,41.54296875,0,0,0,0.0,0,1,28000,training
1754995270.425314,10635,10635,0.041622161865234375,1040.90625,0.08045578002929688,9.728K,0.025415420532226562,0,3,0,0,41.68359375,41.54296875,0,0,0,0.0,0,1,28100,training
1754995270.474443,10635,10635,0.041622161865234375,1040.90625,0.08045578002929688,9.728K,0.025980472564697266,0,3,0,0,41.68359375,41.54296875,0,0,0,0.0,0,1,28200,training
1754995270.5230012,10635,10635,0.041622161865234375,1040.90625,0.08045578002929688,9.728K,0.025265216827392578,0,3,0,0,41.68359375,41.54296875,0,0,0,0.0,0,1,28300,training
1754995270.5715892,10635,10635,0.041622161865234375,1040.90625,0.08045578002929688,9.728K,0.0255584716796875,0,3,0,0,41.68359375,41.54296875,0,0,0,0.0,0,1,28400,training
1754995270.6197288,10635,10635,0.041622161865234375,1040.90625,0.08045578002929688,9.728K,0.0252532958984375,0,3,0,0,41.68359375,41.54296875,0,0,0,0.0,0,1,28500,training
1754995270.6683462,10635,10635,0.041622161865234375,1040.90625,0.08045578002929688,9.728K,0.025975704193115234,0,3,0,0,41.68359375,41.54296875,0,0,0,0.0,0,1,28600,training
1754995270.71713,10635,10635,0.041622161865234375,1040.90625,0.08045578002929688,9.728K,0.02680063247680664,0,3,0,0,41.68359375,41.54296875,0,0,0,0.0,0,1,28700,training
1754995270.7710478,10635,10635,0.041622161865234375,1040.90625,0.08045578002929688,9.728K,0.025570392608642578,0,3,0,0,41.68359375,41.54296875,0,0,0,0.0,0,1,28800,training
1754995270.819987,10635,10635,0.041622161865234375,1040.90625,0.08045578002929688,9.728K,0.025801658630371094,0,3,0,0,41.68359375,41.54296875,0,0,0,0.0,0,1,28900,training
1754995270.878901,10635,10635,0.041622161865234375,1040.90625,0.08045578002929688,9.728K,0.033202171325683594,0,3,0,0,41.68359375,41.54296875,0,0,0,0.0,0,1,29000,training
1754995270.941055,10635,10635,0.041622161865234375,1040.921875,0.08045578002929688,9.728K,0.028355121612548828,0,3,0,0,41.68359375,41.54296875,0,0,0,0.0,0,1,29100,training
1754995271.0041652,10635,10635,0.041622161865234375,1040.921875,0.08045578002929688,9.728K,0.027742385864257812,0,3,0,0,41.68359375,41.54296875,0,0,0,0.0,0,1,29200,training
1754995271.066875,10635,10635,0.041622161865234375,1040.921875,0.08045578002929688,9.728K,0.027871131896972656,0,3,0,0,41.68359375,41.54296875,0,0,0,0.0,0,1,29300,training
1754995271.128465,10635,10635,0.041622161865234375,1040.953125,0.08045578002929688,9.728K,0.02967357635498047,0,3,0,0,41.68359375,41.54296875,0,0,0,0.0,0,1,29400,training
1754995271.183241,10635,10635,0.041622161865234375,1040.953125,0.08045578002929688,9.728K,0.028221607208251953,0,3,0,0,41.68359375,41.54296875,0,0,0,0.0,0,1,29500,training
1754995271.2378109,10635,10635,0.041622161865234375,1040.953125,0.08045578002929688,9.728K,0.02860546112060547,0,3,0,0,41.68359375,41.54296875,0,0,0,0.0,0,1,29600,training
1754995271.291923,10635,10635,0.041622161865234375,1040.953125,0.08045578002929688,9.728K,0.02819538116455078,0,3,0,0,41.68359375,41.54296875,0,0,0,0.0,0,1,29700,training
1754995271.347372,10635,10635,0.041622161865234375,1040.953125,0.08045578002929688,9.728K,0.03362417221069336,0,3,0,0,41.68359375,41.54296875,0,0,0,0.0,0,1,29800,training
1754995271.402622,10635,10635,0.041622161865234375,1040.953125,0.08045578002929688,9.728K,0.027968883514404297,0,3,0,0,41.68359375,41.54296875,0,0,0,0.0,0,1,29900,training
1754995271.4557078,10635,10635,0.041622161865234375,1040.953125,0.08045578002929688,9.728K,0.025310516357421875,0,3,0,0,41.68359375,41.54296875,0,0,0,0.0,0,1,30000,training
1754995271.504469,10635,10635,0.041622161865234375,1040.953125,0.08045578002929688,9.728K,0.025482177734375,0,3,0,0,41.68359375,41.54296875,0,0,0,0.0,0,1,30100,training
1754995271.553477,10635,10635,0.041622161865234375,1040.953125,0.08045578002929688,9.728K,0.025582313537597656,0,3,0,0,41.68359375,41.54296875,0,0,0,0.0,0,1,30200,training
1754995271.6022458,10635,10635,0.041622161865234375,1040.953125,0.08045578002929688,9.728K,0.025649070739746094,0,3,0,0,41.68359375,41.54296875,0,0,0,0.0,0,1,30300,training
1754995271.651254,10635,10635,0.041622161865234375,1040.953125,0.08045578002929688,9.728K,0.025293827056884766,0,3,0,0,41.68359375,41.54296875,0,0,0,0.0,0,1,30400,training
1754995271.699556,10635,10635,0.041622161865234375,1040.953125,0.08045578002929688,9.728K,0.02566814422607422,0,3,0,0,41.68359375,41.54296875,0,0,0,0.0,0,1,30500,training
1754995271.748085,10635,10635,0.041622161865234375,1040.953125,0.08045578002929688,9.728K,0.025761127471923828,0,3,0,0,41.68359375,41.54296875,0,0,0,0.0,0,1,30600,training
1754995271.797316,10635,10635,0.041622161865234375,1040.953125,0.08045578002929688,9.728K,0.02894878387451172,0,3,0,0,41.68359375,41.54296875,0,0,0,0.0,0,1,30700,training
1754995271.845678,10635,10635,0.041622161865234375,1040.984375,0.08045578002929688,9.728K,0.028514862060546875,0,3,0,0,41.68359375,41.54296875,0,0,0,0.0,0,1,30800,training
1754995271.894646,10635,10635,0.041622161865234375,1040.984375,0.08045578002929688,9.728K,0.026280879974365234,0,3,0,0,41.68359375,41.54296875,0,0,0,0.0,0,1,30900,training
1754995271.9428658,10635,10635,0.041622161865234375,1040.984375,0.08045578002929688,9.728K,0.02567768096923828,0,3,0,0,41.68359375,41.54296875,0,0,0,0.0,0,1,31000,training
1754995271.9920268,10635,10635,0.041622161865234375,1040.984375,0.08045578002929688,9.728K,0.025877952575683594,0,3,0,0,41.68359375,41.54296875,0,0,0,0.0,0,1,31100,training
1754995272.040611,10635,10635,0.041622161865234375,1040.984375,0.08045578002929688,9.728K,0.025420188903808594,0,3,0,0,41.68359375,41.54296875,0,0,0,0.0,0,1,31200,training
1754995272.088895,10635,10635,0.041622161865234375,1040.984375,0.08045578002929688,9.728K,0.02528667449951172,0,3,0,0,41.68359375,41.54296875,0,0,0,0.0,0,1,31300,training
1754995272.137325,10635,10635,0.041622161865234375,1040.984375,0.08045578002929688,9.728K,0.025582313537597656,0,3,0,0,41.68359375,41.54296875,0,0,0,0.0,0,1,31400,training
1754995272.185899,10635,10635,0.041622161865234375,1040.984375,0.08045578002929688,9.728K,0.025687217712402344,0,3,0,0,41.68359375,41.54296875,0,0,0,0.0,0,1,31500,training
1754995272.2346208,10635,10635,0.041622161865234375,1040.984375,0.08045578002929688,9.728K,0.025436878204345703,0,3,0,0,41.68359375,41.54296875,0,0,0,0.0,0,1,31600,training
1754995272.28305,10635,10635,0.041622161865234375,1040.984375,0.08045578002929688,9.728K,0.025892257690429688,0,3,0,0,41.68359375,41.54296875,0,0,0,0.0,0,1,31700,training
1754995272.331606,10635,10635,0.041622161865234375,1040.984375,0.08045578002929688,9.728K,0.025789737701416016,0,3,0,0,41.68359375,41.54296875,0,0,0,0.0,0,1,31800,training
1754995272.3802571,10635,10635,0.041622161865234375,1040.984375,0.08045578002929688,9.728K,0.029497146606445312,0,3,0,0,41.68359375,41.54296875,0,0,0,0.0,0,1,31900,training
1754995272.4287732,10635,10635,0.041622161865234375,1040.984375,0.08045578002929688,9.728K,0.02827167510986328,0,3,0,0,41.68359375,41.54296875,0,0,0,0.0,0,1,32000,training
1754995272.477302,10635,10635,0.041622161865234375,1040.984375,0.08045578002929688,9.728K,0.027172565460205078,0,3,0,0,41.68359375,41.54296875,0,0,0,0.0,0,1,32100,training
1754995272.5313249,10635,10635,0.041622161865234375,1040.984375,0.08045578002929688,9.728K,0.030760765075683594,0,3,0,0,41.68359375,41.54296875,0,0,0,0.0,0,1,32200,training
1754995272.585854,10635,10635,0.041622161865234375,1040.984375,0.08045578002929688,9.728K,0.025594234466552734,0,3,0,0,41.68359375,41.54296875,0,0,0,0.0,0,1,32300,training
1754995272.635316,10635,10635,0.041622161865234375,1040.984375,0.08045578002929688,9.728K,0.025777816772460938,0,3,0,0,41.68359375,41.54296875,0,0,0,0.0,0,1,32400,training
1754995272.683403,10635,10635,0.041622161865234375,1040.984375,0.08045578002929688,9.728K,0.025582313537597656,0,3,0,0,41.68359375,41.54296875,0,0,0,0.0,0,1,32500,training
1754995272.7317288,10635,10635,0.041622161865234375,1040.984375,0.08045578002929688,9.728K,0.025658607482910156,0,3,0,0,41.68359375,41.54296875,0,0,0,0.0,0,1,32600,training
1754995272.780832,10635,10635,0.041622161865234375,1040.984375,0.08045578002929688,9.728K,0.025951862335205078,0,3,0,0,41.68359375,41.54296875,0,0,0,0.0,0,1,32700,training
1754995272.8293068,10635,10635,0.041622161865234375,1040.984375,0.08045578002929688,9.728K,0.028927326202392578,0,3,0,0,41.68359375,41.54296875,0,0,0,0.0,0,1,32800,training
1754995272.878195,10635,10635,0.041622161865234375,1040.984375,0.08045578002929688,9.728K,0.026679039001464844,0,3,0,0,41.68359375,41.54296875,0,0,0,0.0,0,1,32900,training
1754995272.926432,10635,10635,0.041622161865234375,1040.984375,0.08045578002929688,9.728K,0.025823116302490234,0,3,0,0,41.68359375,41.54296875,0,0,0,0.0,0,1,33000,training
1754995272.975499,10635,10635,0.041622161865234375,1040.984375,0.08045578002929688,9.728K,0.02533435821533203,0,3,0,0,41.68359375,41.54296875,0,0,0,0.0,0,1,33100,training
1754995273.0250711,10635,10635,0.041622161865234375,1040.984375,0.08045578002929688,9.728K,0.025572776794433594,0,3,0,0,41.68359375,41.54296875,0,0,0,0.0,0,1,33200,training
1754995273.0738041,10635,10635,0.041622161865234375,1040.984375,0.08045578002929688,9.728K,0.02609729766845703,0,3,0,0,41.68359375,41.54296875,0,0,0,0.0,0,1,33300,training
1754995273.122081,10635,10635,0.041622161865234375,1040.984375,0.08045578002929688,9.728K,0.025167465209960938,0,3,0,0,41.68359375,41.54296875,0,0,0,0.0,0,1,33400,training
1754995273.170603,10635,10635,0.041622161865234375,1040.984375,0.08045578002929688,9.728K,0.025544166564941406,0,3,0,0,41.68359375,41.54296875,0,0,0,0.0,0,1,33500,training
1754995273.219594,10635,10635,0.041622161865234375,1040.984375,0.08045578002929688,9.728K,0.025489330291748047,0,3,0,0,41.68359375,41.54296875,0,0,0,0.0,0,1,33600,training
1754995273.267733,10635,10635,0.041622161865234375,1040.984375,0.08045578002929688,9.728K,0.02570629119873047,0,3,0,0,41.68359375,41.54296875,0,0,0,0.0,0,1,33700,training
1754995273.316519,10635,10635,0.041622161865234375,1040.984375,0.08045578002929688,9.728K,0.02582073211669922,0,3,0,0,41.68359375,41.54296875,0,0,0,0.0,0,1,33800,training
1754995273.364927,10635,10635,0.041622161865234375,1041.015625,0.08045578002929688,9.728K,0.025696754455566406,0,3,0,0,41.68359375,41.54296875,0,0,0,0.0,0,1,33900,training
1754995273.413676,10635,10635,0.041622161865234375,1041.03125,0.08045578002929688,9.728K,0.028412342071533203,0,3,0,0,41.68359375,41.54296875,0,0,0,0.0,0,1,34000,training
1754995273.462362,10635,10635,0.041622161865234375,1041.03125,0.08045578002929688,9.728K,0.028388500213623047,0,3,0,0,41.68359375,41.54296875,0,0,0,0.0,0,1,34100,training
1754995273.510543,10635,10635,0.041622161865234375,1041.03125,0.08045578002929688,9.728K,0.025250911712646484,0,3,0,0,41.68359375,41.54296875,0,0,0,0.0,0,1,34200,training
1754995273.5587242,10635,10635,0.041622161865234375,1041.03125,0.08045578002929688,9.728K,0.02552032470703125,0,3,0,0,41.68359375,41.54296875,0,0,0,0.0,0,1,34300,training
1754995273.607451,10635,10635,0.041622161865234375,1041.03125,0.08045578002929688,9.728K,0.025954246520996094,0,3,0,0,41.68359375,41.54296875,0,0,0,0.0,0,1,34400,training
1754995273.656457,10635,10635,0.041622161865234375,1041.03125,0.08045578002929688,9.728K,0.02567291259765625,0,3,0,0,41.68359375,41.54296875,0,0,0,0.0,0,1,34500,training
1754995273.704781,10635,10635,0.041622161865234375,1041.03125,0.08045578002929688,9.728K,0.025300979614257812,0,3,0,0,41.68359375,41.54296875,0,0,0,0.0,0,1,34600,training
1754995273.753361,10635,10635,0.041622161865234375,1041.03125,0.08045578002929688,9.728K,0.025472640991210938,0,3,0,0,41.68359375,41.54296875,0,0,0,0.0,0,1,34700,training
1754995273.802031,10635,10635,0.041622161865234375,1041.03125,0.08045578002929688,9.728K,0.02580404281616211,0,3,0,0,41.68359375,41.54296875,0,0,0,0.0,0,1,34800,training
1754995273.8507829,10635,10635,0.041622161865234375,1041.03125,0.08045578002929688,9.728K,0.02559185028076172,0,3,0,0,41.68359375,41.54296875,0,0,0,0.0,0,1,34900,training
1754995273.8993511,10635,10635,0.041622161865234375,1041.03125,0.08045578002929688,9.728K,0.02588033676147461,0,3,0,0,41.68359375,41.54296875,0,0,0,0.0,0,1,35000,training
1754995273.948117,10635,10635,0.041622161865234375,1041.03125,0.08045578002929688,9.728K,0.025892257690429688,0,3,0,0,41.68359375,41.54296875,0,0,0,0.0,0,1,35100,training
1754995273.996576,10635,10635,0.041622161865234375,1041.03125,0.08045578002929688,9.728K,0.02913951873779297,0,3,0,0,41.68359375,41.54296875,0,0,0,0.0,0,1,35200,training
1754995274.046651,10635,10635,0.041622161865234375,1041.03125,0.08045578002929688,9.728K,0.02933502197265625,0,3,0,0,41.68359375,41.54296875,0,0,0,0.0,0,1,35300,training
1754995274.094771,10635,10635,0.041622161865234375,1041.03125,0.08045578002929688,9.728K,0.026404857635498047,0,3,0,0,41.68359375,41.54296875,0,0,0,0.0,0,1,35400,training
1754995274.1434839,10635,10635,0.041622161865234375,1041.03125,0.08045578002929688,9.728K,0.025374889373779297,0,3,0,0,41.68359375,41.54296875,0,0,0,0.0,0,1,35500,training
1754995274.192254,10635,10635,0.041622161865234375,1041.03125,0.08045578002929688,9.728K,0.025544166564941406,0,3,0,0,41.68359375,41.54296875,0,0,0,0.0,0,1,35600,training
1754995274.242645,10635,10635,0.041622161865234375,1041.03125,0.08045578002929688,9.728K,0.025370121002197266,0,3,0,0,41.68359375,41.54296875,0,0,0,0.0,0,1,35700,training
1754995274.290951,10635,10635,0.041622161865234375,1041.0625,0.08045578002929688,9.728K,0.025722980499267578,0,3,0,0,41.68359375,41.54296875,0,0,0,0.0,0,1,35800,training
1754995274.3398888,10635,10635,0.041622161865234375,1041.0625,0.08045578002929688,9.728K,0.025262832641601562,0,3,0,0,41.68359375,41.54296875,0,0,0,0.0,0,1,35900,training
1754995274.3884401,10635,10635,0.041622161865234375,1041.0625,0.08045578002929688,9.728K,0.025482177734375,0,3,0,0,41.68359375,41.54296875,0,0,0,0.0,0,1,36000,training
1754995274.436928,10635,10635,0.041622161865234375,1041.0625,0.08045578002929688,9.728K,0.02541065216064453,0,3,0,0,41.68359375,41.54296875,0,0,0,0.0,0,1,36100,training
1754995274.4854999,10635,10635,0.041622161865234375,1041.0625,0.08045578002929688,9.728K,0.025687217712402344,0,3,0,0,41.68359375,41.54296875,0,0,0,0.0,0,1,36200,training
1754995274.534094,10635,10635,0.041622161865234375,1041.0625,0.08045578002929688,9.728K,0.025761127471923828,0,3,0,0,41.68359375,41.54296875,0,0,0,0.0,0,1,36300,training
1754995274.582376,10635,10635,0.041622161865234375,1041.0625,0.08045578002929688,9.728K,0.025937557220458984,0,3,0,0,41.68359375,41.54296875,0,0,0,0.0,0,1,36400,training
1754995274.630453,10635,10635,0.041622161865234375,1041.0625,0.08045578002929688,9.728K,0.025768280029296875,0,3,0,0,41.68359375,41.54296875,0,0,0,0.0,0,1,36500,training
1754995274.678845,10635,10635,0.041622161865234375,1041.0625,0.08045578002929688,9.728K,0.028600692749023438,0,3,0,0,41.68359375,41.54296875,0,0,0,0.0,0,1,36600,training
1754995274.727682,10635,10635,0.041622161865234375,1041.0625,0.08045578002929688,9.728K,0.02543926239013672,0,3,0,0,41.68359375,41.54296875,0,0,0,0.0,0,1,36700,training
1754995274.776864,10635,10635,0.041622161865234375,1041.0625,0.08045578002929688,9.728K,0.025413036346435547,0,3,0,0,41.68359375,41.54296875,0,0,0,0.0,0,1,36800,training
1754995274.825003,10635,10635,0.041622161865234375,1041.0625,0.08045578002929688,9.728K,0.025768280029296875,0,3,0,0,41.68359375,41.54296875,0,0,0,0.0,0,1,36900,training
1754995274.8737879,10635,10635,0.041622161865234375,1041.0625,0.08045578002929688,9.728K,0.02577066421508789,0,3,0,0,41.68359375,41.54296875,0,0,0,0.0,0,1,37000,training
1754995274.9225569,10635,10635,0.041622161865234375,1041.0625,0.08045578002929688,9.728K,0.025436878204345703,0,3,0,0,41.68359375,41.54296875,0,0,0,0.0,0,1,37100,training
1754995274.97124,10635,10635,0.041622161865234375,1041.0625,0.08045578002929688,9.728K,0.025577545166015625,0,3,0,0,41.68359375,41.54296875,0,0,0,0.0,0,1,37200,training
1754995275.019613,10635,10635,0.041622161865234375,1041.0625,0.08045578002929688,9.728K,0.02593517303466797,0,3,0,0,41.68359375,41.54296875,0,0,0,0.0,0,1,37300,training
1754995275.068653,10635,10635,0.041622161865234375,1041.0625,0.08045578002929688,9.728K,0.025472640991210938,0,3,0,0,41.68359375,41.54296875,0,0,0,0.0,0,1,37400,training
1754995275.1166022,10635,10635,0.041622161865234375,1041.0625,0.08045578002929688,9.728K,0.025675296783447266,0,3,0,0,41.68359375,41.54296875,0,0,0,0.0,0,1,37500,training
1754995275.164926,10635,10635,0.041622161865234375,1041.0625,0.08045578002929688,9.728K,0.025701522827148438,0,3,0,0,41.68359375,41.54296875,0,0,0,0.0,0,1,37600,training
1754995275.214002,10635,10635,0.041622161865234375,1041.09375,0.08045578002929688,9.728K,0.029687881469726562,0,3,0,0,41.68359375,41.54296875,0,0,0,0.0,0,1,37700,training
1754995275.263047,10635,10635,0.041622161865234375,1041.09375,0.08045578002929688,9.728K,0.029308795928955078,0,3,0,0,41.68359375,41.54296875,0,0,0,0.0,0,1,37800,training
1754995275.312187,10635,10635,0.041622161865234375,1041.09375,0.08045578002929688,9.728K,0.028951168060302734,0,3,0,0,41.68359375,41.54296875,0,0,0,0.0,0,1,37900,training
1754995275.360776,10635,10635,0.041622161865234375,1041.09375,0.08045578002929688,9.728K,0.025115013122558594,0,3,0,0,41.68359375,41.54296875,0,0,0,0.0,0,1,38000,training
1754995275.409606,10635,10635,0.041622161865234375,1041.09375,0.08045578002929688,9.728K,0.025391578674316406,0,3,0,0,41.68359375,41.54296875,0,0,0,0.0,0,1,38100,training
1754995275.458752,10635,10635,0.041622161865234375,1041.09375,0.08045578002929688,9.728K,0.025646686553955078,0,3,0,0,41.68359375,41.54296875,0,0,0,0.0,0,1,38200,training
1754995275.5078368,10635,10635,0.041622161865234375,1041.09375,0.08045578002929688,9.728K,0.025627613067626953,0,3,0,0,41.68359375,41.54296875,0,0,0,0.0,0,1,38300,training
1754995275.556031,10635,10635,0.041622161865234375,1041.09375,0.08045578002929688,9.728K,0.02546072006225586,0,3,0,0,41.68359375,41.54296875,0,0,0,0.0,0,1,38400,training
1754995275.60429,10635,10635,0.041622161865234375,1041.09375,0.08045578002929688,9.728K,0.02592325210571289,0,3,0,0,41.68359375,41.54296875,0,0,0,0.0,0,1,38500,training
1754995275.65274,10635,10635,0.041622161865234375,1041.09375,0.08045578002929688,9.728K,0.025303363800048828,0,3,0,0,41.68359375,41.54296875,0,0,0,0.0,0,1,38600,training
1754995275.7009642,10635,10635,0.041622161865234375,1041.09375,0.08045578002929688,9.728K,0.025684833526611328,0,3,0,0,41.68359375,41.54296875,0,0,0,0.0,0,1,38700,training
1754995275.752874,10635,10635,0.041622161865234375,1041.109375,0.08045578002929688,9.728K,0.028014183044433594,0,3,0,0,41.68359375,41.54296875,0,0,0,0.0,0,1,38800,training
1754995275.802797,10635,10635,0.041622161865234375,1041.109375,0.08045578002929688,9.728K,0.025894641876220703,0,3,0,0,41.68359375,41.54296875,0,0,0,0.0,0,1,38900,training
1754995275.8515892,10635,10635,0.041622161865234375,1041.109375,0.08045578002929688,9.728K,0.025386810302734375,0,3,0,0,41.68359375,41.54296875,0,0,0,0.0,0,1,39000,training
1754995275.899877,10635,10635,0.041622161865234375,1041.109375,0.08045578002929688,9.728K,0.025627613067626953,0,3,0,0,41.68359375,41.54296875,0,0,0,0.0,0,1,39100,training
1754995275.948085,10635,10635,0.041622161865234375,1041.109375,0.08045578002929688,9.728K,0.025892257690429688,0,3,0,0,41.68359375,41.54296875,0,0,0,0.0,0,1,39200,training
1754995275.9987772,10635,10635,0.041622161865234375,1041.140625,0.08045578002929688,9.728K,0.028722286224365234,0,3,0,0,41.68359375,41.54296875,0,0,0,0.0,0,1,39300,training
1754995276.051778,10635,10635,0.041622161865234375,1041.140625,0.08045578002929688,9.728K,0.03043651580810547,0,3,0,0,41.68359375,41.54296875,0,0,0,0.0,0,1,39400,training
1754995276.1042318,10635,10635,0.041622161865234375,1041.140625,0.08045578002929688,9.728K,0.027897357940673828,0,3,0,0,41.68359375,41.54296875,0,0,0,0.0,0,1,39500,training
1754995276.1561081,10635,10635,0.041622161865234375,1041.140625,0.08045578002929688,9.728K,0.02735137939453125,0,3,0,0,41.68359375,41.54296875,0,0,0,0.0,0,1,39600,training
1754995276.21009,10635,10635,0.041622161865234375,1041.140625,0.08045578002929688,9.728K,0.02834796905517578,0,3,0,0,41.68359375,41.54296875,0,0,0,0.0,0,1,39700,training
1754995276.263647,10635,10635,0.041622161865234375,1041.140625,0.08045578002929688,9.728K,0.03491640090942383,0,3,0,0,41.68359375,41.54296875,0,0,0,0.0,0,1,39800,training
1754995276.318283,10635,10635,0.041622161865234375,1041.140625,0.08045578002929688,9.728K,0.027818679809570312,0,3,0,0,41.68359375,41.54296875,0,0,0,0.0,0,1,39900,training
1754995276.37153,10635,10635,0.041622161865234375,1041.140625,0.08045578002929688,9.728K,0.027413368225097656,0,3,0,0,41.68359375,41.54296875,0,0,0,0.0,0,1,40000,training
1754995276.4257689,10635,10635,0.041622161865234375,1041.140625,0.08045578002929688,9.728K,0.028772354125976562,0,3,0,0,41.68359375,41.54296875,0,0,0,0.0,0,1,40100,training
1754995276.479182,10635,10635,0.041622161865234375,1041.140625,0.08045578002929688,9.728K,0.034198760986328125,0,3,0,0,41.68359375,41.54296875,0,0,0,0.0,0,1,40200,training
1754995276.5340009,10635,10635,0.041622161865234375,1041.140625,0.08045578002929688,9.728K,0.02822399139404297,0,3,0,0,41.68359375,41.54296875,0,0,0,0.0,0,1,40300,training
1754995276.589771,10635,10635,0.041622161865234375,1041.140625,0.08045578002929688,9.728K,0.029566287994384766,0,3,0,0,41.68359375,41.54296875,0,0,0,0.0,0,1,40400,training
1754995276.64445,10635,10635,0.041622161865234375,1041.140625,0.08045578002929688,9.728K,0.03353118896484375,0,3,0,0,41.68359375,41.54296875,0,0,0,0.0,0,1,40500,training
1754995276.6962261,10635,10635,0.041622161865234375,1041.140625,0.08045578002929688,9.728K,0.034232139587402344,0,3,0,0,41.68359375,41.54296875,0,0,0,0.0,0,1,40600,training
1754995276.746285,10635,10635,0.041622161865234375,1041.140625,0.08045578002929688,9.728K,0.029540061950683594,0,3,0,0,41.68359375,41.54296875,0,0,0,0.0,0,1,40700,training
1754995276.795686,10635,10635,0.041622161865234375,1041.140625,0.08045578002929688,9.728K,0.02899646759033203,0,3,0,0,41.68359375,41.54296875,0,0,0,0.0,0,1,40800,training
1754995276.8439732,10635,10635,0.041622161865234375,1041.140625,0.08045578002929688,9.728K,0.025947093963623047,0,3,0,0,41.68359375,41.54296875,0,0,0,0.0,0,1,40900,training
1754995276.8980181,10635,10635,0.041622161865234375,1041.140625,0.08045578002929688,9.728K,0.029821395874023438,0,3,0,0,41.68359375,41.54296875,0,0,0,0.0,0,1,41000,training
1754995276.9543529,10635,10635,0.041622161865234375,1041.140625,0.08045578002929688,9.728K,0.030086040496826172,0,3,0,0,41.68359375,41.54296875,0,0,0,0.0,0,1,41100,training
1754995277.018729,10635,10635,0.041622161865234375,1041.140625,0.08045578002929688,9.728K,0.027685165405273438,0,3,0,0,41.68359375,41.54296875,0,0,0,0.0,0,1,41200,training
1754995277.0737312,10635,10635,0.041622161865234375,1041.140625,0.08045578002929688,9.728K,0.0263214111328125,0,3,0,0,41.68359375,41.54296875,0,0,0,0.0,0,1,41300,training
1754995277.1230872,10635,10635,0.041622161865234375,1041.140625,0.08045578002929688,9.728K,0.025413036346435547,0,3,0,0,41.68359375,41.54296875,0,0,0,0.0,0,1,41400,training
1754995277.172066,10635,10635,0.041622161865234375,1041.140625,0.08045578002929688,9.728K,0.025408267974853516,0,3,0,0,41.68359375,41.54296875,0,0,0,0.0,0,1,41500,training
1754995277.2213461,10635,10635,0.041622161865234375,1041.140625,0.08045578002929688,9.728K,0.02557992935180664,0,3,0,0,41.68359375,41.54296875,0,0,0,0.0,0,1,41600,training
1754995277.2696981,10635,10635,0.041622161865234375,1041.140625,0.08045578002929688,9.728K,0.026781558990478516,0,3,0,0,41.68359375,41.54296875,0,0,0,0.0,0,1,41700,training
1754995277.321495,10635,10635,0.041622161865234375,1041.140625,0.08045578002929688,9.728K,0.02553701400756836,0,3,0,0,41.68359375,41.54296875,0,0,0,0.0,0,1,41800,training
1754995277.3886552,10635,10635,0.041622161865234375,1041.140625,0.08045578002929688,9.728K,0.02565622329711914,0,3,0,0,41.68359375,41.54296875,0,0,0,0.0,0,2,0,training
1754995277.4378119,10635,10635,0.041622161865234375,1041.140625,0.08045578002929688,9.728K,0.025508403778076172,0,3,0,0,41.68359375,41.54296875,0,0,0,0.0,0,2,100,training
1754995277.490958,10635,10635,0.041622161865234375,1041.140625,0.08045578002929688,9.728K,0.025441646575927734,0,3,0,0,41.68359375,41.54296875,0,0,0,0.0,0,2,200,training
1754995277.5400572,10635,10635,0.041622161865234375,1041.140625,0.08045578002929688,9.728K,0.025739669799804688,0,3,0,0,41.68359375,41.54296875,0,0,0,0.0,0,2,300,training
1754995277.589192,10635,10635,0.041622161865234375,1041.140625,0.08045578002929688,9.728K,0.02572774887084961,0,3,0,0,41.68359375,41.54296875,0,0,0,0.0,0,2,400,training
1754995277.638731,10635,10635,0.041622161865234375,1041.140625,0.08045578002929688,9.728K,0.02585887908935547,0,3,0,0,41.68359375,41.54296875,0,0,0,0.0,0,2,500,training
1754995277.68724,10635,10635,0.041622161865234375,1041.140625,0.08045578002929688,9.728K,0.02536773681640625,0,3,0,0,41.68359375,41.54296875,0,0,0,0.0,0,2,600,training
1754995277.735762,10635,10635,0.041622161865234375,1041.140625,0.08045578002929688,9.728K,0.025551319122314453,0,3,0,0,41.68359375,41.54296875,0,0,0,0.0,0,2,700,training
1754995277.783673,10635,10635,0.041622161865234375,1041.140625,0.08045578002929688,9.728K,0.02706289291381836,0,3,0,0,41.68359375,41.54296875,0,0,0,0.0,0,2,800,training
1754995277.8317819,10635,10635,0.041622161865234375,1041.140625,0.08045578002929688,9.728K,0.025353431701660156,0,3,0,0,41.68359375,41.54296875,0,0,0,0.0,0,2,900,training
1754995277.880727,10635,10635,0.041622161865234375,1041.140625,0.08045578002929688,9.728K,0.02609729766845703,0,3,0,0,41.68359375,41.54296875,0,0,0,0.0,0,2,1000,training
1754995277.9292958,10635,10635,0.041622161865234375,1041.140625,0.08045578002929688,9.728K,0.028927326202392578,0,3,0,0,41.68359375,41.54296875,0,0,0,0.0,0,2,1100,training
1754995277.978152,10635,10635,0.041622161865234375,1041.15625,0.08045578002929688,9.728K,0.027158260345458984,0,3,0,0,41.68359375,41.54296875,0,0,0,0.0,0,2,1200,training
1754995278.027766,10635,10635,0.041622161865234375,1041.15625,0.08045578002929688,9.728K,0.025839805603027344,0,3,0,0,41.68359375,41.54296875,0,0,0,0.0,0,2,1300,training
1754995278.077034,10635,10635,0.041622161865234375,1041.15625,0.08045578002929688,9.728K,0.025293827056884766,0,3,0,0,41.68359375,41.54296875,0,0,0,0.0,0,2,1400,training
1754995278.125278,10635,10635,0.041622161865234375,1041.15625,0.08045578002929688,9.728K,0.02548694610595703,0,3,0,0,41.68359375,41.54296875,0,0,0,0.0,0,2,1500,training
1754995278.1739159,10635,10635,0.041622161865234375,1041.15625,0.08045578002929688,9.728K,0.02555370330810547,0,3,0,0,41.68359375,41.54296875,0,0,0,0.0,0,2,1600,training
1754995278.222263,10635,10635,0.041622161865234375,1041.15625,0.08045578002929688,9.728K,0.02537250518798828,0,3,0,0,41.68359375,41.54296875,0,0,0,0.0,0,2,1700,training
1754995278.27109,10635,10635,0.041622161865234375,1041.15625,0.08045578002929688,9.728K,0.02568960189819336,0,3,0,0,41.68359375,41.54296875,0,0,0,0.0,0,2,1800,training
1754995278.320105,10635,10635,0.041622161865234375,1041.15625,0.08045578002929688,9.728K,0.025761127471923828,0,3,0,0,41.68359375,41.54296875,0,0,0,0.0,0,2,1900,training
1754995278.368547,10635,10635,0.041622161865234375,1041.15625,0.08045578002929688,9.728K,0.025568008422851562,0,3,0,0,41.68359375,41.54296875,0,0,0,0.0,0,2,2000,training
1754995278.4171488,10635,10635,0.041622161865234375,1041.1875,0.08045578002929688,9.728K,0.025532245635986328,0,3,0,0,41.68359375,41.54296875,0,0,0,0.0,0,2,2100,training
1754995278.469376,10635,10635,0.041622161865234375,1041.1875,0.08045578002929688,9.728K,0.025589466094970703,0,3,0,0,41.68359375,41.54296875,0,0,0,0.0,0,2,2200,training
1754995278.518048,10635,10635,0.041622161865234375,1041.25,0.08045578002929688,9.728K,0.025441646575927734,0,3,0,0,41.68359375,41.54296875,0,0,0,0.0,0,2,2300,training
1754995278.566495,10635,10635,0.041622161865234375,1041.25,0.08045578002929688,9.728K,0.025725364685058594,0,3,0,0,41.68359375,41.54296875,0,0,0,0.0,0,2,2400,training
1754995278.614914,10635,10635,0.041622161865234375,1041.25,0.08045578002929688,9.728K,0.025622844696044922,0,3,0,0,41.68359375,41.54296875,0,0,0,0.0,0,2,2500,training
1754995278.663306,10635,10635,0.041622161865234375,1041.25,0.08045578002929688,9.728K,0.029058456420898438,0,3,0,0,41.68359375,41.54296875,0,0,0,0.0,0,2,2600,training
1754995278.711824,10635,10635,0.041622161865234375,1041.25,0.08045578002929688,9.728K,0.028612613677978516,0,3,0,0,41.68359375,41.54296875,0,0,0,0.0,0,2,2700,training
1754995278.76049,10635,10635,0.041622161865234375,1041.25,0.08045578002929688,9.728K,0.025317668914794922,0,3,0,0,41.68359375,41.54296875,0,0,0,0.0,0,2,2800,training
1754995278.809201,10635,10635,0.041622161865234375,1041.25,0.08045578002929688,9.728K,0.02552509307861328,0,3,0,0,41.68359375,41.54296875,0,0,0,0.0,0,2,2900,training
1754995278.8577569,10635,10635,0.041622161865234375,1041.25,0.08045578002929688,9.728K,0.02573251724243164,0,3,0,0,41.68359375,41.54296875,0,0,0,0.0,0,2,3000,training
1754995278.906629,10635,10635,0.041622161865234375,1041.265625,0.08045578002929688,9.728K,0.025353431701660156,0,3,0,0,41.68359375,41.54296875,0,0,0,0.0,0,2,3100,training
1754995278.955053,10635,10635,0.041622161865234375,1041.265625,0.08045578002929688,9.728K,0.025467872619628906,0,3,0,0,41.68359375,41.54296875,0,0,0,0.0,0,2,3200,training
1754995279.0037491,10635,10635,0.041622161865234375,1041.265625,0.08045578002929688,9.728K,0.025360584259033203,0,3,0,0,41.68359375,41.54296875,0,0,0,0.0,0,2,3300,training
1754995279.052233,10635,10635,0.041622161865234375,1041.265625,0.08045578002929688,9.728K,0.025455951690673828,0,3,0,0,41.68359375,41.54296875,0,0,0,0.0,0,2,3400,training
1754995279.101033,10635,10635,0.041622161865234375,1041.265625,0.08045578002929688,9.728K,0.02575397491455078,0,3,0,0,41.68359375,41.54296875,0,0,0,0.0,0,2,3500,training
1754995279.14991,10635,10635,0.041622161865234375,1041.265625,0.08045578002929688,9.728K,0.02565622329711914,0,3,0,0,41.68359375,41.54296875,0,0,0,0.0,0,2,3600,training
1754995279.1982741,10635,10635,0.041622161865234375,1041.265625,0.08045578002929688,9.728K,0.025610923767089844,0,3,0,0,41.68359375,41.54296875,0,0,0,0.0,0,2,3700,training
1754995279.2468271,10635,10635,0.041622161865234375,1041.265625,0.08045578002929688,9.728K,0.028812885284423828,0,3,0,0,41.68359375,41.54296875,0,0,0,0.0,0,2,3800,training
1754995279.295927,10635,10635,0.041622161865234375,1041.328125,0.08045578002929688,9.728K,0.029261112213134766,0,3,0,0,41.68359375,41.54296875,0,0,0,0.0,0,2,3900,training
1754995279.344694,10635,10635,0.041622161865234375,1041.328125,0.08045578002929688,9.728K,0.026652812957763672,0,3,0,0,41.68359375,41.54296875,0,0,0,0.0,0,2,4000,training
1754995279.393413,10635,10635,0.041622161865234375,1041.328125,0.08045578002929688,9.728K,0.025293827056884766,0,3,0,0,41.68359375,41.54296875,0,0,0,0.0,0,2,4100,training
1754995279.44167,10635,10635,0.041622161865234375,1041.328125,0.08045578002929688,9.728K,0.025758743286132812,0,3,0,0,41.68359375,41.54296875,0,0,0,0.0,0,2,4200,training
1754995279.490237,10635,10635,0.041622161865234375,1041.328125,0.08045578002929688,9.728K,0.02562999725341797,0,3,0,0,41.68359375,41.54296875,0,0,0,0.0,0,2,4300,training
1754995279.5383732,10635,10635,0.041622161865234375,1041.328125,0.08045578002929688,9.728K,0.025360584259033203,0,3,0,0,41.68359375,41.54296875,0,0,0,0.0,0,2,4400,training
1754995279.586994,10635,10635,0.041622161865234375,1041.328125,0.08045578002929688,9.728K,0.025496482849121094,0,3,0,0,41.68359375,41.54296875,0,0,0,0.0,0,2,4500,training
1754995279.6355999,10635,10635,0.041622161865234375,1041.328125,0.08045578002929688,9.728K,0.025725364685058594,0,3,0,0,41.68359375,41.54296875,0,0,0,0.0,0,2,4600,training
1754995279.683865,10635,10635,0.041622161865234375,1041.328125,0.08045578002929688,9.728K,0.025637149810791016,0,3,0,0,41.68359375,41.54296875,0,0,0,0.0,0,2,4700,training
1754995279.7327309,10635,10635,0.041622161865234375,1041.328125,0.08045578002929688,9.728K,0.025615692138671875,0,3,0,0,41.68359375,41.54296875,0,0,0,0.0,0,2,4800,training
1754995279.78097,10635,10635,0.041622161865234375,1041.328125,0.08045578002929688,9.728K,0.02923727035522461,0,3,0,0,41.68359375,41.54296875,0,0,0,0.0,0,2,4900,training
1754995279.830467,10635,10635,0.041622161865234375,1041.328125,0.08045578002929688,9.728K,0.028858184814453125,0,3,0,0,41.68359375,41.54296875,0,0,0,0.0,0,2,5000,training
1754995279.879335,10635,10635,0.041622161865234375,1041.328125,0.08045578002929688,9.728K,0.02847433090209961,0,3,0,0,41.68359375,41.54296875,0,0,0,0.0,0,2,5100,training
1754995279.927815,10635,10635,0.041622161865234375,1041.328125,0.08045578002929688,9.728K,0.026388168334960938,0,3,0,0,41.68359375,41.54296875,0,0,0,0.0,0,2,5200,training
1754995279.976452,10635,10635,0.041622161865234375,1041.328125,0.08045578002929688,9.728K,0.025320053100585938,0,3,0,0,41.68359375,41.54296875,0,0,0,0.0,0,2,5300,training
1754995280.025373,10635,10635,0.041622161865234375,1041.328125,0.08045578002929688,9.728K,0.025255680084228516,0,3,0,0,41.68359375,41.54296875,0,0,0,0.0,0,2,5400,training
1754995280.074498,10635,10635,0.041622161865234375,1041.328125,0.08045578002929688,9.728K,0.025434494018554688,0,3,0,0,41.68359375,41.54296875,0,0,0,0.0,0,2,5500,training
1754995280.122944,10635,10635,0.041622161865234375,1041.328125,0.08045578002929688,9.728K,0.025475025177001953,0,3,0,0,41.68359375,41.54296875,0,0,0,0.0,0,2,5600,training
1754995280.171882,10635,10635,0.041622161865234375,1041.328125,0.08045578002929688,9.728K,0.025177001953125,0,3,0,0,41.68359375,41.54296875,0,0,0,0.0,0,2,5700,training
1754995280.220896,10635,10635,0.041622161865234375,1041.328125,0.08045578002929688,9.728K,0.02542257308959961,0,3,0,0,41.68359375,41.54296875,0,0,0,0.0,0,2,5800,training
1754995280.269294,10635,10635,0.041622161865234375,1041.328125,0.08045578002929688,9.728K,0.025720596313476562,0,3,0,0,41.68359375,41.54296875,0,0,0,0.0,0,2,5900,training
1754995280.3182452,10635,10635,0.041622161865234375,1041.34375,0.08045578002929688,9.728K,0.02554178237915039,0,3,0,0,41.68359375,41.54296875,0,0,0,0.0,0,2,6000,training
1754995280.3664262,10635,10635,0.041622161865234375,1041.34375,0.08045578002929688,9.728K,0.025594234466552734,0,3,0,0,41.68359375,41.54296875,0,0,0,0.0,0,2,6100,training
1754995280.414796,10635,10635,0.041622161865234375,1041.34375,0.08045578002929688,9.728K,0.025496482849121094,0,3,0,0,41.68359375,41.54296875,0,0,0,0.0,0,2,6200,training
1754995280.4640489,10635,10635,0.041622161865234375,1041.34375,0.08045578002929688,9.728K,0.028090476989746094,0,3,0,0,41.68359375,41.54296875,0,0,0,0.0,0,2,6300,training
1754995280.512832,10635,10635,0.041622161865234375,1041.34375,0.08045578002929688,9.728K,0.03055572509765625,0,3,0,0,41.68359375,41.54296875,0,0,0,0.0,0,2,6400,training
1754995280.561536,10635,10635,0.041622161865234375,1041.34375,0.08045578002929688,9.728K,0.027294158935546875,0,3,0,0,41.68359375,41.54296875,0,0,0,0.0,0,2,6500,training
1754995280.6101508,10635,10635,0.041622161865234375,1041.34375,0.08045578002929688,9.728K,0.025551319122314453,0,3,0,0,41.68359375,41.54296875,0,0,0,0.0,0,2,6600,training
1754995280.658869,10635,10635,0.041622161865234375,1041.34375,0.08045578002929688,9.728K,0.025374889373779297,0,3,0,0,41.68359375,41.54296875,0,0,0,0.0,0,2,6700,training
1754995280.70717,10635,10635,0.041622161865234375,1041.34375,0.08045578002929688,9.728K,0.02532958984375,0,3,0,0,41.68359375,41.54296875,0,0,0,0.0,0,2,6800,training
1754995280.759296,10635,10635,0.041622161865234375,1041.34375,0.08045578002929688,9.728K,0.026729106903076172,0,3,0,0,41.68359375,41.54296875,0,0,0,0.0,0,2,6900,training
1754995280.808984,10635,10635,0.041622161865234375,1041.34375,0.08045578002929688,9.728K,0.025610923767089844,0,3,0,0,41.68359375,41.54296875,0,0,0,0.0,0,2,7000,training
1754995280.857408,10635,10635,0.041622161865234375,1041.34375,0.08045578002929688,9.728K,0.02582550048828125,0,3,0,0,41.68359375,41.54296875,0,0,0,0.0,0,2,7100,training
1754995280.905889,10635,10635,0.041622161865234375,1041.34375,0.08045578002929688,9.728K,0.02554178237915039,0,3,0,0,41.68359375,41.54296875,0,0,0,0.0,0,2,7200,training
1754995280.9541419,10635,10635,0.041622161865234375,1041.34375,0.08045578002929688,9.728K,0.0255584716796875,0,3,0,0,41.68359375,41.54296875,0,0,0,0.0,0,2,7300,training
1754995281.002429,10635,10635,0.041622161865234375,1041.34375,0.08045578002929688,9.728K,0.025086402893066406,0,3,0,0,41.68359375,41.54296875,0,0,0,0.0,0,2,7400,training
1754995281.0507488,10635,10635,0.041622161865234375,1041.34375,0.08045578002929688,9.728K,0.025501251220703125,0,3,0,0,41.68359375,41.54296875,0,0,0,0.0,0,2,7500,training
1754995281.099736,10635,10635,0.041622161865234375,1041.34375,0.08045578002929688,9.728K,0.025959014892578125,0,3,0,0,41.68359375,41.54296875,0,0,0,0.0,0,2,7600,training
1754995281.147986,10635,10635,0.041622161865234375,1041.34375,0.08045578002929688,9.728K,0.025892257690429688,0,3,0,0,41.68359375,41.54296875,0,0,0,0.0,0,2,7700,training
1754995281.197078,10635,10635,0.041622161865234375,1041.34375,0.08045578002929688,9.728K,0.029561519622802734,0,3,0,0,41.68359375,41.54296875,0,0,0,0.0,0,2,7800,training
1754995281.246149,10635,10635,0.041622161865234375,1041.375,0.08045578002929688,9.728K,0.029480457305908203,0,3,0,0,41.68359375,41.54296875,0,0,0,0.0,0,2,7900,training
1754995281.294744,10635,10635,0.041622161865234375,1041.375,0.08045578002929688,9.728K,0.027158260345458984,0,3,0,0,41.68359375,41.54296875,0,0,0,0.0,0,2,8000,training
1754995281.343162,10635,10635,0.041622161865234375,1041.375,0.08045578002929688,9.728K,0.025360584259033203,0,3,0,0,41.68359375,41.54296875,0,0,0,0.0,0,2,8100,training
1754995281.391677,10635,10635,0.041622161865234375,1041.375,0.08045578002929688,9.728K,0.02554178237915039,0,3,0,0,41.68359375,41.54296875,0,0,0,0.0,0,2,8200,training
1754995281.439939,10635,10635,0.041622161865234375,1041.375,0.08045578002929688,9.728K,0.02548694610595703,0,3,0,0,41.68359375,41.54296875,0,0,0,0.0,0,2,8300,training
1754995281.4886458,10635,10635,0.041622161865234375,1041.375,0.08045578002929688,9.728K,0.025281906127929688,0,3,0,0,41.68359375,41.54296875,0,0,0,0.0,0,2,8400,training
1754995281.537262,10635,10635,0.041622161865234375,1041.375,0.08045578002929688,9.728K,0.02538442611694336,0,3,0,0,41.68359375,41.54296875,0,0,0,0.0,0,2,8500,training
1754995281.585619,10635,10635,0.041622161865234375,1041.375,0.08045578002929688,9.728K,0.025446414947509766,0,3,0,0,41.68359375,41.54296875,0,0,0,0.0,0,2,8600,training
1754995281.633889,10635,10635,0.041622161865234375,1041.375,0.08045578002929688,9.728K,0.02572774887084961,0,3,0,0,41.68359375,41.54296875,0,0,0,0.0,0,2,8700,training
1754995281.6821241,10635,10635,0.041622161865234375,1041.375,0.08045578002929688,9.728K,0.025680065155029297,0,3,0,0,41.68359375,41.54296875,0,0,0,0.0,0,2,8800,training
1754995281.731101,10635,10635,0.041622161865234375,1041.375,0.08045578002929688,9.728K,0.025761127471923828,0,3,0,0,41.68359375,41.54296875,0,0,0,0.0,0,2,8900,training
1754995281.779666,10635,10635,0.041622161865234375,1041.375,0.08045578002929688,9.728K,0.02860546112060547,0,3,0,0,41.68359375,41.54296875,0,0,0,0.0,0,2,9000,training
1754995281.828591,10635,10635,0.041622161865234375,1041.375,0.08045578002929688,9.728K,0.028533935546875,0,3,0,0,41.68359375,41.54296875,0,0,0,0.0,0,2,9100,training
1754995281.877398,10635,10635,0.041622161865234375,1041.375,0.08045578002929688,9.728K,0.02524852752685547,0,3,0,0,41.68359375,41.54296875,0,0,0,0.0,0,2,9200,training
1754995281.925857,10635,10635,0.041622161865234375,1041.375,0.08045578002929688,9.728K,0.02535104751586914,0,3,0,0,41.68359375,41.54296875,0,0,0,0.0,0,2,9300,training
1754995281.9742231,10635,10635,0.041622161865234375,1041.375,0.08045578002929688,9.728K,0.025815963745117188,0,3,0,0,41.68359375,41.54296875,0,0,0,0.0,0,2,9400,training
1754995282.022078,10635,10635,0.041622161865234375,1041.375,0.08045578002929688,9.728K,0.025184154510498047,0,3,0,0,41.68359375,41.54296875,0,0,0,0.0,0,2,9500,training
1754995282.070079,10635,10635,0.041622161865234375,1041.375,0.08045578002929688,9.728K,0.02533435821533203,0,3,0,0,41.68359375,41.54296875,0,0,0,0.0,0,2,9600,training
1754995282.118783,10635,10635,0.041622161865234375,1041.375,0.08045578002929688,9.728K,0.0255584716796875,0,3,0,0,41.68359375,41.54296875,0,0,0,0.0,0,2,9700,training
1754995282.167135,10635,10635,0.041622161865234375,1041.375,0.08045578002929688,9.728K,0.025658607482910156,0,3,0,0,41.68359375,41.54296875,0,0,0,0.0,0,2,9800,training
1754995282.2157881,10635,10635,0.041622161865234375,1041.375,0.08045578002929688,9.728K,0.025875568389892578,0,3,0,0,41.68359375,41.54296875,0,0,0,0.0,0,2,9900,training
1754995282.264468,10635,10635,0.041622161865234375,1041.375,0.08045578002929688,9.728K,0.025794506072998047,0,3,0,0,41.68359375,41.54296875,0,0,0,0.0,0,2,10000,training
1754995282.3131971,10635,10635,0.041622161865234375,1041.375,0.08045578002929688,9.728K,0.028808116912841797,0,3,0,0,41.68359375,41.54296875,0,0,0,0.0,0,2,10100,training
1754995282.361668,10635,10635,0.041622161865234375,1041.40625,0.08045578002929688,9.728K,0.028014183044433594,0,3,0,0,41.68359375,41.54296875,0,0,0,0.0,0,2,10200,training
1754995282.409812,10635,10635,0.041622161865234375,1041.40625,0.08045578002929688,9.728K,0.025103092193603516,0,3,0,0,41.68359375,41.54296875,0,0,0,0.0,0,2,10300,training
1754995282.458096,10635,10635,0.041622161865234375,1041.40625,0.08045578002929688,9.728K,0.02562999725341797,0,3,0,0,41.68359375,41.54296875,0,0,0,0.0,0,2,10400,training
1754995282.50634,10635,10635,0.041622161865234375,1041.40625,0.08045578002929688,9.728K,0.025751590728759766,0,3,0,0,41.68359375,41.54296875,0,0,0,0.0,0,2,10500,training
1754995282.554364,10635,10635,0.041622161865234375,1041.40625,0.08045578002929688,9.728K,0.02538919448852539,0,3,0,0,41.68359375,41.54296875,0,0,0,0.0,0,2,10600,training
1754995282.6026309,10635,10635,0.041622161865234375,1041.4375,0.08045578002929688,9.728K,0.025298595428466797,0,3,0,0,41.68359375,41.54296875,0,0,0,0.0,0,2,10700,training
1754995282.6516328,10635,10635,0.041622161865234375,1041.4375,0.08045578002929688,9.728K,0.02538442611694336,0,3,0,0,41.68359375,41.54296875,0,0,0,0.0,0,2,10800,training
1754995282.6999738,10635,10635,0.041622161865234375,1041.453125,0.08045578002929688,9.728K,0.025534629821777344,0,3,0,0,41.68359375,41.54296875,0,0,0,0.0,0,2,10900,training
1754995282.748705,10635,10635,0.041622161865234375,1041.453125,0.08045578002929688,9.728K,0.025625228881835938,0,3,0,0,41.68359375,41.54296875,0,0,0,0.0,0,2,11000,training
1754995282.796897,10635,10635,0.041622161865234375,1041.453125,0.08045578002929688,9.728K,0.028684139251708984,0,3,0,0,41.68359375,41.54296875,0,0,0,0.0,0,2,11100,training
1754995282.845621,10635,10635,0.041622161865234375,1041.453125,0.08045578002929688,9.728K,0.028901100158691406,0,3,0,0,41.68359375,41.54296875,0,0,0,0.0,0,2,11200,training
1754995282.894026,10635,10635,0.041622161865234375,1041.453125,0.08045578002929688,9.728K,0.025761127471923828,0,3,0,0,41.68359375,41.54296875,0,0,0,0.0,0,2,11300,training
1754995282.942694,10635,10635,0.041622161865234375,1041.453125,0.08045578002929688,9.728K,0.02528667449951172,0,3,0,0,41.68359375,41.54296875,0,0,0,0.0,0,2,11400,training
1754995282.991314,10635,10635,0.041622161865234375,1041.453125,0.08045578002929688,9.728K,0.025317668914794922,0,3,0,0,41.68359375,41.54296875,0,0,0,0.0,0,2,11500,training
1754995283.0399559,10635,10635,0.041622161865234375,1041.453125,0.08045578002929688,9.728K,0.02595663070678711,0,3,0,0,41.68359375,41.54296875,0,0,0,0.0,0,2,11600,training
1754995283.088091,10635,10635,0.041622161865234375,1041.453125,0.08045578002929688,9.728K,0.02519369125366211,0,3,0,0,41.68359375,41.54296875,0,0,0,0.0,0,2,11700,training
1754995283.136776,10635,10635,0.041622161865234375,1041.453125,0.08045578002929688,9.728K,0.025205612182617188,0,3,0,0,41.68359375,41.54296875,0,0,0,0.0,0,2,11800,training
1754995283.185638,10635,10635,0.041622161865234375,1041.453125,0.08045578002929688,9.728K,0.025441646575927734,0,3,0,0,41.68359375,41.54296875,0,0,0,0.0,0,2,11900,training
1754995283.2341728,10635,10635,0.041622161865234375,1041.453125,0.08045578002929688,9.728K,0.02603292465209961,0,3,0,0,41.68359375,41.54296875,0,0,0,0.0,0,2,12000,training
1754995283.282249,10635,10635,0.041622161865234375,1041.46875,0.08045578002929688,9.728K,0.025823116302490234,0,3,0,0,41.68359375,41.54296875,0,0,0,0.0,0,2,12100,training
1754995283.3303082,10635,10635,0.041622161865234375,1041.46875,0.08045578002929688,9.728K,0.02599954605102539,0,3,0,0,41.68359375,41.54296875,0,0,0,0.0,0,2,12200,training
1754995283.378898,10635,10635,0.041622161865234375,1041.46875,0.08045578002929688,9.728K,0.028598308563232422,0,3,0,0,41.68359375,41.54296875,0,0,0,0.0,0,2,12300,training
1754995283.427393,10635,10635,0.041622161865234375,1041.46875,0.08045578002929688,9.728K,0.02532958984375,0,3,0,0,41.68359375,41.54296875,0,0,0,0.0,0,2,12400,training
1754995283.476151,10635,10635,0.041622161865234375,1041.46875,0.08045578002929688,9.728K,0.025377273559570312,0,3,0,0,41.68359375,41.54296875,0,0,0,0.0,0,2,12500,training
1754995283.5247638,10635,10635,0.041622161865234375,1041.46875,0.08045578002929688,9.728K,0.025873184204101562,0,3,0,0,41.68359375,41.54296875,0,0,0,0.0,0,2,12600,training
1754995283.57352,10635,10635,0.041622161865234375,1041.46875,0.08045578002929688,9.728K,0.02582073211669922,0,3,0,0,41.68359375,41.54296875,0,0,0,0.0,0,2,12700,training
1754995283.622218,10635,10635,0.041622161865234375,1041.46875,0.08045578002929688,9.728K,0.025446414947509766,0,3,0,0,41.68359375,41.54296875,0,0,0,0.0,0,2,12800,training
1754995283.670222,10635,10635,0.041622161865234375,1041.46875,0.08045578002929688,9.728K,0.02568960189819336,0,3,0,0,41.68359375,41.54296875,0,0,0,0.0,0,2,12900,training
1754995283.71874,10635,10635,0.041622161865234375,1041.46875,0.08045578002929688,9.728K,0.025811195373535156,0,3,0,0,41.68359375,41.54296875,0,0,0,0.0,0,2,13000,training
1754995283.767475,10635,10635,0.041622161865234375,1041.46875,0.08045578002929688,9.728K,0.02578258514404297,0,3,0,0,41.68359375,41.54296875,0,0,0,0.0,0,2,13100,training
1754995283.816184,10635,10635,0.041622161865234375,1041.46875,0.08045578002929688,9.728K,0.025751590728759766,0,3,0,0,41.68359375,41.54296875,0,0,0,0.0,0,2,13200,training
1754995283.864311,10635,10635,0.041622161865234375,1041.46875,0.08045578002929688,9.728K,0.025393962860107422,0,3,0,0,41.68359375,41.54296875,0,0,0,0.0,0,2,13300,training
1754995283.9129431,10635,10635,0.041622161865234375,1041.46875,0.08045578002929688,9.728K,0.028581619262695312,0,3,0,0,41.68359375,41.54296875,0,0,0,0.0,0,2,13400,training
1754995283.961399,10635,10635,0.041622161865234375,1041.46875,0.08045578002929688,9.728K,0.027341842651367188,0,3,0,0,41.68359375,41.54296875,0,0,0,0.0,0,2,13500,training
1754995284.0102038,10635,10635,0.041622161865234375,1041.46875,0.08045578002929688,9.728K,0.0269317626953125,0,3,0,0,41.68359375,41.54296875,0,0,0,0.0,0,2,13600,training
1754995284.059432,10635,10635,0.041622161865234375,1041.46875,0.08045578002929688,9.728K,0.02541065216064453,0,3,0,0,41.68359375,41.54296875,0,0,0,0.0,0,2,13700,training
1754995284.108174,10635,10635,0.041622161865234375,1041.5,0.08045578002929688,9.728K,0.02584695816040039,0,3,0,0,41.68359375,41.54296875,0,0,0,0.0,0,2,13800,training
1754995284.1569788,10635,10635,0.041622161865234375,1041.5,0.08045578002929688,9.728K,0.025539398193359375,0,3,0,0,41.68359375,41.54296875,0,0,0,0.0,0,2,13900,training
1754995284.205388,10635,10635,0.041622161865234375,1041.5,0.08045578002929688,9.728K,0.026218891143798828,0,3,0,0,41.68359375,41.54296875,0,0,0,0.0,0,2,14000,training
1754995284.254518,10635,10635,0.041622161865234375,1041.5,0.08045578002929688,9.728K,0.02554178237915039,0,3,0,0,41.68359375,41.54296875,0,0,0,0.0,0,2,14100,training
1754995284.3031218,10635,10635,0.041622161865234375,1041.5,0.08045578002929688,9.728K,0.02530813217163086,0,3,0,0,41.68359375,41.54296875,0,0,0,0.0,0,2,14200,training
1754995284.352054,10635,10635,0.041622161865234375,1041.515625,0.08045578002929688,9.728K,0.025446414947509766,0,3,0,0,41.68359375,41.54296875,0,0,0,0.0,0,2,14300,training
1754995284.400618,10635,10635,0.041622161865234375,1041.515625,0.08045578002929688,9.728K,0.025455951690673828,0,3,0,0,41.68359375,41.54296875,0,0,0,0.0,0,2,14400,training
1754995284.4489222,10635,10635,0.041622161865234375,1041.515625,0.08045578002929688,9.728K,0.025684833526611328,0,3,0,0,41.68359375,41.54296875,0,0,0,0.0,0,2,14500,training
1754995284.4974778,10635,10635,0.041622161865234375,1041.515625,0.08045578002929688,9.728K,0.025534629821777344,0,3,0,0,41.68359375,41.54296875,0,0,0,0.0,0,2,14600,training
1754995284.5461838,10635,10635,0.041622161865234375,1041.515625,0.08045578002929688,9.728K,0.029463768005371094,0,3,0,0,41.68359375,41.54296875,0,0,0,0.0,0,2,14700,training
1754995284.597595,10635,10635,0.041622161865234375,1041.515625,0.08045578002929688,9.728K,0.03132820129394531,0,3,0,0,41.68359375,41.54296875,0,0,0,0.0,0,2,14800,training
1754995284.656651,10635,10635,0.041622161865234375,1041.515625,0.08045578002929688,9.728K,0.032770633697509766,0,3,0,0,41.68359375,41.54296875,0,0,0,0.0,0,2,14900,training
1754995284.791014,10635,10635,0.041622161865234375,1041.515625,0.08045578002929688,9.728K,0.028007030487060547,0,3,0,0,41.68359375,41.54296875,0,0,0,0.0,0,2,15000,training
1754995285.07535,10635,10635,0.041622161865234375,1041.59375,0.08045578002929688,9.728K,0.23483991622924805,0,3,0,0,41.68359375,41.54296875,0,0,0,0.0,0,2,15100,training
1754995285.418429,10635,10635,0.041622161865234375,1041.640625,0.08045578002929688,9.728K,0.03493309020996094,0,3,0,0,41.68359375,41.54296875,0,0,0,0.0,0,2,15200,training
1754995285.490863,10635,10635,0.041622161865234375,1041.703125,0.08045578002929688,9.728K,0.0298309326171875,0,3,0,0,41.68359375,41.54296875,0,0,0,0.0,0,2,15300,training
1754995285.556969,10635,10635,0.041622161865234375,1041.703125,0.08045578002929688,9.728K,0.029382705688476562,0,3,0,0,41.68359375,41.54296875,0,0,0,0.0,0,2,15400,training
1754995285.616847,10635,10635,0.041622161865234375,1041.703125,0.08045578002929688,9.728K,0.02926349639892578,0,3,0,0,41.68359375,41.54296875,0,0,0,0.0,0,2,15500,training
1754995285.6730912,10635,10635,0.041622161865234375,1041.703125,0.08045578002929688,9.728K,0.02624988555908203,0,3,0,0,41.68359375,41.54296875,0,0,0,0.0,0,2,15600,training
1754995285.723477,10635,10635,0.041622161865234375,1041.703125,0.08045578002929688,9.728K,0.02556324005126953,0,3,0,0,41.68359375,41.54296875,0,0,0,0.0,0,2,15700,training
1754995285.7779672,10635,10635,0.041622161865234375,1041.703125,0.08045578002929688,9.728K,0.029079914093017578,0,3,0,0,41.68359375,41.54296875,0,0,0,0.0,0,2,15800,training
1754995285.8281212,10635,10635,0.041622161865234375,1041.703125,0.08045578002929688,9.728K,0.030333995819091797,0,3,0,0,41.68359375,41.54296875,0,0,0,0.0,0,2,15900,training
1754995285.8796742,10635,10635,0.041622161865234375,1041.703125,0.08045578002929688,9.728K,0.029098987579345703,0,3,0,0,41.68359375,41.54296875,0,0,0,0.0,0,2,16000,training
1754995285.93506,10635,10635,0.041622161865234375,1041.703125,0.08045578002929688,9.728K,0.02605915069580078,0,3,0,0,41.68359375,41.54296875,0,0,0,0.0,0,2,16100,training
1754995285.9863942,10635,10635,0.041622161865234375,1041.703125,0.08045578002929688,9.728K,0.025577545166015625,0,3,0,0,41.68359375,41.54296875,0,0,0,0.0,0,2,16200,training
1754995286.038215,10635,10635,0.041622161865234375,1041.703125,0.08045578002929688,9.728K,0.025293827056884766,0,3,0,0,41.68359375,41.54296875,0,0,0,0.0,0,2,16300,training
1754995286.0864651,10635,10635,0.041622161865234375,1041.734375,0.08045578002929688,9.728K,0.025649070739746094,0,3,0,0,41.68359375,41.54296875,0,0,0,0.0,0,2,16400,training
1754995286.135773,10635,10635,0.041622161865234375,1041.734375,0.08045578002929688,9.728K,0.025458335876464844,0,3,0,0,41.68359375,41.54296875,0,0,0,0.0,0,2,16500,training
1754995286.184832,10635,10635,0.041622161865234375,1041.734375,0.08045578002929688,9.728K,0.025470256805419922,0,3,0,0,41.68359375,41.54296875,0,0,0,0.0,0,2,16600,training
1754995286.2336159,10635,10635,0.041622161865234375,1041.734375,0.08045578002929688,9.728K,0.02544879913330078,0,3,0,0,41.68359375,41.54296875,0,0,0,0.0,0,2,16700,training
1754995286.282767,10635,10635,0.041622161865234375,1041.734375,0.08045578002929688,9.728K,0.025703907012939453,0,3,0,0,41.68359375,41.54296875,0,0,0,0.0,0,2,16800,training
1754995286.331327,10635,10635,0.041622161865234375,1041.734375,0.08045578002929688,9.728K,0.025475025177001953,0,3,0,0,41.68359375,41.54296875,0,0,0,0.0,0,2,16900,training
1754995286.380526,10635,10635,0.041622161865234375,1041.734375,0.08045578002929688,9.728K,0.02765655517578125,0,3,0,0,41.68359375,41.54296875,0,0,0,0.0,0,2,17000,training
1754995286.429661,10635,10635,0.041622161865234375,1041.734375,0.08045578002929688,9.728K,0.029158592224121094,0,3,0,0,41.68359375,41.54296875,0,0,0,0.0,0,2,17100,training
1754995286.4807029,10635,10635,0.041622161865234375,1041.734375,0.08045578002929688,9.728K,0.027091503143310547,0,3,0,0,41.68359375,41.54296875,0,0,0,0.0,0,2,17200,training
1754995286.536705,10635,10635,0.041622161865234375,1037.46875,0.08045578002929688,9.728K,0.025429725646972656,0,3,0,0,41.68359375,41.54296875,0,0,0,0.0,0,2,17300,training
1754995286.5859468,10635,10635,0.041622161865234375,1037.515625,0.08045578002929688,9.728K,0.025513172149658203,0,3,0,0,41.68359375,41.54296875,0,0,0,0.0,0,2,17400,training
1754995286.635287,10635,10635,0.041622161865234375,1037.515625,0.08045578002929688,9.728K,0.02557992935180664,0,3,0,0,41.68359375,41.54296875,0,0,0,0.0,0,2,17500,training
1754995286.684542,10635,10635,0.041622161865234375,1037.515625,0.08045578002929688,9.728K,0.026090145111083984,0,3,0,0,41.68359375,41.54296875,0,0,0,0.0,0,2,17600,training
1754995286.734334,10635,10635,0.041622161865234375,1004.953125,0.08045578002929688,9.728K,0.026051998138427734,0,3,0,0,41.68359375,41.54296875,0,0,0,0.0,0,2,17700,training
1754995286.7838552,10635,10635,0.041622161865234375,1004.953125,0.08045578002929688,9.728K,0.02571582794189453,0,3,0,0,41.68359375,41.54296875,0,0,0,0.0,0,2,17800,training
1754995286.8328269,10635,10635,0.041622161865234375,1004.953125,0.08045578002929688,9.728K,0.025844573974609375,0,3,0,0,41.68359375,41.54296875,0,0,0,0.0,0,2,17900,training
1754995286.881093,10635,10635,0.041622161865234375,1004.953125,0.08045578002929688,9.728K,0.026047229766845703,0,3,0,0,41.68359375,41.54296875,0,0,0,0.0,0,2,18000,training
1754995286.929468,10635,10635,0.041622161865234375,1004.953125,0.08045578002929688,9.728K,0.029680728912353516,0,3,0,0,41.68359375,41.54296875,0,0,0,0.0,0,2,18100,training
1754995286.9783092,10635,10635,0.041622161865234375,1004.953125,0.08045578002929688,9.728K,0.02836465835571289,0,3,0,0,41.68359375,41.54296875,0,0,0,0.0,0,2,18200,training
1754995287.027172,10635,10635,0.041622161865234375,966.25,0.08045578002929688,9.728K,0.025603771209716797,0,3,0,0,41.68359375,41.54296875,0,0,0,0.0,0,2,18300,training
1754995287.076084,10635,10635,0.041622161865234375,966.25,0.08045578002929688,9.728K,0.025281906127929688,0,3,0,0,41.68359375,41.54296875,0,0,0,0.0,0,2,18400,training
1754995287.125012,10635,10635,0.041622161865234375,966.25,0.08045578002929688,9.728K,0.025568008422851562,0,3,0,0,41.68359375,41.54296875,0,0,0,0.0,0,2,18500,training
1754995287.1738,10635,10635,0.041622161865234375,966.25,0.08045578002929688,9.728K,0.025568008422851562,0,3,0,0,41.68359375,41.54296875,0,0,0,0.0,0,2,18600,training
1754995287.222784,10635,10635,0.041622161865234375,966.25,0.08045578002929688,9.728K,0.025708675384521484,0,3,0,0,41.68359375,41.54296875,0,0,0,0.0,0,2,18700,training
1754995287.271292,10635,10635,0.041622161865234375,943.984375,0.08045578002929688,9.728K,0.025398731231689453,0,3,0,0,41.68359375,41.54296875,0,0,0,0.0,0,2,18800,training
1754995287.3201878,10635,10635,0.041622161865234375,943.984375,0.08045578002929688,9.728K,0.025374889373779297,0,3,0,0,41.68359375,41.54296875,0,0,0,0.0,0,2,18900,training
1754995287.369477,10635,10635,0.041622161865234375,943.984375,0.08045578002929688,9.728K,0.025413036346435547,0,3,0,0,41.68359375,41.54296875,0,0,0,0.0,0,2,19000,training
1754995287.4182,10635,10635,0.041622161865234375,943.984375,0.08045578002929688,9.728K,0.025374889373779297,0,3,0,0,41.68359375,41.54296875,0,0,0,0.0,0,2,19100,training
1754995287.466479,10635,10635,0.041622161865234375,943.984375,0.08045578002929688,9.728K,0.025742053985595703,0,3,0,0,41.68359375,41.54296875,0,0,0,0.0,0,2,19200,training
1754995287.5149922,10635,10635,0.041622161865234375,943.984375,0.08045578002929688,9.728K,0.02574443817138672,0,3,0,0,41.68359375,41.54296875,0,0,0,0.0,0,2,19300,training
1754995287.563385,10635,10635,0.041622161865234375,943.984375,0.08045578002929688,9.728K,0.02885580062866211,0,3,0,0,41.68359375,41.54296875,0,0,0,0.0,0,2,19400,training
1754995287.612618,10635,10635,0.041622161865234375,911.734375,0.08045578002929688,9.728K,0.028712749481201172,0,3,0,0,41.68359375,41.54296875,0,0,0,0.0,0,2,19500,training
1754995287.6617842,10635,10635,0.041622161865234375,911.734375,0.08045578002929688,9.728K,0.028836727142333984,0,3,0,0,41.68359375,41.54296875,0,0,0,0.0,0,2,19600,training
1754995287.710377,10635,10635,0.041622161865234375,911.765625,0.08045578002929688,9.728K,0.02519369125366211,0,3,0,0,41.68359375,41.54296875,0,0,0,0.0,0,2,19700,training
1754995287.758903,10635,10635,0.041622161865234375,911.765625,0.08045578002929688,9.728K,0.025742053985595703,0,3,0,0,41.68359375,41.54296875,0,0,0,0.0,0,2,19800,training
1754995287.8076081,10635,10635,0.041622161865234375,911.78125,0.08045578002929688,9.728K,0.02542257308959961,0,3,0,0,41.68359375,41.54296875,0,0,0,0.0,0,2,19900,training
1754995287.8558059,10635,10635,0.041622161865234375,911.78125,0.08045578002929688,9.728K,0.025200843811035156,0,3,0,0,41.68359375,41.54296875,0,0,0,0.0,0,2,20000,training
1754995287.904246,10635,10635,0.041622161865234375,911.78125,0.08045578002929688,9.728K,0.02535104751586914,0,3,0,0,41.68359375,41.54296875,0,0,0,0.0,0,2,20100,training
1754995287.952393,10635,10635,0.041622161865234375,911.78125,0.08045578002929688,9.728K,0.02516031265258789,0,3,0,0,41.68359375,41.54296875,0,0,0,0.0,0,2,20200,training
1754995288.000556,10635,10635,0.041622161865234375,911.78125,0.08045578002929688,9.728K,0.025300979614257812,0,3,0,0,41.68359375,41.54296875,0,0,0,0.0,0,2,20300,training
1754995288.049233,10635,10635,0.041622161865234375,879.359375,0.08045578002929688,9.728K,0.02567768096923828,0,3,0,0,41.68359375,41.54296875,0,0,0,0.0,0,2,20400,training
1754995288.097915,10635,10635,0.041622161865234375,879.359375,0.08045578002929688,9.728K,0.02553701400756836,0,3,0,0,41.68359375,41.54296875,0,0,0,0.0,0,2,20500,training
1754995288.146463,10635,10635,0.041622161865234375,879.359375,0.08045578002929688,9.728K,0.029284954071044922,0,3,0,0,41.68359375,41.54296875,0,0,0,0.0,0,2,20600,training
1754995288.1970508,10635,10635,0.041622161865234375,879.359375,0.08045578002929688,9.728K,0.02916097640991211,0,3,0,0,41.68359375,41.54296875,0,0,0,0.0,0,2,20700,training
1754995288.2465,10635,10635,0.041622161865234375,879.359375,0.08045578002929688,9.728K,0.02912759780883789,0,3,0,0,41.68359375,41.54296875,0,0,0,0.0,0,2,20800,training
1754995288.2966888,10635,10635,0.041622161865234375,879.359375,0.08045578002929688,9.728K,0.029990673065185547,0,3,0,0,41.68359375,41.54296875,0,0,0,0.0,0,2,20900,training
1754995288.348143,10635,10635,0.041622161865234375,879.359375,0.08045578002929688,9.728K,0.026388168334960938,0,3,0,0,41.68359375,41.54296875,0,0,0,0.0,0,2,21000,training
1754995288.3992682,10635,10635,0.041622161865234375,879.359375,0.08045578002929688,9.728K,0.025093555450439453,0,3,0,0,41.68359375,41.54296875,0,0,0,0.0,0,2,21100,training
1754995288.4485,10635,10635,0.041622161865234375,825.671875,0.08045578002929688,9.728K,0.02536773681640625,0,3,0,0,41.68359375,41.54296875,0,0,0,0.0,0,2,21200,training
1754995288.497323,10635,10635,0.041622161865234375,825.671875,0.08045578002929688,9.728K,0.028035640716552734,0,3,0,0,41.68359375,41.54296875,0,0,0,0.0,0,2,21300,training
1754995288.546387,10635,10635,0.041622161865234375,825.671875,0.08045578002929688,9.728K,0.029566287994384766,0,3,0,0,41.68359375,41.54296875,0,0,0,0.0,0,2,21400,training
1754995288.595123,10635,10635,0.041622161865234375,825.671875,0.08045578002929688,9.728K,0.02872943878173828,0,3,0,0,41.68359375,41.54296875,0,0,0,0.0,0,2,21500,training
1754995288.6430368,10635,10635,0.041622161865234375,825.671875,0.08045578002929688,9.728K,0.025200843811035156,0,3,0,0,41.68359375,41.54296875,0,0,0,0.0,0,2,21600,training
1754995288.69203,10635,10635,0.041622161865234375,825.671875,0.08045578002929688,9.728K,0.02546548843383789,0,3,0,0,41.68359375,41.54296875,0,0,0,0.0,0,2,21700,training
1754995288.743615,10635,10635,0.041622161865234375,795.953125,0.08045578002929688,9.728K,0.025556087493896484,0,3,0,0,41.68359375,41.54296875,0,0,0,0.0,0,2,21800,training
1754995288.793591,10635,10635,0.041622161865234375,795.984375,0.08045578002929688,9.728K,0.025975704193115234,0,3,0,0,41.68359375,41.54296875,0,0,0,0.0,0,2,21900,training
1754995288.843862,10635,10635,0.041622161865234375,795.984375,0.08045578002929688,9.728K,0.025799274444580078,0,3,0,0,41.68359375,41.54296875,0,0,0,0.0,0,2,22000,training
1754995288.894924,10635,10635,0.041622161865234375,795.984375,0.08045578002929688,9.728K,0.028240680694580078,0,3,0,0,41.68359375,41.54296875,0,0,0,0.0,0,2,22100,training
1754995288.9441879,10635,10635,0.041622161865234375,795.984375,0.08045578002929688,9.728K,0.027208328247070312,0,3,0,0,41.68359375,41.54296875,0,0,0,0.0,0,2,22200,training
1754995288.994116,10635,10635,0.041622161865234375,795.984375,0.08045578002929688,9.728K,0.026154518127441406,0,3,0,0,41.68359375,41.54296875,0,0,0,0.0,0,2,22300,training
1754995289.0434391,10635,10635,0.041622161865234375,795.984375,0.08045578002929688,9.728K,0.02534627914428711,0,3,0,0,41.68359375,41.54296875,0,0,0,0.0,0,2,22400,training
1754995289.093332,10635,10635,0.041622161865234375,792.125,0.08045578002929688,9.728K,0.02597808837890625,0,3,0,0,41.68359375,41.54296875,0,0,0,0.0,0,2,22500,training
1754995289.142903,10635,10635,0.041622161865234375,745.015625,0.08045578002929688,9.728K,0.025794506072998047,0,3,0,0,41.68359375,41.54296875,0,0,0,0.0,0,2,22600,training
1754995289.193384,10635,10635,0.041622161865234375,745.015625,0.08045578002929688,9.728K,0.025773048400878906,0,3,0,0,41.68359375,41.54296875,0,0,0,0.0,0,2,22700,training
1754995289.243115,10635,10635,0.041622161865234375,745.015625,0.08045578002929688,9.728K,0.025835037231445312,0,3,0,0,41.68359375,41.54296875,0,0,0,0.0,0,2,22800,training
1754995289.293043,10635,10635,0.041622161865234375,745.015625,0.08045578002929688,9.728K,0.02588510513305664,0,3,0,0,41.68359375,41.54296875,0,0,0,0.0,0,2,22900,training
1754995289.342763,10635,10635,0.041622161865234375,745.015625,0.08045578002929688,9.728K,0.025544166564941406,0,3,0,0,41.68359375,41.54296875,0,0,0,0.0,0,2,23000,training
1754995289.3917198,10635,10635,0.041622161865234375,745.015625,0.08045578002929688,9.728K,0.02560138702392578,0,3,0,0,41.68359375,41.54296875,0,0,0,0.0,0,2,23100,training
1754995289.441804,10635,10635,0.041622161865234375,745.015625,0.08045578002929688,9.728K,0.02553701400756836,0,3,0,0,41.68359375,41.54296875,0,0,0,0.0,0,2,23200,training
1754995289.490756,10635,10635,0.041622161865234375,745.015625,0.08045578002929688,9.728K,0.025758743286132812,0,3,0,0,41.68359375,41.54296875,0,0,0,0.0,0,2,23300,training
1754995289.540014,10635,10635,0.041622161865234375,745.015625,0.08045578002929688,9.728K,0.025546550750732422,0,3,0,0,41.68359375,41.54296875,0,0,0,0.0,0,2,23400,training
1754995289.58905,10635,10635,0.041622161865234375,745.015625,0.08045578002929688,9.728K,0.025470256805419922,0,3,0,0,41.68359375,41.54296875,0,0,0,0.0,0,2,23500,training
1754995289.638976,10635,10635,0.041622161865234375,733.0,0.08045578002929688,9.728K,0.0252532958984375,0,3,0,0,41.68359375,41.54296875,0,0,0,0.0,0,2,23600,training
1754995289.688354,10635,10635,0.041622161865234375,733.0,0.08045578002929688,9.728K,0.025165081024169922,0,3,0,0,41.68359375,41.54296875,0,0,0,0.0,0,2,23700,training
1754995289.737342,10635,10635,0.041622161865234375,733.0,0.08045578002929688,9.728K,0.025234222412109375,0,3,0,0,41.68359375,41.54296875,0,0,0,0.0,0,2,23800,training
1754995289.7859468,10635,10635,0.041622161865234375,733.0,0.08045578002929688,9.728K,0.025768280029296875,0,3,0,0,41.68359375,41.54296875,0,0,0,0.0,0,2,23900,training
1754995289.837137,10635,10635,0.041622161865234375,733.0,0.08045578002929688,9.728K,0.025408267974853516,0,3,0,0,41.68359375,41.54296875,0,0,0,0.0,0,2,24000,training
1754995289.886692,10635,10635,0.041622161865234375,733.015625,0.08045578002929688,9.728K,0.025494098663330078,0,3,0,0,41.68359375,41.54296875,0,0,0,0.0,0,2,24100,training
1754995289.935761,10635,10635,0.041622161865234375,733.03125,0.08045578002929688,9.728K,0.025763511657714844,0,3,0,0,41.68359375,41.54296875,0,0,0,0.0,0,2,24200,training
1754995289.9853592,10635,10635,0.041622161865234375,733.03125,0.08045578002929688,9.728K,0.025548934936523438,0,3,0,0,41.68359375,41.54296875,0,0,0,0.0,0,2,24300,training
1754995290.035084,10635,10635,0.041622161865234375,733.03125,0.08045578002929688,9.728K,0.025789737701416016,0,3,0,0,41.68359375,41.54296875,0,0,0,0.0,0,2,24400,training
1754995290.084705,10635,10635,0.041622161865234375,701.609375,0.08045578002929688,9.728K,0.026159286499023438,0,3,0,0,41.68359375,41.54296875,0,0,0,0.0,0,2,24500,training
1754995290.1338491,10635,10635,0.041622161865234375,701.609375,0.08045578002929688,9.728K,0.025746822357177734,0,3,0,0,41.68359375,41.54296875,0,0,0,0.0,0,2,24600,training
1754995290.183338,10635,10635,0.041622161865234375,701.609375,0.08045578002929688,9.728K,0.025861263275146484,0,3,0,0,41.68359375,41.54296875,0,0,0,0.0,0,2,24700,training
1754995290.233769,10635,10635,0.041622161865234375,701.609375,0.08045578002929688,9.728K,0.02552032470703125,0,3,0,0,41.68359375,41.54296875,0,0,0,0.0,0,2,24800,training
1754995290.282999,10635,10635,0.041622161865234375,701.609375,0.08045578002929688,9.728K,0.025928020477294922,0,3,0,0,41.68359375,41.54296875,0,0,0,0.0,0,2,24900,training
1754995290.332341,10635,10635,0.041622161865234375,701.609375,0.08045578002929688,9.728K,0.02603292465209961,0,3,0,0,41.68359375,41.54296875,0,0,0,0.0,0,2,25000,training
1754995290.381471,10635,10635,0.041622161865234375,701.609375,0.08045578002929688,9.728K,0.025813579559326172,0,3,0,0,41.68359375,41.54296875,0,0,0,0.0,0,2,25100,training
1754995290.4310029,10635,10635,0.041622161865234375,701.609375,0.08045578002929688,9.728K,0.02613067626953125,0,3,0,0,41.68359375,41.54296875,0,0,0,0.0,0,2,25200,training
1754995290.480549,10635,10635,0.041622161865234375,698.265625,0.08045578002929688,9.728K,0.02597808837890625,0,3,0,0,41.68359375,41.54296875,0,0,0,0.0,0,2,25300,training
1754995290.530314,10635,10635,0.041622161865234375,698.265625,0.08045578002929688,9.728K,0.028357505798339844,0,3,0,0,41.68359375,41.54296875,0,0,0,0.0,0,2,25400,training
1754995290.579552,10635,10635,0.041622161865234375,698.265625,0.08045578002929688,9.728K,0.029861927032470703,0,3,0,0,41.68359375,41.54296875,0,0,0,0.0,0,2,25500,training
1754995290.628885,10635,10635,0.041622161865234375,698.265625,0.08045578002929688,9.728K,0.029227733612060547,0,3,0,0,41.68359375,41.54296875,0,0,0,0.0,0,2,25600,training
1754995290.681282,10635,10635,0.041622161865234375,667.09375,0.08045578002929688,9.728K,0.027184486389160156,0,3,0,0,41.68359375,41.54296875,0,0,0,0.0,0,2,25700,training
1754995290.745814,10635,10635,0.041622161865234375,628.0,0.08045578002929688,9.728K,0.04027843475341797,0,3,0,0,41.68359375,41.54296875,0,0,0,0.0,0,2,25800,training
1754995290.819011,10635,10635,0.041622161865234375,599.296875,0.08045578002929688,9.728K,0.034923553466796875,0,3,0,0,41.68359375,41.54296875,0,0,0,0.0,0,2,25900,training
1754995290.8799338,10635,10635,0.041622161865234375,566.796875,0.08045578002929688,9.728K,0.03403186798095703,0,3,0,0,41.68359375,41.54296875,0,0,0,0.0,0,2,26000,training
1754995290.93881,10635,10635,0.041622161865234375,540.671875,0.08045578002929688,9.728K,0.02826690673828125,0,3,0,0,41.68359375,41.54296875,0,0,0,0.0,0,2,26100,training
1754995291.006248,10635,10635,0.041622161865234375,511.671875,0.08045578002929688,9.728K,0.02830028533935547,0,3,0,0,41.68359375,41.54296875,0,0,0,0.0,0,2,26200,training
1754995291.068135,10635,10635,0.041622161865234375,511.796875,0.08045578002929688,9.728K,0.02752542495727539,0,3,0,0,41.68359375,41.54296875,0,0,0,0.0,0,2,26300,training
1754995291.131569,10635,10635,0.041622161865234375,508.140625,0.08045578002929688,9.728K,0.027472972869873047,0,3,0,0,41.68359375,41.54296875,0,0,0,0.0,0,2,26400,training
1754995291.186113,10635,10635,0.041622161865234375,508.25,0.08045578002929688,9.728K,0.028426647186279297,0,3,0,0,41.68359375,41.54296875,0,0,0,0.0,0,2,26500,training
1754995291.248123,10635,10635,0.041622161865234375,508.34375,0.08045578002929688,9.728K,0.02742767333984375,0,3,0,0,41.68359375,41.54296875,0,0,0,0.0,0,2,26600,training
1754995291.302825,10635,10635,0.041622161865234375,508.4375,0.08045578002929688,9.728K,0.02921581268310547,0,3,0,0,41.68359375,41.54296875,0,0,0,0.0,0,2,26700,training
1754995291.370167,10635,10635,0.041622161865234375,501.015625,0.08045578002929688,9.728K,0.027692317962646484,0,3,0,0,41.68359375,41.54296875,0,0,0,0.0,0,2,26800,training
1754995291.424567,10635,10635,0.041622161865234375,501.125,0.08045578002929688,9.728K,0.027968883514404297,0,3,0,0,41.68359375,41.54296875,0,0,0,0.0,0,2,26900,training
1754995291.4895942,10635,10635,0.041622161865234375,501.171875,0.08045578002929688,9.728K,0.027310848236083984,0,3,0,0,41.68359375,41.54296875,0,0,0,0.0,0,2,27000,training
1754995291.543356,10635,10635,0.041622161865234375,501.171875,0.08045578002929688,9.728K,0.028302669525146484,0,3,0,0,41.68359375,41.54296875,0,0,0,0.0,0,2,27100,training
1754995291.6045702,10635,10635,0.041622161865234375,501.171875,0.08045578002929688,9.728K,0.02958059310913086,0,3,0,0,41.68359375,41.54296875,0,0,0,0.0,0,2,27200,training
1754995291.674381,10635,10635,0.041622161865234375,484.203125,0.08045578002929688,9.728K,0.02567768096923828,0,3,0,0,41.68359375,41.54296875,0,0,0,0.0,0,2,27300,training
1754995291.722759,10635,10635,0.041622161865234375,484.203125,0.08045578002929688,9.728K,0.025379657745361328,0,3,0,0,41.68359375,41.54296875,0,0,0,0.0,0,2,27400,training
1754995291.770936,10635,10635,0.041622161865234375,484.203125,0.08045578002929688,9.728K,0.025417804718017578,0,3,0,0,41.68359375,41.54296875,0,0,0,0.0,0,2,27500,training
1754995291.819246,10635,10635,0.041622161865234375,484.203125,0.08045578002929688,9.728K,0.025510787963867188,0,3,0,0,41.68359375,41.54296875,0,0,0,0.0,0,2,27600,training
1754995291.866994,10635,10635,0.041622161865234375,484.234375,0.08045578002929688,9.728K,0.025484561920166016,0,3,0,0,41.68359375,41.54296875,0,0,0,0.0,0,2,27700,training
1754995291.914411,10635,10635,0.041622161865234375,484.234375,0.08045578002929688,9.728K,0.02548694610595703,0,3,0,0,41.68359375,41.54296875,0,0,0,0.0,0,2,27800,training
1754995291.9622579,10635,10635,0.041622161865234375,484.234375,0.08045578002929688,9.728K,0.029015541076660156,0,3,0,0,41.68359375,41.54296875,0,0,0,0.0,0,2,27900,training
1754995292.010369,10635,10635,0.041622161865234375,484.25,0.08045578002929688,9.728K,0.025327205657958984,0,3,0,0,41.68359375,41.54296875,0,0,0,0.0,0,2,28000,training
1754995292.059089,10635,10635,0.041622161865234375,484.25,0.08045578002929688,9.728K,0.025396347045898438,0,3,0,0,41.68359375,41.54296875,0,0,0,0.0,0,2,28100,training
1754995292.107074,10635,10635,0.041622161865234375,484.25,0.08045578002929688,9.728K,0.02531290054321289,0,3,0,0,41.68359375,41.54296875,0,0,0,0.0,0,2,28200,training
1754995292.154778,10635,10635,0.041622161865234375,484.25,0.08045578002929688,9.728K,0.025262832641601562,0,3,0,0,41.68359375,41.54296875,0,0,0,0.0,0,2,28300,training
1754995292.2029629,10635,10635,0.041622161865234375,484.25,0.08045578002929688,9.728K,0.025246143341064453,0,3,0,0,41.68359375,41.54296875,0,0,0,0.0,0,2,28400,training
1754995292.251272,10635,10635,0.041622161865234375,484.25,0.08045578002929688,9.728K,0.02536296844482422,0,3,0,0,41.68359375,41.54296875,0,0,0,0.0,0,2,28500,training
1754995292.298985,10635,10635,0.041622161865234375,484.25,0.08045578002929688,9.728K,0.025482177734375,0,3,0,0,41.68359375,41.54296875,0,0,0,0.0,0,2,28600,training
1754995292.347029,10635,10635,0.041622161865234375,484.25,0.08045578002929688,9.728K,0.027036666870117188,0,3,0,0,41.68359375,41.54296875,0,0,0,0.0,0,2,28700,training
1754995292.395334,10635,10635,0.041622161865234375,484.25,0.08045578002929688,9.728K,0.028820037841796875,0,3,0,0,41.68359375,41.54296875,0,0,0,0.0,0,2,28800,training
1754995292.443037,10635,10635,0.041622161865234375,484.25,0.08045578002929688,9.728K,0.025238990783691406,0,3,0,0,41.68359375,41.54296875,0,0,0,0.0,0,2,28900,training
1754995292.490568,10635,10635,0.041622161865234375,484.265625,0.08045578002929688,9.728K,0.025229454040527344,0,3,0,0,41.68359375,41.54296875,0,0,0,0.0,0,2,29000,training
1754995292.5383701,10635,10635,0.041622161865234375,484.28125,0.08045578002929688,9.728K,0.024940967559814453,0,3,0,0,41.68359375,41.54296875,0,0,0,0.0,0,2,29100,training
1754995292.5863261,10635,10635,0.041622161865234375,484.28125,0.08045578002929688,9.728K,0.025377273559570312,0,3,0,0,41.68359375,41.54296875,0,0,0,0.0,0,2,29200,training
1754995292.644491,10635,10635,0.041622161865234375,484.28125,0.08045578002929688,9.728K,0.029196739196777344,0,3,0,0,41.68359375,41.54296875,0,0,0,0.0,0,2,29300,training
1754995292.704046,10635,10635,0.041622161865234375,484.28125,0.08045578002929688,9.728K,0.028536319732666016,0,3,0,0,41.68359375,41.54296875,0,0,0,0.0,0,2,29400,training
1754995292.759278,10635,10635,0.041622161865234375,434.15625,0.08045578002929688,9.728K,0.027990341186523438,0,3,0,0,41.68359375,41.54296875,0,0,0,0.0,0,2,29500,training
1754995292.812331,10635,10635,0.041622161865234375,331.125,0.08045578002929688,9.728K,0.028905868530273438,0,3,0,0,41.68359375,41.54296875,0,0,0,0.0,0,2,29600,training
1754995292.861943,10635,10635,0.041622161865234375,331.125,0.08045578002929688,9.728K,0.028595924377441406,0,3,0,0,41.68359375,41.54296875,0,0,0,0.0,0,2,29700,training
1754995292.910828,10635,10635,0.041622161865234375,331.125,0.08045578002929688,9.728K,0.026671886444091797,0,3,0,0,41.68359375,41.54296875,0,0,0,0.0,0,2,29800,training
1754995292.962761,10635,10635,0.041622161865234375,331.15625,0.08045578002929688,9.728K,0.03488302230834961,0,3,0,0,41.68359375,41.54296875,0,0,0,0.0,0,2,29900,training
1754995293.0203662,10635,10635,0.041622161865234375,331.15625,0.08045578002929688,9.728K,0.027992725372314453,0,3,0,0,41.68359375,41.54296875,0,0,0,0.0,0,2,30000,training
1754995293.075701,10635,10635,0.041622161865234375,331.171875,0.08045578002929688,9.728K,0.02858877182006836,0,3,0,0,41.68359375,41.54296875,0,0,0,0.0,0,2,30100,training
1754995293.151586,10635,10635,0.041622161865234375,331.171875,0.08045578002929688,9.728K,0.02742767333984375,0,3,0,0,41.68359375,41.54296875,0,0,0,0.0,0,2,30200,training
1754995293.2058089,10635,10635,0.041622161865234375,331.203125,0.08045578002929688,9.728K,0.02719402313232422,0,3,0,0,41.68359375,41.54296875,0,0,0,0.0,0,2,30300,training
1754995293.261387,10635,10635,0.041622161865234375,331.203125,0.08045578002929688,9.728K,0.02811908721923828,0,3,0,0,41.68359375,41.54296875,0,0,0,0.0,0,2,30400,training
1754995293.31482,10635,10635,0.041622161865234375,331.203125,0.08045578002929688,9.728K,0.02725839614868164,0,3,0,0,41.68359375,41.54296875,0,0,0,0.0,0,2,30500,training
1754995293.3643808,10635,10635,0.041622161865234375,331.203125,0.08045578002929688,9.728K,0.025532245635986328,0,3,0,0,41.68359375,41.54296875,0,0,0,0.0,0,2,30600,training
1754995293.4132311,10635,10635,0.041622161865234375,331.203125,0.08045578002929688,9.728K,0.029041767120361328,0,3,0,0,41.68359375,41.54296875,0,0,0,0.0,0,2,30700,training
1754995293.46206,10635,10635,0.041622161865234375,331.203125,0.08045578002929688,9.728K,0.028774738311767578,0,3,0,0,41.68359375,41.54296875,0,0,0,0.0,0,2,30800,training
1754995293.5164669,10635,10635,0.041622161865234375,331.203125,0.08045578002929688,9.728K,0.027570724487304688,0,3,0,0,41.68359375,41.54296875,0,0,0,0.0,0,2,30900,training
1754995293.5704498,10635,10635,0.041622161865234375,331.203125,0.08045578002929688,9.728K,0.02753734588623047,0,3,0,0,41.68359375,41.54296875,0,0,0,0.0,0,2,31000,training
1754995293.623316,10635,10635,0.041622161865234375,331.203125,0.08045578002929688,9.728K,0.027806758880615234,0,3,0,0,41.68359375,41.54296875,0,0,0,0.0,0,2,31100,training
1754995293.67596,10635,10635,0.041622161865234375,331.203125,0.08045578002929688,9.728K,0.025339126586914062,0,3,0,0,41.68359375,41.54296875,0,0,0,0.0,0,2,31200,training
1754995293.72488,10635,10635,0.041622161865234375,331.203125,0.08045578002929688,9.728K,0.025701522827148438,0,3,0,0,41.68359375,41.54296875,0,0,0,0.0,0,2,31300,training
1754995293.774657,10635,10635,0.041622161865234375,331.203125,0.08045578002929688,9.728K,0.02535104751586914,0,3,0,0,41.68359375,41.54296875,0,0,0,0.0,0,2,31400,training
1754995293.827808,10635,10635,0.041622161865234375,331.203125,0.08045578002929688,9.728K,0.029532909393310547,0,3,0,0,41.68359375,41.54296875,0,0,0,0.0,0,2,31500,training
1754995293.880867,10635,10635,0.041622161865234375,331.203125,0.08045578002929688,9.728K,0.025870800018310547,0,3,0,0,41.68359375,41.54296875,0,0,0,0.0,0,2,31600,training
1754995293.929261,10635,10635,0.041622161865234375,331.203125,0.08045578002929688,9.728K,0.02919912338256836,0,3,0,0,41.68359375,41.54296875,0,0,0,0.0,0,2,31700,training
1754995293.9783418,10635,10635,0.041622161865234375,331.203125,0.08045578002929688,9.728K,0.028655529022216797,0,3,0,0,41.68359375,41.54296875,0,0,0,0.0,0,2,31800,training
1754995294.026156,10635,10635,0.041622161865234375,331.203125,0.08045578002929688,9.728K,0.025560855865478516,0,3,0,0,41.68359375,41.54296875,0,0,0,0.0,0,2,31900,training
1754995294.07457,10635,10635,0.041622161865234375,331.203125,0.08045578002929688,9.728K,0.02514362335205078,0,3,0,0,41.68359375,41.54296875,0,0,0,0.0,0,2,32000,training
1754995294.1233852,10635,10635,0.041622161865234375,331.203125,0.08045578002929688,9.728K,0.025305747985839844,0,3,0,0,41.68359375,41.54296875,0,0,0,0.0,0,2,32100,training
1754995294.170866,10635,10635,0.041622161865234375,331.203125,0.08045578002929688,9.728K,0.02523183822631836,0,3,0,0,41.68359375,41.54296875,0,0,0,0.0,0,2,32200,training
1754995294.2187111,10635,10635,0.041622161865234375,331.203125,0.08045578002929688,9.728K,0.025446414947509766,0,3,0,0,41.68359375,41.54296875,0,0,0,0.0,0,2,32300,training
1754995294.266963,10635,10635,0.041622161865234375,331.203125,0.08045578002929688,9.728K,0.025331974029541016,0,3,0,0,41.68359375,41.54296875,0,0,0,0.0,0,2,32400,training
1754995294.314364,10635,10635,0.041622161865234375,331.203125,0.08045578002929688,9.728K,0.02544879913330078,0,3,0,0,41.68359375,41.54296875,0,0,0,0.0,0,2,32500,training
1754995294.361713,10635,10635,0.041622161865234375,331.203125,0.08045578002929688,9.728K,0.028197765350341797,0,3,0,0,41.68359375,41.54296875,0,0,0,0.0,0,2,32600,training
1754995294.409717,10635,10635,0.041622161865234375,331.203125,0.08045578002929688,9.728K,0.025279521942138672,0,3,0,0,41.68359375,41.54296875,0,0,0,0.0,0,2,32700,training
1754995294.4596019,10635,10635,0.041622161865234375,331.203125,0.08045578002929688,9.728K,0.02557992935180664,0,3,0,0,41.68359375,41.54296875,0,0,0,0.0,0,2,32800,training
1754995294.5074759,10635,10635,0.041622161865234375,331.203125,0.08045578002929688,9.728K,0.025339126586914062,0,3,0,0,41.68359375,41.54296875,0,0,0,0.0,0,2,32900,training
1754995294.555587,10635,10635,0.041622161865234375,331.203125,0.08045578002929688,9.728K,0.02538919448852539,0,3,0,0,41.68359375,41.54296875,0,0,0,0.0,0,2,33000,training
1754995294.603057,10635,10635,0.041622161865234375,331.203125,0.08045578002929688,9.728K,0.025131702423095703,0,3,0,0,41.68359375,41.54296875,0,0,0,0.0,0,2,33100,training
1754995294.6512861,10635,10635,0.041622161865234375,331.203125,0.08045578002929688,9.728K,0.02544879913330078,0,3,0,0,41.68359375,41.54296875,0,0,0,0.0,0,2,33200,training
1754995294.6992152,10635,10635,0.041622161865234375,331.203125,0.08045578002929688,9.728K,0.025026798248291016,0,3,0,0,41.68359375,41.54296875,0,0,0,0.0,0,2,33300,training
1754995294.746612,10635,10635,0.041622161865234375,331.203125,0.08045578002929688,9.728K,0.02866983413696289,0,3,0,0,41.68359375,41.54296875,0,0,0,0.0,0,2,33400,training
1754995294.794445,10635,10635,0.041622161865234375,331.203125,0.08045578002929688,9.728K,0.027120113372802734,0,3,0,0,41.68359375,41.54296875,0,0,0,0.0,0,2,33500,training
1754995294.8424268,10635,10635,0.041622161865234375,331.203125,0.08045578002929688,9.728K,0.025191307067871094,0,3,0,0,41.68359375,41.54296875,0,0,0,0.0,0,2,33600,training
1754995294.890539,10635,10635,0.041622161865234375,331.203125,0.08045578002929688,9.728K,0.02532958984375,0,3,0,0,41.68359375,41.54296875,0,0,0,0.0,0,2,33700,training
1754995294.938262,10635,10635,0.041622161865234375,331.203125,0.08045578002929688,9.728K,0.025539398193359375,0,3,0,0,41.68359375,41.54296875,0,0,0,0.0,0,2,33800,training
1754995294.98662,10635,10635,0.041622161865234375,331.21875,0.08045578002929688,9.728K,0.025513172149658203,0,3,0,0,41.68359375,41.54296875,0,0,0,0.0,0,2,33900,training
1754995295.034553,10635,10635,0.041622161865234375,331.21875,0.08045578002929688,9.728K,0.025281906127929688,0,3,0,0,41.68359375,41.54296875,0,0,0,0.0,0,2,34000,training
1754995295.082612,10635,10635,0.041622161865234375,331.21875,0.08045578002929688,9.728K,0.025534629821777344,0,3,0,0,41.68359375,41.54296875,0,0,0,0.0,0,2,34100,training
1754995295.13051,10635,10635,0.041622161865234375,331.234375,0.08045578002929688,9.728K,0.025548934936523438,0,3,0,0,41.68359375,41.54296875,0,0,0,0.0,0,2,34200,training
1754995295.178407,10635,10635,0.041622161865234375,331.234375,0.08045578002929688,9.728K,0.028450489044189453,0,3,0,0,41.68359375,41.54296875,0,0,0,0.0,0,2,34300,training
1754995295.226893,10635,10635,0.041622161865234375,331.234375,0.08045578002929688,9.728K,0.02532958984375,0,3,0,0,41.68359375,41.54296875,0,0,0,0.0,0,2,34400,training
1754995295.275929,10635,10635,0.041622161865234375,331.234375,0.08045578002929688,9.728K,0.025494098663330078,0,3,0,0,41.68359375,41.54296875,0,0,0,0.0,0,2,34500,training
1754995295.32567,10635,10635,0.041622161865234375,331.234375,0.08045578002929688,9.728K,0.027420520782470703,0,3,0,0,41.68359375,41.54296875,0,0,0,0.0,0,2,34600,training
1754995295.379819,10635,10635,0.041622161865234375,331.234375,0.08045578002929688,9.728K,0.03226280212402344,0,3,0,0,41.68359375,41.54296875,0,0,0,0.0,0,2,34700,training
1754995295.429418,10635,10635,0.041622161865234375,331.234375,0.08045578002929688,9.728K,0.02996206283569336,0,3,0,0,41.68359375,41.54296875,0,0,0,0.0,0,2,34800,training
1754995295.4780102,10635,10635,0.041622161865234375,331.25,0.08045578002929688,9.728K,0.02855539321899414,0,3,0,0,41.68359375,41.54296875,0,0,0,0.0,0,2,34900,training
1754995295.526104,10635,10635,0.041622161865234375,331.25,0.08045578002929688,9.728K,0.025262832641601562,0,3,0,0,41.68359375,41.54296875,0,0,0,0.0,0,2,35000,training
1754995295.574055,10635,10635,0.041622161865234375,331.25,0.08045578002929688,9.728K,0.025177001953125,0,3,0,0,41.68359375,41.54296875,0,0,0,0.0,0,2,35100,training
1754995295.621962,10635,10635,0.041622161865234375,331.25,0.08045578002929688,9.728K,0.02513408660888672,0,3,0,0,41.68359375,41.54296875,0,0,0,0.0,0,2,35200,training
1754995295.669788,10635,10635,0.041622161865234375,331.25,0.08045578002929688,9.728K,0.025298595428466797,0,3,0,0,41.68359375,41.54296875,0,0,0,0.0,0,2,35300,training
1754995295.717419,10635,10635,0.041622161865234375,331.25,0.08045578002929688,9.728K,0.025107860565185547,0,3,0,0,41.68359375,41.54296875,0,0,0,0.0,0,2,35400,training
1754995295.767869,10635,10635,0.041622161865234375,331.25,0.08045578002929688,9.728K,0.027751922607421875,0,3,0,0,41.68359375,41.54296875,0,0,0,0.0,0,2,35500,training
1754995295.817292,10635,10635,0.041622161865234375,331.25,0.08045578002929688,9.728K,0.025382041931152344,0,3,0,0,41.68359375,41.54296875,0,0,0,0.0,0,2,35600,training
1754995295.865406,10635,10635,0.041622161865234375,331.3125,0.08045578002929688,9.728K,0.025348663330078125,0,3,0,0,41.68359375,41.54296875,0,0,0,0.0,0,2,35700,training
1754995295.9134789,10635,10635,0.041622161865234375,331.3125,0.08045578002929688,9.728K,0.026886463165283203,0,3,0,0,41.68359375,41.54296875,0,0,0,0.0,0,2,35800,training
1754995295.961463,10635,10635,0.041622161865234375,331.3125,0.08045578002929688,9.728K,0.028676986694335938,0,3,0,0,41.68359375,41.54296875,0,0,0,0.0,0,2,35900,training
1754995296.009815,10635,10635,0.041622161865234375,331.3125,0.08045578002929688,9.728K,0.025424957275390625,0,3,0,0,41.68359375,41.54296875,0,0,0,0.0,0,2,36000,training
1754995296.058023,10635,10635,0.041622161865234375,331.3125,0.08045578002929688,9.728K,0.02521514892578125,0,3,0,0,41.68359375,41.54296875,0,0,0,0.0,0,2,36100,training
1754995296.10571,10635,10635,0.041622161865234375,331.3125,0.08045578002929688,9.728K,0.02538919448852539,0,3,0,0,41.68359375,41.54296875,0,0,0,0.0,0,2,36200,training
1754995296.153357,10635,10635,0.041622161865234375,331.3125,0.08045578002929688,9.728K,0.025336742401123047,0,3,0,0,41.68359375,41.54296875,0,0,0,0.0,0,2,36300,training
1754995296.201304,10635,10635,0.041622161865234375,331.34375,0.08045578002929688,9.728K,0.025355815887451172,0,3,0,0,41.68359375,41.54296875,0,0,0,0.0,0,2,36400,training
1754995296.249093,10635,10635,0.041622161865234375,331.34375,0.08045578002929688,9.728K,0.0255584716796875,0,3,0,0,41.68359375,41.54296875,0,0,0,0.0,0,2,36500,training
1754995296.2970939,10635,10635,0.041622161865234375,331.34375,0.08045578002929688,9.728K,0.025594234466552734,0,3,0,0,41.68359375,41.54296875,0,0,0,0.0,0,2,36600,training
1754995296.3454862,10635,10635,0.041622161865234375,331.34375,0.08045578002929688,9.728K,0.02826690673828125,0,3,0,0,41.68359375,41.54296875,0,0,0,0.0,0,2,36700,training
1754995296.394119,10635,10635,0.041622161865234375,331.359375,0.08045578002929688,9.728K,0.02719402313232422,0,3,0,0,41.68359375,41.54296875,0,0,0,0.0,0,2,36800,training
1754995296.442419,10635,10635,0.041622161865234375,331.359375,0.08045578002929688,9.728K,0.025227069854736328,0,3,0,0,41.68359375,41.54296875,0,0,0,0.0,0,2,36900,training
1754995296.4909,10635,10635,0.041622161865234375,331.359375,0.08045578002929688,9.728K,0.02528667449951172,0,3,0,0,41.68359375,41.54296875,0,0,0,0.0,0,2,37000,training
1754995296.539288,10635,10635,0.041622161865234375,331.375,0.08045578002929688,9.728K,0.02559185028076172,0,3,0,0,41.68359375,41.54296875,0,0,0,0.0,0,2,37100,training
1754995296.587357,10635,10635,0.041622161865234375,331.375,0.08045578002929688,9.728K,0.02514362335205078,0,3,0,0,41.68359375,41.54296875,0,0,0,0.0,0,2,37200,training
1754995296.634737,10635,10635,0.041622161865234375,331.375,0.08045578002929688,9.728K,0.025284290313720703,0,3,0,0,41.68359375,41.54296875,0,0,0,0.0,0,2,37300,training
1754995296.682776,10635,10635,0.041622161865234375,331.375,0.08045578002929688,9.728K,0.025446414947509766,0,3,0,0,41.68359375,41.54296875,0,0,0,0.0,0,2,37400,training
1754995296.730525,10635,10635,0.041622161865234375,331.390625,0.08045578002929688,9.728K,0.025627613067626953,0,3,0,0,41.68359375,41.54296875,0,0,0,0.0,0,2,37500,training
1754995296.7790809,10635,10635,0.041622161865234375,331.390625,0.08045578002929688,9.728K,0.028438568115234375,0,3,0,0,41.68359375,41.54296875,0,0,0,0.0,0,2,37600,training
1754995296.8273659,10635,10635,0.041622161865234375,331.390625,0.08045578002929688,9.728K,0.02688884735107422,0,3,0,0,41.68359375,41.54296875,0,0,0,0.0,0,2,37700,training
1754995296.877103,10635,10635,0.041622161865234375,331.390625,0.08045578002929688,9.728K,0.026192665100097656,0,3,0,0,41.68359375,41.54296875,0,0,0,0.0,0,2,37800,training
1754995296.925628,10635,10635,0.041622161865234375,331.390625,0.08045578002929688,9.728K,0.025417804718017578,0,3,0,0,41.68359375,41.54296875,0,0,0,0.0,0,2,37900,training
1754995296.9762938,10635,10635,0.041622161865234375,331.390625,0.08045578002929688,9.728K,0.0273895263671875,0,3,0,0,41.68359375,41.54296875,0,0,0,0.0,0,2,38000,training
1754995297.030316,10635,10635,0.041622161865234375,331.390625,0.08045578002929688,9.728K,0.027682781219482422,0,3,0,0,41.68359375,41.54296875,0,0,0,0.0,0,2,38100,training
1754995297.079492,10635,10635,0.041622161865234375,331.40625,0.08045578002929688,9.728K,0.02847433090209961,0,3,0,0,41.68359375,41.54296875,0,0,0,0.0,0,2,38200,training
1754995297.128382,10635,10635,0.041622161865234375,331.40625,0.08045578002929688,9.728K,0.028798580169677734,0,3,0,0,41.68359375,41.54296875,0,0,0,0.0,0,2,38300,training
1754995297.1767669,10635,10635,0.041622161865234375,331.40625,0.08045578002929688,9.728K,0.02543926239013672,0,3,0,0,41.68359375,41.54296875,0,0,0,0.0,0,2,38400,training
1754995297.225255,10635,10635,0.041622161865234375,331.40625,0.08045578002929688,9.728K,0.025281906127929688,0,3,0,0,41.68359375,41.54296875,0,0,0,0.0,0,2,38500,training
1754995297.272992,10635,10635,0.041622161865234375,331.40625,0.08045578002929688,9.728K,0.025529861450195312,0,3,0,0,41.68359375,41.54296875,0,0,0,0.0,0,2,38600,training
1754995297.321167,10635,10635,0.041622161865234375,331.40625,0.08045578002929688,9.728K,0.025556087493896484,0,3,0,0,41.68359375,41.54296875,0,0,0,0.0,0,2,38700,training
1754995297.368983,10635,10635,0.041622161865234375,331.40625,0.08045578002929688,9.728K,0.025298595428466797,0,3,0,0,41.68359375,41.54296875,0,0,0,0.0,0,2,38800,training
1754995297.416458,10635,10635,0.041622161865234375,331.40625,0.08045578002929688,9.728K,0.02531290054321289,0,3,0,0,41.68359375,41.54296875,0,0,0,0.0,0,2,38900,training
1754995297.464342,10635,10635,0.041622161865234375,331.4375,0.08045578002929688,9.728K,0.025300979614257812,0,3,0,0,41.68359375,41.54296875,0,0,0,0.0,0,2,39000,training
1754995297.5124521,10635,10635,0.041622161865234375,331.53125,0.08045578002929688,9.728K,0.02766132354736328,0,3,0,0,41.68359375,41.54296875,0,0,0,0.0,0,2,39100,training
1754995297.561138,10635,10635,0.041622161865234375,331.625,0.08045578002929688,9.728K,0.028102397918701172,0,3,0,0,41.68359375,41.54296875,0,0,0,0.0,0,2,39200,training
1754995297.608821,10635,10635,0.041622161865234375,331.734375,0.08045578002929688,9.728K,0.025205612182617188,0,3,0,0,41.68359375,41.54296875,0,0,0,0.0,0,2,39300,training
1754995297.6582668,10635,10635,0.041622161865234375,331.828125,0.08045578002929688,9.728K,0.025315284729003906,0,3,0,0,41.68359375,41.54296875,0,0,0,0.0,0,2,39400,training
1754995297.706811,10635,10635,0.041622161865234375,331.921875,0.08045578002929688,9.728K,0.025420188903808594,0,3,0,0,41.68359375,41.54296875,0,0,0,0.0,0,2,39500,training
1754995297.7552671,10635,10635,0.041622161865234375,332.015625,0.08045578002929688,9.728K,0.025322437286376953,0,3,0,0,41.68359375,41.54296875,0,0,0,0.0,0,2,39600,training
1754995297.802777,10635,10635,0.041622161865234375,332.125,0.08045578002929688,9.728K,0.025241374969482422,0,3,0,0,41.68359375,41.54296875,0,0,0,0.0,0,2,39700,training
1754995297.850592,10635,10635,0.041622161865234375,332.21875,0.08045578002929688,9.728K,0.025277137756347656,0,3,0,0,41.68359375,41.54296875,0,0,0,0.0,0,2,39800,training
1754995297.8982131,10635,10635,0.041622161865234375,332.3125,0.08045578002929688,9.728K,0.025463104248046875,0,3,0,0,41.68359375,41.54296875,0,0,0,0.0,0,2,39900,training
1754995297.9457479,10635,10635,0.041622161865234375,332.421875,0.08045578002929688,9.728K,0.028841495513916016,0,3,0,0,41.68359375,41.54296875,0,0,0,0.0,0,2,40000,training
1754995297.9936042,10635,10635,0.041622161865234375,332.515625,0.08045578002929688,9.728K,0.025799274444580078,0,3,0,0,41.68359375,41.54296875,0,0,0,0.0,0,2,40100,training
1754995298.0419252,10635,10635,0.041622161865234375,332.609375,0.08045578002929688,9.728K,0.025517940521240234,0,3,0,0,41.68359375,41.54296875,0,0,0,0.0,0,2,40200,training
1754995298.0902479,10635,10635,0.041622161865234375,332.703125,0.08045578002929688,9.728K,0.02511739730834961,0,3,0,0,41.68359375,41.54296875,0,0,0,0.0,0,2,40300,training
1754995298.138428,10635,10635,0.041622161865234375,332.8125,0.08045578002929688,9.728K,0.02543926239013672,0,3,0,0,41.68359375,41.54296875,0,0,0,0.0,0,2,40400,training
1754995298.186301,10635,10635,0.041622161865234375,332.90625,0.08045578002929688,9.728K,0.025353431701660156,0,3,0,0,41.68359375,41.54296875,0,0,0,0.0,0,2,40500,training
1754995298.2347,10635,10635,0.041622161865234375,333.0,0.08045578002929688,9.728K,0.025565624237060547,0,3,0,0,41.68359375,41.54296875,0,0,0,0.0,0,2,40600,training
1754995298.282773,10635,10635,0.041622161865234375,333.09375,0.08045578002929688,9.728K,0.025949478149414062,0,3,0,0,41.68359375,41.54296875,0,0,0,0.0,0,2,40700,training
1754995298.330671,10635,10635,0.041622161865234375,333.203125,0.08045578002929688,9.728K,0.025506019592285156,0,3,0,0,41.68359375,41.54296875,0,0,0,0.0,0,2,40800,training
1754995298.3788202,10635,10635,0.041622161865234375,333.296875,0.08045578002929688,9.728K,0.028295516967773438,0,3,0,0,41.68359375,41.54296875,0,0,0,0.0,0,2,40900,training
1754995298.428123,10635,10635,0.041622161865234375,333.390625,0.08045578002929688,9.728K,0.02853870391845703,0,3,0,0,41.68359375,41.54296875,0,0,0,0.0,0,2,41000,training
1754995298.4758458,10635,10635,0.041622161865234375,333.515625,0.08045578002929688,9.728K,0.025374889373779297,0,3,0,0,41.68359375,41.54296875,0,0,0,0.0,0,2,41100,training
1754995298.5244632,10635,10635,0.041622161865234375,333.609375,0.08045578002929688,9.728K,0.025606155395507812,0,3,0,0,41.68359375,41.54296875,0,0,0,0.0,0,2,41200,training
1754995298.572727,10635,10635,0.041622161865234375,333.703125,0.08045578002929688,9.728K,0.025649070739746094,0,3,0,0,41.68359375,41.54296875,0,0,0,0.0,0,2,41300,training
1754995298.6209412,10635,10635,0.041622161865234375,333.796875,0.08045578002929688,9.728K,0.025179386138916016,0,3,0,0,41.68359375,41.54296875,0,0,0,0.0,0,2,41400,training
1754995298.66962,10635,10635,0.041622161865234375,333.90625,0.08045578002929688,9.728K,0.025205612182617188,0,3,0,0,41.68359375,41.54296875,0,0,0,0.0,0,2,41500,training
1754995298.718255,10635,10635,0.041622161865234375,334.0,0.08045578002929688,9.728K,0.02590656280517578,0,3,0,0,41.68359375,41.54296875,0,0,0,0.0,0,2,41600,training
1754995298.766849,10635,10635,0.041622161865234375,334.09375,0.08045578002929688,9.728K,0.02591848373413086,0,3,0,0,41.68359375,41.54296875,0,0,0,0.0,0,2,41700,training
1754995298.8157482,10635,10635,0.041622161865234375,334.1875,0.08045578002929688,9.728K,0.025565624237060547,0,3,0,0,41.68359375,41.54296875,0,0,0,0.0,0,2,41800,training
1754995298.88401,10635,10635,0.041622161865234375,354.0,0.08045578002929688,9.728K,0.025336742401123047,0,3,0,0,41.68359375,41.54296875,0,0,0,0.0,0,3,0,training
1754995298.933024,10635,10635,0.041622161865234375,354.015625,0.08045578002929688,9.728K,0.025799274444580078,0,3,0,0,41.68359375,41.54296875,0,0,0,0.0,0,3,100,training
1754995298.9820302,10635,10635,0.041622161865234375,354.015625,0.08045578002929688,9.728K,0.02552509307861328,0,3,0,0,41.68359375,41.54296875,0,0,0,0.0,0,3,200,training
1754995299.034188,10635,10635,0.041622161865234375,354.015625,0.08045578002929688,9.728K,0.025458335876464844,0,3,0,0,41.68359375,41.54296875,0,0,0,0.0,0,3,300,training
1754995299.0827599,10635,10635,0.041622161865234375,354.015625,0.08045578002929688,9.728K,0.026073455810546875,0,3,0,0,41.68359375,41.54296875,0,0,0,0.0,0,3,400,training
1754995299.130641,10635,10635,0.041622161865234375,354.015625,0.08045578002929688,9.728K,0.025560855865478516,0,3,0,0,41.68359375,41.54296875,0,0,0,0.0,0,3,500,training
1754995299.179519,10635,10635,0.041622161865234375,354.015625,0.08045578002929688,9.728K,0.02868175506591797,0,3,0,0,41.68359375,41.54296875,0,0,0,0.0,0,3,600,training
1754995299.22828,10635,10635,0.041622161865234375,354.046875,0.08045578002929688,9.728K,0.029282569885253906,0,3,0,0,41.68359375,41.54296875,0,0,0,0.0,0,3,700,training
1754995299.276557,10635,10635,0.041622161865234375,354.046875,0.08045578002929688,9.728K,0.025165081024169922,0,3,0,0,41.68359375,41.54296875,0,0,0,0.0,0,3,800,training
1754995299.325645,10635,10635,0.041622161865234375,354.078125,0.08045578002929688,9.728K,0.025398731231689453,0,3,0,0,41.68359375,41.54296875,0,0,0,0.0,0,3,900,training
1754995299.373787,10635,10635,0.041622161865234375,354.078125,0.08045578002929688,9.728K,0.02568960189819336,0,3,0,0,41.68359375,41.54296875,0,0,0,0.0,0,3,1000,training
1754995299.421786,10635,10635,0.041622161865234375,354.09375,0.08045578002929688,9.728K,0.025687217712402344,0,3,0,0,41.68359375,41.54296875,0,0,0,0.0,0,3,1100,training
1754995299.47031,10635,10635,0.041622161865234375,354.09375,0.08045578002929688,9.728K,0.025374889373779297,0,3,0,0,41.68359375,41.54296875,0,0,0,0.0,0,3,1200,training
1754995299.518954,10635,10635,0.041622161865234375,354.09375,0.08045578002929688,9.728K,0.025310516357421875,0,3,0,0,41.68359375,41.54296875,0,0,0,0.0,0,3,1300,training
1754995299.567342,10635,10635,0.041622161865234375,354.09375,0.08045578002929688,9.728K,0.02546548843383789,0,3,0,0,41.68359375,41.54296875,0,0,0,0.0,0,3,1400,training
1754995299.6158028,10635,10635,0.041622161865234375,354.09375,0.08045578002929688,9.728K,0.025110244750976562,0,3,0,0,41.68359375,41.54296875,0,0,0,0.0,0,3,1500,training
1754995299.664439,10635,10635,0.041622161865234375,354.09375,0.08045578002929688,9.728K,0.025458335876464844,0,3,0,0,41.68359375,41.54296875,0,0,0,0.0,0,3,1600,training
1754995299.712964,10635,10635,0.041622161865234375,354.09375,0.08045578002929688,9.728K,0.025496482849121094,0,3,0,0,41.68359375,41.54296875,0,0,0,0.0,0,3,1700,training
1754995299.761688,10635,10635,0.041622161865234375,354.09375,0.08045578002929688,9.728K,0.028839111328125,0,3,0,0,41.68359375,41.54296875,0,0,0,0.0,0,3,1800,training
1754995299.810024,10635,10635,0.041622161865234375,354.09375,0.08045578002929688,9.728K,0.025174617767333984,0,3,0,0,41.68359375,41.54296875,0,0,0,0.0,0,3,1900,training
1754995299.859255,10635,10635,0.041622161865234375,354.09375,0.08045578002929688,9.728K,0.027010440826416016,0,3,0,0,41.68359375,41.54296875,0,0,0,0.0,0,3,2000,training
1754995299.90757,10635,10635,0.041622161865234375,354.09375,0.08045578002929688,9.728K,0.026056766510009766,0,3,0,0,41.68359375,41.54296875,0,0,0,0.0,0,3,2100,training
1754995299.956368,10635,10635,0.041622161865234375,354.09375,0.08045578002929688,9.728K,0.02571582794189453,0,3,0,0,41.68359375,41.54296875,0,0,0,0.0,0,3,2200,training
1754995300.004658,10635,10635,0.041622161865234375,354.09375,0.08045578002929688,9.728K,0.025415420532226562,0,3,0,0,41.68359375,41.54296875,0,0,0,0.0,0,3,2300,training
1754995300.0530171,10635,10635,0.041622161865234375,354.09375,0.08045578002929688,9.728K,0.025506019592285156,0,3,0,0,41.68359375,41.54296875,0,0,0,0.0,0,3,2400,training
1754995300.101587,10635,10635,0.041622161865234375,354.09375,0.08045578002929688,9.728K,0.025482177734375,0,3,0,0,41.68359375,41.54296875,0,0,0,0.0,0,3,2500,training
1754995300.149759,10635,10635,0.041622161865234375,354.09375,0.08045578002929688,9.728K,0.025687217712402344,0,3,0,0,41.68359375,41.54296875,0,0,0,0.0,0,3,2600,training
1754995300.1971688,10635,10635,0.041622161865234375,354.09375,0.08045578002929688,9.728K,0.025434494018554688,0,3,0,0,41.68359375,41.54296875,0,0,0,0.0,0,3,2700,training
1754995300.24569,10635,10635,0.041622161865234375,354.09375,0.08045578002929688,9.728K,0.028977394104003906,0,3,0,0,41.68359375,41.54296875,0,0,0,0.0,0,3,2800,training
1754995300.294215,10635,10635,0.041622161865234375,354.09375,0.08045578002929688,9.728K,0.027191638946533203,0,3,0,0,41.68359375,41.54296875,0,0,0,0.0,0,3,2900,training
1754995300.343145,10635,10635,0.041622161865234375,354.09375,0.08045578002929688,9.728K,0.025200843811035156,0,3,0,0,41.68359375,41.54296875,0,0,0,0.0,0,3,3000,training
1754995300.391745,10635,10635,0.041622161865234375,354.125,0.08045578002929688,9.728K,0.02542257308959961,0,3,0,0,41.68359375,41.54296875,0,0,0,0.0,0,3,3100,training
1754995300.439984,10635,10635,0.041622161865234375,354.125,0.08045578002929688,9.728K,0.025646686553955078,0,3,0,0,41.68359375,41.54296875,0,0,0,0.0,0,3,3200,training
1754995300.489056,10635,10635,0.041622161865234375,354.125,0.08045578002929688,9.728K,0.025451183319091797,0,3,0,0,41.68359375,41.54296875,0,0,0,0.0,0,3,3300,training
1754995300.538211,10635,10635,0.041622161865234375,354.125,0.08045578002929688,9.728K,0.025527477264404297,0,3,0,0,41.68359375,41.54296875,0,0,0,0.0,0,3,3400,training
1754995300.586505,10635,10635,0.041622161865234375,354.125,0.08045578002929688,9.728K,0.02557516098022461,0,3,0,0,41.68359375,41.54296875,0,0,0,0.0,0,3,3500,training
1754995300.6345768,10635,10635,0.041622161865234375,354.125,0.08045578002929688,9.728K,0.02552509307861328,0,3,0,0,41.68359375,41.54296875,0,0,0,0.0,0,3,3600,training
1754995300.6822789,10635,10635,0.041622161865234375,354.125,0.08045578002929688,9.728K,0.025701522827148438,0,3,0,0,41.68359375,41.54296875,0,0,0,0.0,0,3,3700,training
1754995300.730979,10635,10635,0.041622161865234375,354.125,0.08045578002929688,9.728K,0.025534629821777344,0,3,0,0,41.68359375,41.54296875,0,0,0,0.0,0,3,3800,training
1754995300.7838469,10635,10635,0.041622161865234375,354.125,0.08045578002929688,9.728K,0.025725364685058594,0,3,0,0,41.68359375,41.54296875,0,0,0,0.0,0,3,3900,training
1754995300.8337889,10635,10635,0.041622161865234375,354.15625,0.08045578002929688,9.728K,0.027923583984375,0,3,0,0,41.68359375,41.54296875,0,0,0,0.0,0,3,4000,training
1754995300.895909,10635,10635,0.041622161865234375,354.15625,0.08045578002929688,9.728K,0.03222942352294922,0,3,0,0,41.68359375,41.54296875,0,0,0,0.0,0,3,4100,training
1754995300.958091,10635,10635,0.041622161865234375,354.15625,0.08045578002929688,9.728K,0.027658939361572266,0,3,0,0,41.68359375,41.54296875,0,0,0,0.0,0,3,4200,training
1754995301.02026,10635,10635,0.041622161865234375,354.15625,0.08045578002929688,9.728K,0.027773380279541016,0,3,0,0,41.68359375,41.54296875,0,0,0,0.0,0,3,4300,training
1754995301.083468,10635,10635,0.041622161865234375,354.15625,0.08045578002929688,9.728K,0.02786874771118164,0,3,0,0,41.68359375,41.54296875,0,0,0,0.0,0,3,4400,training
1754995301.1426098,10635,10635,0.041622161865234375,354.15625,0.08045578002929688,9.728K,0.0272369384765625,0,3,0,0,41.68359375,41.54296875,0,0,0,0.0,0,3,4500,training
1754995301.197154,10635,10635,0.041622161865234375,354.15625,0.08045578002929688,9.728K,0.03019571304321289,0,3,0,0,41.68359375,41.54296875,0,0,0,0.0,0,3,4600,training
1754995301.2522602,10635,10635,0.041622161865234375,354.15625,0.08045578002929688,9.728K,0.02767324447631836,0,3,0,0,41.68359375,41.54296875,0,0,0,0.0,0,3,4700,training
1754995301.30742,10635,10635,0.041622161865234375,354.15625,0.08045578002929688,9.728K,0.028336048126220703,0,3,0,0,41.68359375,41.54296875,0,0,0,0.0,0,3,4800,training
1754995301.36313,10635,10635,0.041622161865234375,354.15625,0.08045578002929688,9.728K,0.033664703369140625,0,3,0,0,41.68359375,41.54296875,0,0,0,0.0,0,3,4900,training
1754995301.418252,10635,10635,0.041622161865234375,354.15625,0.08045578002929688,9.728K,0.027785301208496094,0,3,0,0,41.68359375,41.54296875,0,0,0,0.0,0,3,5000,training
1754995301.4709382,10635,10635,0.041622161865234375,354.15625,0.08045578002929688,9.728K,0.02523183822631836,0,3,0,0,41.68359375,41.54296875,0,0,0,0.0,0,3,5100,training
1754995301.520052,10635,10635,0.041622161865234375,354.15625,0.08045578002929688,9.728K,0.025539398193359375,0,3,0,0,41.68359375,41.54296875,0,0,0,0.0,0,3,5200,training
1754995301.568907,10635,10635,0.041622161865234375,354.15625,0.08045578002929688,9.728K,0.025496482849121094,0,3,0,0,41.68359375,41.54296875,0,0,0,0.0,0,3,5300,training
1754995301.617463,10635,10635,0.041622161865234375,354.15625,0.08045578002929688,9.728K,0.025174617767333984,0,3,0,0,41.68359375,41.54296875,0,0,0,0.0,0,3,5400,training
1754995301.665874,10635,10635,0.041622161865234375,354.15625,0.08045578002929688,9.728K,0.025472640991210938,0,3,0,0,41.68359375,41.54296875,0,0,0,0.0,0,3,5500,training
1754995301.714483,10635,10635,0.041622161865234375,354.15625,0.08045578002929688,9.728K,0.025570392608642578,0,3,0,0,41.68359375,41.54296875,0,0,0,0.0,0,3,5600,training
1754995301.7631161,10635,10635,0.041622161865234375,354.15625,0.08045578002929688,9.728K,0.02927541732788086,0,3,0,0,41.68359375,41.54296875,0,0,0,0.0,0,3,5700,training
1754995301.8118882,10635,10635,0.041622161865234375,354.15625,0.08045578002929688,9.728K,0.02894878387451172,0,3,0,0,41.68359375,41.54296875,0,0,0,0.0,0,3,5800,training
1754995301.861011,10635,10635,0.041622161865234375,354.15625,0.08045578002929688,9.728K,0.028350353240966797,0,3,0,0,41.68359375,41.54296875,0,0,0,0.0,0,3,5900,training
1754995301.910101,10635,10635,0.041622161865234375,354.171875,0.08045578002929688,9.728K,0.025227069854736328,0,3,0,0,41.68359375,41.54296875,0,0,0,0.0,0,3,6000,training
1754995301.959244,10635,10635,0.041622161865234375,354.171875,0.08045578002929688,9.728K,0.025322437286376953,0,3,0,0,41.68359375,41.54296875,0,0,0,0.0,0,3,6100,training
1754995302.0080042,10635,10635,0.041622161865234375,354.234375,0.08045578002929688,9.728K,0.025544166564941406,0,3,0,0,41.68359375,41.54296875,0,0,0,0.0,0,3,6200,training
1754995302.05648,10635,10635,0.041622161865234375,354.234375,0.08045578002929688,9.728K,0.02577066421508789,0,3,0,0,41.68359375,41.54296875,0,0,0,0.0,0,3,6300,training
1754995302.104488,10635,10635,0.041622161865234375,354.234375,0.08045578002929688,9.728K,0.025279521942138672,0,3,0,0,41.68359375,41.54296875,0,0,0,0.0,0,3,6400,training
1754995302.152928,10635,10635,0.041622161865234375,354.234375,0.08045578002929688,9.728K,0.025546550750732422,0,3,0,0,41.68359375,41.54296875,0,0,0,0.0,0,3,6500,training
1754995302.201623,10635,10635,0.041622161865234375,354.234375,0.08045578002929688,9.728K,0.025556087493896484,0,3,0,0,41.68359375,41.54296875,0,0,0,0.0,0,3,6600,training
1754995302.250283,10635,10635,0.041622161865234375,354.234375,0.08045578002929688,9.728K,0.025436878204345703,0,3,0,0,41.68359375,41.54296875,0,0,0,0.0,0,3,6700,training
1754995302.299113,10635,10635,0.041622161865234375,354.234375,0.08045578002929688,9.728K,0.025491714477539062,0,3,0,0,41.68359375,41.54296875,0,0,0,0.0,0,3,6800,training
1754995302.3476439,10635,10635,0.041622161865234375,354.234375,0.08045578002929688,9.728K,0.027844905853271484,0,3,0,0,41.68359375,41.54296875,0,0,0,0.0,0,3,6900,training
1754995302.396806,10635,10635,0.041622161865234375,354.234375,0.08045578002929688,9.728K,0.02555370330810547,0,3,0,0,41.68359375,41.54296875,0,0,0,0.0,0,3,7000,training
1754995302.4454029,10635,10635,0.041622161865234375,354.234375,0.08045578002929688,9.728K,0.029196739196777344,0,3,0,0,41.68359375,41.54296875,0,0,0,0.0,0,3,7100,training
1754995302.495361,10635,10635,0.041622161865234375,354.25,0.08045578002929688,9.728K,0.03033161163330078,0,3,0,0,41.68359375,41.54296875,0,0,0,0.0,0,3,7200,training
1754995302.551745,10635,10635,0.041622161865234375,354.25,0.08045578002929688,9.728K,0.02911090850830078,0,3,0,0,41.68359375,41.54296875,0,0,0,0.0,0,3,7300,training
1754995302.604064,10635,10635,0.041622161865234375,354.25,0.08045578002929688,9.728K,0.025432109832763672,0,3,0,0,41.68359375,41.54296875,0,0,0,0.0,0,3,7400,training
1754995302.657134,10635,10635,0.041622161865234375,354.25,0.08045578002929688,9.728K,0.02604961395263672,0,3,0,0,41.68359375,41.54296875,0,0,0,0.0,0,3,7500,training
1754995302.7100081,10635,10635,0.041622161865234375,354.25,0.08045578002929688,9.728K,0.025126934051513672,0,3,0,0,41.68359375,41.54296875,0,0,0,0.0,0,3,7600,training
1754995302.762249,10635,10635,0.041622161865234375,354.25,0.08045578002929688,9.728K,0.03278017044067383,0,3,0,0,41.68359375,41.54296875,0,0,0,0.0,0,3,7700,training
1754995302.812829,10635,10635,0.041622161865234375,354.25,0.08045578002929688,9.728K,0.029463768005371094,0,3,0,0,41.68359375,41.54296875,0,0,0,0.0,0,3,7800,training
1754995302.864751,10635,10635,0.041622161865234375,354.25,0.08045578002929688,9.728K,0.02857685089111328,0,3,0,0,41.68359375,41.54296875,0,0,0,0.0,0,3,7900,training
1754995302.915325,10635,10635,0.041622161865234375,354.25,0.08045578002929688,9.728K,0.026357173919677734,0,3,0,0,41.68359375,41.54296875,0,0,0,0.0,0,3,8000,training
1754995302.9637911,10635,10635,0.041622161865234375,354.25,0.08045578002929688,9.728K,0.025911331176757812,0,3,0,0,41.68359375,41.54296875,0,0,0,0.0,0,3,8100,training
1754995303.013644,10635,10635,0.041622161865234375,354.25,0.08045578002929688,9.728K,0.026028156280517578,0,3,0,0,41.68359375,41.54296875,0,0,0,0.0,0,3,8200,training
1754995303.067345,10635,10635,0.041622161865234375,354.25,0.08045578002929688,9.728K,0.02547740936279297,0,3,0,0,41.68359375,41.54296875,0,0,0,0.0,0,3,8300,training
1754995303.118656,10635,10635,0.041622161865234375,354.25,0.08045578002929688,9.728K,0.027074813842773438,0,3,0,0,41.68359375,41.54296875,0,0,0,0.0,0,3,8400,training
1754995303.167456,10635,10635,0.041622161865234375,354.25,0.08045578002929688,9.728K,0.025360584259033203,0,3,0,0,41.68359375,41.54296875,0,0,0,0.0,0,3,8500,training
1754995303.216373,10635,10635,0.041622161865234375,354.25,0.08045578002929688,9.728K,0.02556324005126953,0,3,0,0,41.68359375,41.54296875,0,0,0,0.0,0,3,8600,training
1754995303.2645602,10635,10635,0.041622161865234375,354.25,0.08045578002929688,9.728K,0.02559661865234375,0,3,0,0,41.68359375,41.54296875,0,0,0,0.0,0,3,8700,training
1754995303.313013,10635,10635,0.041622161865234375,354.25,0.08045578002929688,9.728K,0.028502941131591797,0,3,0,0,41.68359375,41.54296875,0,0,0,0.0,0,3,8800,training
1754995303.361942,10635,10635,0.041622161865234375,354.25,0.08045578002929688,9.728K,0.029354095458984375,0,3,0,0,41.68359375,41.54296875,0,0,0,0.0,0,3,8900,training
1754995303.413601,10635,10635,0.041622161865234375,354.25,0.08045578002929688,9.728K,0.027093887329101562,0,3,0,0,41.68359375,41.54296875,0,0,0,0.0,0,3,9000,training
1754995303.462634,10635,10635,0.041622161865234375,354.25,0.08045578002929688,9.728K,0.029408931732177734,0,3,0,0,41.68359375,41.54296875,0,0,0,0.0,0,3,9100,training
1754995303.512696,10635,10635,0.041622161865234375,354.25,0.08045578002929688,9.728K,0.032825469970703125,0,3,0,0,41.68359375,41.54296875,0,0,0,0.0,0,3,9200,training
1754995303.562355,10635,10635,0.041622161865234375,354.28125,0.08045578002929688,9.728K,0.029194355010986328,0,3,0,0,41.68359375,41.54296875,0,0,0,0.0,0,3,9300,training
1754995303.611281,10635,10635,0.041622161865234375,354.28125,0.08045578002929688,9.728K,0.028483867645263672,0,3,0,0,41.68359375,41.54296875,0,0,0,0.0,0,3,9400,training
1754995303.659611,10635,10635,0.041622161865234375,354.28125,0.08045578002929688,9.728K,0.025751590728759766,0,3,0,0,41.68359375,41.54296875,0,0,0,0.0,0,3,9500,training
1754995303.708008,10635,10635,0.041622161865234375,354.28125,0.08045578002929688,9.728K,0.025696754455566406,0,3,0,0,41.68359375,41.54296875,0,0,0,0.0,0,3,9600,training
1754995303.756617,10635,10635,0.041622161865234375,354.28125,0.08045578002929688,9.728K,0.02563953399658203,0,3,0,0,41.68359375,41.54296875,0,0,0,0.0,0,3,9700,training
1754995303.8050828,10635,10635,0.041622161865234375,354.28125,0.08045578002929688,9.728K,0.02557516098022461,0,3,0,0,41.68359375,41.54296875,0,0,0,0.0,0,3,9800,training
1754995303.855604,10635,10635,0.041622161865234375,354.28125,0.08045578002929688,9.728K,0.025494098663330078,0,3,0,0,41.68359375,41.54296875,0,0,0,0.0,0,3,9900,training
1754995303.904426,10635,10635,0.041622161865234375,354.28125,0.08045578002929688,9.728K,0.025191307067871094,0,3,0,0,41.68359375,41.54296875,0,0,0,0.0,0,3,10000,training
1754995303.952949,10635,10635,0.041622161865234375,354.28125,0.08045578002929688,9.728K,0.025835037231445312,0,3,0,0,41.68359375,41.54296875,0,0,0,0.0,0,3,10100,training
1754995304.001468,10635,10635,0.041622161865234375,354.296875,0.08045578002929688,9.728K,0.02559661865234375,0,3,0,0,41.68359375,41.54296875,0,0,0,0.0,0,3,10200,training
1754995304.049872,10635,10635,0.041622161865234375,354.296875,0.08045578002929688,9.728K,0.02561330795288086,0,3,0,0,41.68359375,41.54296875,0,0,0,0.0,0,3,10300,training
1754995304.0984051,10635,10635,0.041622161865234375,354.296875,0.08045578002929688,9.728K,0.025811195373535156,0,3,0,0,41.68359375,41.54296875,0,0,0,0.0,0,3,10400,training
1754995304.14722,10635,10635,0.041622161865234375,354.296875,0.08045578002929688,9.728K,0.025937557220458984,0,3,0,0,41.68359375,41.54296875,0,0,0,0.0,0,3,10500,training
1754995304.1979442,10635,10635,0.041622161865234375,354.296875,0.08045578002929688,9.728K,0.0257110595703125,0,3,0,0,41.68359375,41.54296875,0,0,0,0.0,0,3,10600,training
1754995304.2466922,10635,10635,0.041622161865234375,354.296875,0.08045578002929688,9.728K,0.027375221252441406,0,3,0,0,41.68359375,41.54296875,0,0,0,0.0,0,3,10700,training
1754995304.295839,10635,10635,0.041622161865234375,354.328125,0.08045578002929688,9.728K,0.029501914978027344,0,3,0,0,41.68359375,41.54296875,0,0,0,0.0,0,3,10800,training
1754995304.344704,10635,10635,0.041622161865234375,354.328125,0.08045578002929688,9.728K,0.028667449951171875,0,3,0,0,41.68359375,41.54296875,0,0,0,0.0,0,3,10900,training
1754995304.393631,10635,10635,0.041622161865234375,354.328125,0.08045578002929688,9.728K,0.026371479034423828,0,3,0,0,41.68359375,41.54296875,0,0,0,0.0,0,3,11000,training
1754995304.4420469,10635,10635,0.041622161865234375,354.328125,0.08045578002929688,9.728K,0.02521038055419922,0,3,0,0,41.68359375,41.54296875,0,0,0,0.0,0,3,11100,training
1754995304.6438458,10635,10635,0.041622161865234375,354.328125,0.08045578002929688,9.728K,0.027425289154052734,0,3,0,0,41.68359375,41.54296875,0,0,0,0.0,0,3,11200,training
1754995304.693125,10635,10635,0.041622161865234375,354.328125,0.08045578002929688,9.728K,0.025212764739990234,0,3,0,0,41.68359375,41.54296875,0,0,0,0.0,0,3,11300,training
1754995304.742541,10635,10635,0.041622161865234375,354.328125,0.08045578002929688,9.728K,0.02540111541748047,0,3,0,0,41.68359375,41.54296875,0,0,0,0.0,0,3,11400,training
1754995304.790812,10635,10635,0.041622161865234375,354.328125,0.08045578002929688,9.728K,0.026001930236816406,0,3,0,0,41.68359375,41.54296875,0,0,0,0.0,0,3,11500,training
1754995304.83919,10635,10635,0.041622161865234375,354.328125,0.08045578002929688,9.728K,0.025646686553955078,0,3,0,0,41.68359375,41.54296875,0,0,0,0.0,0,3,11600,training
1754995304.888095,10635,10635,0.041622161865234375,354.328125,0.08045578002929688,9.728K,0.025489330291748047,0,3,0,0,41.68359375,41.54296875,0,0,0,0.0,0,3,11700,training
1754995304.936737,10635,10635,0.041622161865234375,354.328125,0.08045578002929688,9.728K,0.025212764739990234,0,3,0,0,41.68359375,41.54296875,0,0,0,0.0,0,3,11800,training
1754995304.985756,10635,10635,0.041622161865234375,354.328125,0.08045578002929688,9.728K,0.025413036346435547,0,3,0,0,41.68359375,41.54296875,0,0,0,0.0,0,3,11900,training
1754995305.034564,10635,10635,0.041622161865234375,354.328125,0.08045578002929688,9.728K,0.025348663330078125,0,3,0,0,41.68359375,41.54296875,0,0,0,0.0,0,3,12000,training
1754995305.083755,10635,10635,0.041622161865234375,354.328125,0.08045578002929688,9.728K,0.025224685668945312,0,3,0,0,41.68359375,41.54296875,0,0,0,0.0,0,3,12100,training
1754995305.132284,10635,10635,0.041622161865234375,354.328125,0.08045578002929688,9.728K,0.02563953399658203,0,3,0,0,41.68359375,41.54296875,0,0,0,0.0,0,3,12200,training
1754995305.1804101,10635,10635,0.041622161865234375,354.328125,0.08045578002929688,9.728K,0.02580404281616211,0,3,0,0,41.68359375,41.54296875,0,0,0,0.0,0,3,12300,training
1754995305.2301178,10635,10635,0.041622161865234375,354.328125,0.08045578002929688,9.728K,0.0257110595703125,0,3,0,0,41.68359375,41.54296875,0,0,0,0.0,0,3,12400,training
1754995305.2788448,10635,10635,0.041622161865234375,354.328125,0.08045578002929688,9.728K,0.02964019775390625,0,3,0,0,41.68359375,41.54296875,0,0,0,0.0,0,3,12500,training
1754995305.327374,10635,10635,0.041622161865234375,354.359375,0.08045578002929688,9.728K,0.027112960815429688,0,3,0,0,41.68359375,41.54296875,0,0,0,0.0,0,3,12600,training
1754995305.375998,10635,10635,0.041622161865234375,354.359375,0.08045578002929688,9.728K,0.025157928466796875,0,3,0,0,41.68359375,41.54296875,0,0,0,0.0,0,3,12700,training
1754995305.425131,10635,10635,0.041622161865234375,354.359375,0.08045578002929688,9.728K,0.025415420532226562,0,3,0,0,41.68359375,41.54296875,0,0,0,0.0,0,3,12800,training
1754995305.4738162,10635,10635,0.041622161865234375,354.359375,0.08045578002929688,9.728K,0.025582313537597656,0,3,0,0,41.68359375,41.54296875,0,0,0,0.0,0,3,12900,training
1754995305.5228758,10635,10635,0.041622161865234375,354.359375,0.08045578002929688,9.728K,0.025577545166015625,0,3,0,0,41.68359375,41.54296875,0,0,0,0.0,0,3,13000,training
1754995305.571612,10635,10635,0.041622161865234375,354.359375,0.08045578002929688,9.728K,0.025320053100585938,0,3,0,0,41.68359375,41.54296875,0,0,0,0.0,0,3,13100,training
1754995305.619638,10635,10635,0.041622161865234375,354.359375,0.08045578002929688,9.728K,0.025565624237060547,0,3,0,0,41.68359375,41.54296875,0,0,0,0.0,0,3,13200,training
1754995305.667809,10635,10635,0.041622161865234375,354.359375,0.08045578002929688,9.728K,0.025305747985839844,0,3,0,0,41.68359375,41.54296875,0,0,0,0.0,0,3,13300,training
1754995305.721187,10635,10635,0.041622161865234375,354.359375,0.08045578002929688,9.728K,0.025959014892578125,0,3,0,0,41.68359375,41.54296875,0,0,0,0.0,0,3,13400,training
1754995305.773154,10635,10635,0.041622161865234375,354.359375,0.08045578002929688,9.728K,0.027594566345214844,0,3,0,0,41.68359375,41.54296875,0,0,0,0.0,0,3,13500,training
1754995305.822817,10635,10635,0.041622161865234375,354.359375,0.08045578002929688,9.728K,0.025582313537597656,0,3,0,0,41.68359375,41.54296875,0,0,0,0.0,0,3,13600,training
1754995305.8711941,10635,10635,0.041622161865234375,354.359375,0.08045578002929688,9.728K,0.025343894958496094,0,3,0,0,41.68359375,41.54296875,0,0,0,0.0,0,3,13700,training
1754995305.9201128,10635,10635,0.041622161865234375,354.359375,0.08045578002929688,9.728K,0.025353431701660156,0,3,0,0,41.68359375,41.54296875,0,0,0,0.0,0,3,13800,training
1754995305.968812,10635,10635,0.041622161865234375,354.359375,0.08045578002929688,9.728K,0.02571582794189453,0,3,0,0,41.68359375,41.54296875,0,0,0,0.0,0,3,13900,training
1754995306.017449,10635,10635,0.041622161865234375,354.359375,0.08045578002929688,9.728K,0.02560138702392578,0,3,0,0,41.68359375,41.54296875,0,0,0,0.0,0,3,14000,training
1754995306.0656168,10635,10635,0.041622161865234375,354.359375,0.08045578002929688,9.728K,0.025813579559326172,0,3,0,0,41.68359375,41.54296875,0,0,0,0.0,0,3,14100,training
1754995306.113603,10635,10635,0.041622161865234375,354.359375,0.08045578002929688,9.728K,0.025811195373535156,0,3,0,0,41.68359375,41.54296875,0,0,0,0.0,0,3,14200,training
1754995306.162264,10635,10635,0.041622161865234375,354.359375,0.08045578002929688,9.728K,0.028815269470214844,0,3,0,0,41.68359375,41.54296875,0,0,0,0.0,0,3,14300,training
1754995306.210804,10635,10635,0.041622161865234375,354.359375,0.08045578002929688,9.728K,0.02834796905517578,0,3,0,0,41.68359375,41.54296875,0,0,0,0.0,0,3,14400,training
1754995306.259105,10635,10635,0.041622161865234375,354.359375,0.08045578002929688,9.728K,0.02538919448852539,0,3,0,0,41.68359375,41.54296875,0,0,0,0.0,0,3,14500,training
1754995306.308149,10635,10635,0.041622161865234375,354.359375,0.08045578002929688,9.728K,0.025403499603271484,0,3,0,0,41.68359375,41.54296875,0,0,0,0.0,0,3,14600,training
1754995306.356794,10635,10635,0.041622161865234375,354.359375,0.08045578002929688,9.728K,0.025534629821777344,0,3,0,0,41.68359375,41.54296875,0,0,0,0.0,0,3,14700,training
1754995306.4061792,10635,10635,0.041622161865234375,354.359375,0.08045578002929688,9.728K,0.026273727416992188,0,3,0,0,41.68359375,41.54296875,0,0,0,0.0,0,3,14800,training
1754995306.454299,10635,10635,0.041622161865234375,354.359375,0.08045578002929688,9.728K,0.025494098663330078,0,3,0,0,41.68359375,41.54296875,0,0,0,0.0,0,3,14900,training
1754995306.50284,10635,10635,0.041622161865234375,354.359375,0.08045578002929688,9.728K,0.025382041931152344,0,3,0,0,41.68359375,41.54296875,0,0,0,0.0,0,3,15000,training
1754995306.5514188,10635,10635,0.041622161865234375,354.375,0.08045578002929688,9.728K,0.025491714477539062,0,3,0,0,41.68359375,41.54296875,0,0,0,0.0,0,3,15100,training
1754995306.599466,10635,10635,0.041622161865234375,354.375,0.08045578002929688,9.728K,0.025200843811035156,0,3,0,0,41.68359375,41.54296875,0,0,0,0.0,0,3,15200,training
1754995306.647524,10635,10635,0.041622161865234375,354.375,0.08045578002929688,9.728K,0.02580881118774414,0,3,0,0,41.68359375,41.54296875,0,0,0,0.0,0,3,15300,training
1754995306.6957471,10635,10635,0.041622161865234375,354.375,0.08045578002929688,9.728K,0.02845287322998047,0,3,0,0,41.68359375,41.54296875,0,0,0,0.0,0,3,15400,training
1754995306.74459,10635,10635,0.041622161865234375,354.375,0.08045578002929688,9.728K,0.028481483459472656,0,3,0,0,41.68359375,41.54296875,0,0,0,0.0,0,3,15500,training
1754995306.793375,10635,10635,0.041622161865234375,354.375,0.08045578002929688,9.728K,0.026683807373046875,0,3,0,0,41.68359375,41.54296875,0,0,0,0.0,0,3,15600,training
1754995306.841814,10635,10635,0.041622161865234375,354.375,0.08045578002929688,9.728K,0.025391578674316406,0,3,0,0,41.68359375,41.54296875,0,0,0,0.0,0,3,15700,training
1754995306.889754,10635,10635,0.041622161865234375,354.375,0.08045578002929688,9.728K,0.025424957275390625,0,3,0,0,41.68359375,41.54296875,0,0,0,0.0,0,3,15800,training
1754995306.9382951,10635,10635,0.041622161865234375,354.375,0.08045578002929688,9.728K,0.02573251724243164,0,3,0,0,41.68359375,41.54296875,0,0,0,0.0,0,3,15900,training
1754995306.986429,10635,10635,0.041622161865234375,354.375,0.08045578002929688,9.728K,0.02554178237915039,0,3,0,0,41.68359375,41.54296875,0,0,0,0.0,0,3,16000,training
1754995307.034752,10635,10635,0.041622161865234375,354.375,0.08045578002929688,9.728K,0.02546072006225586,0,3,0,0,41.68359375,41.54296875,0,0,0,0.0,0,3,16100,training
1754995307.083244,10635,10635,0.041622161865234375,354.375,0.08045578002929688,9.728K,0.025413036346435547,0,3,0,0,41.68359375,41.54296875,0,0,0,0.0,0,3,16200,training
1754995307.130833,10635,10635,0.041622161865234375,354.375,0.08045578002929688,9.728K,0.025532245635986328,0,3,0,0,41.68359375,41.54296875,0,0,0,0.0,0,3,16300,training
1754995307.1790788,10635,10635,0.041622161865234375,354.375,0.08045578002929688,9.728K,0.02898693084716797,0,3,0,0,41.68359375,41.54296875,0,0,0,0.0,0,3,16400,training
1754995307.228051,10635,10635,0.041622161865234375,354.375,0.08045578002929688,9.728K,0.02925395965576172,0,3,0,0,41.68359375,41.54296875,0,0,0,0.0,0,3,16500,training
1754995307.276194,10635,10635,0.041622161865234375,354.40625,0.08045578002929688,9.728K,0.02562999725341797,0,3,0,0,41.68359375,41.54296875,0,0,0,0.0,0,3,16600,training
1754995307.324215,10635,10635,0.041622161865234375,354.40625,0.08045578002929688,9.728K,0.02557992935180664,0,3,0,0,41.68359375,41.54296875,0,0,0,0.0,0,3,16700,training
1754995307.3729012,10635,10635,0.041622161865234375,354.40625,0.08045578002929688,9.728K,0.025794506072998047,0,3,0,0,41.68359375,41.54296875,0,0,0,0.0,0,3,16800,training
1754995307.421942,10635,10635,0.041622161865234375,354.40625,0.08045578002929688,9.728K,0.02533435821533203,0,3,0,0,41.68359375,41.54296875,0,0,0,0.0,0,3,16900,training
1754995307.470044,10635,10635,0.041622161865234375,354.40625,0.08045578002929688,9.728K,0.02544403076171875,0,3,0,0,41.68359375,41.54296875,0,0,0,0.0,0,3,17000,training
1754995307.519497,10635,10635,0.041622161865234375,354.40625,0.08045578002929688,9.728K,0.025963783264160156,0,3,0,0,41.68359375,41.54296875,0,0,0,0.0,0,3,17100,training
1754995307.5683599,10635,10635,0.041622161865234375,354.40625,0.08045578002929688,9.728K,0.02549886703491211,0,3,0,0,41.68359375,41.54296875,0,0,0,0.0,0,3,17200,training
1754995307.616734,10635,10635,0.041622161865234375,354.40625,0.08045578002929688,9.728K,0.025620460510253906,0,3,0,0,41.68359375,41.54296875,0,0,0,0.0,0,3,17300,training
1754995307.666115,10635,10635,0.041622161865234375,354.40625,0.08045578002929688,9.728K,0.025494098663330078,0,3,0,0,41.68359375,41.54296875,0,0,0,0.0,0,3,17400,training
1754995307.7138638,10635,10635,0.041622161865234375,354.40625,0.08045578002929688,9.728K,0.025517940521240234,0,3,0,0,41.68359375,41.54296875,0,0,0,0.0,0,3,17500,training
1754995307.7624729,10635,10635,0.041622161865234375,354.40625,0.08045578002929688,9.728K,0.028765201568603516,0,3,0,0,41.68359375,41.54296875,0,0,0,0.0,0,3,17600,training
1754995307.810853,10635,10635,0.041622161865234375,354.40625,0.08045578002929688,9.728K,0.02840280532836914,0,3,0,0,41.68359375,41.54296875,0,0,0,0.0,0,3,17700,training
1754995307.859033,10635,10635,0.041622161865234375,354.40625,0.08045578002929688,9.728K,0.025615692138671875,0,3,0,0,41.68359375,41.54296875,0,0,0,0.0,0,3,17800,training
1754995307.90818,10635,10635,0.041622161865234375,354.40625,0.08045578002929688,9.728K,0.02567768096923828,0,3,0,0,41.68359375,41.54296875,0,0,0,0.0,0,3,17900,training
1754995307.956674,10635,10635,0.041622161865234375,354.40625,0.08045578002929688,9.728K,0.025682449340820312,0,3,0,0,41.68359375,41.54296875,0,0,0,0.0,0,3,18000,training
1754995308.005109,10635,10635,0.041622161865234375,354.40625,0.08045578002929688,9.728K,0.025556087493896484,0,3,0,0,41.68359375,41.54296875,0,0,0,0.0,0,3,18100,training
1754995308.053296,10635,10635,0.041622161865234375,354.40625,0.08045578002929688,9.728K,0.02523183822631836,0,3,0,0,41.68359375,41.54296875,0,0,0,0.0,0,3,18200,training
1754995308.1025028,10635,10635,0.041622161865234375,354.40625,0.08045578002929688,9.728K,0.025277137756347656,0,3,0,0,41.68359375,41.54296875,0,0,0,0.0,0,3,18300,training
1754995308.1509,10635,10635,0.041622161865234375,354.40625,0.08045578002929688,9.728K,0.025815963745117188,0,3,0,0,41.68359375,41.54296875,0,0,0,0.0,0,3,18400,training
1754995308.1992161,10635,10635,0.041622161865234375,354.40625,0.08045578002929688,9.728K,0.025482177734375,0,3,0,0,41.68359375,41.54296875,0,0,0,0.0,0,3,18500,training
1754995308.2472079,10635,10635,0.041622161865234375,354.40625,0.08045578002929688,9.728K,0.02571582794189453,0,3,0,0,41.68359375,41.54296875,0,0,0,0.0,0,3,18600,training
1754995308.295816,10635,10635,0.041622161865234375,354.40625,0.08045578002929688,9.728K,0.028946399688720703,0,3,0,0,41.68359375,41.54296875,0,0,0,0.0,0,3,18700,training
1754995308.344975,10635,10635,0.041622161865234375,354.40625,0.08045578002929688,9.728K,0.029277801513671875,0,3,0,0,41.68359375,41.54296875,0,0,0,0.0,0,3,18800,training
1754995308.393603,10635,10635,0.041622161865234375,354.4375,0.08045578002929688,9.728K,0.026853084564208984,0,3,0,0,41.68359375,41.54296875,0,0,0,0.0,0,3,18900,training
1754995308.4424279,10635,10635,0.041622161865234375,354.4375,0.08045578002929688,9.728K,0.025513172149658203,0,3,0,0,41.68359375,41.54296875,0,0,0,0.0,0,3,19000,training
1754995308.490946,10635,10635,0.041622161865234375,354.4375,0.08045578002929688,9.728K,0.02547740936279297,0,3,0,0,41.68359375,41.54296875,0,0,0,0.0,0,3,19100,training
1754995308.538996,10635,10635,0.041622161865234375,354.4375,0.08045578002929688,9.728K,0.025954246520996094,0,3,0,0,41.68359375,41.54296875,0,0,0,0.0,0,3,19200,training
1754995308.5870268,10635,10635,0.041622161865234375,354.4375,0.08045578002929688,9.728K,0.02521038055419922,0,3,0,0,41.68359375,41.54296875,0,0,0,0.0,0,3,19300,training
1754995308.636346,10635,10635,0.041622161865234375,354.4375,0.08045578002929688,9.728K,0.025696754455566406,0,3,0,0,41.68359375,41.54296875,0,0,0,0.0,0,3,19400,training
1754995308.685062,10635,10635,0.041622161865234375,354.4375,0.08045578002929688,9.728K,0.025637149810791016,0,3,0,0,41.68359375,41.54296875,0,0,0,0.0,0,3,19500,training
1754995308.733141,10635,10635,0.041622161865234375,354.4375,0.08045578002929688,9.728K,0.025529861450195312,0,3,0,0,41.68359375,41.54296875,0,0,0,0.0,0,3,19600,training
1754995308.7814121,10635,10635,0.041622161865234375,354.4375,0.08045578002929688,9.728K,0.02568960189819336,0,3,0,0,41.68359375,41.54296875,0,0,0,0.0,0,3,19700,training
1754995308.8295949,10635,10635,0.041622161865234375,354.4375,0.08045578002929688,9.728K,0.028831958770751953,0,3,0,0,41.68359375,41.54296875,0,0,0,0.0,0,3,19800,training
1754995308.878366,10635,10635,0.041622161865234375,354.453125,0.08045578002929688,9.728K,0.028684139251708984,0,3,0,0,41.68359375,41.54296875,0,0,0,0.0,0,3,19900,training
1754995308.927604,10635,10635,0.041622161865234375,354.453125,0.08045578002929688,9.728K,0.02822399139404297,0,3,0,0,41.68359375,41.54296875,0,0,0,0.0,0,3,20000,training
1754995308.9765902,10635,10635,0.041622161865234375,354.453125,0.08045578002929688,9.728K,0.026009082794189453,0,3,0,0,41.68359375,41.54296875,0,0,0,0.0,0,3,20100,training
1754995309.025057,10635,10635,0.041622161865234375,354.453125,0.08045578002929688,9.728K,0.02538442611694336,0,3,0,0,41.68359375,41.54296875,0,0,0,0.0,0,3,20200,training
1754995309.073569,10635,10635,0.041622161865234375,354.453125,0.08045578002929688,9.728K,0.02561330795288086,0,3,0,0,41.68359375,41.54296875,0,0,0,0.0,0,3,20300,training
1754995309.121875,10635,10635,0.041622161865234375,354.453125,0.08045578002929688,9.728K,0.0258636474609375,0,3,0,0,41.68359375,41.54296875,0,0,0,0.0,0,3,20400,training
1754995309.170149,10635,10635,0.041622161865234375,354.453125,0.08045578002929688,9.728K,0.025177001953125,0,3,0,0,41.68359375,41.54296875,0,0,0,0.0,0,3,20500,training
1754995309.218446,10635,10635,0.041622161865234375,354.453125,0.08045578002929688,9.728K,0.025703907012939453,0,3,0,0,41.68359375,41.54296875,0,0,0,0.0,0,3,20600,training
1754995309.267463,10635,10635,0.041622161865234375,354.453125,0.08045578002929688,9.728K,0.025527477264404297,0,3,0,0,41.68359375,41.54296875,0,0,0,0.0,0,3,20700,training
1754995309.315567,10635,10635,0.041622161865234375,354.453125,0.08045578002929688,9.728K,0.026092529296875,0,3,0,0,41.68359375,41.54296875,0,0,0,0.0,0,3,20800,training
1754995309.36388,10635,10635,0.041622161865234375,354.453125,0.08045578002929688,9.728K,0.02549886703491211,0,3,0,0,41.68359375,41.54296875,0,0,0,0.0,0,3,20900,training
1754995309.412719,10635,10635,0.041622161865234375,354.453125,0.08045578002929688,9.728K,0.027534961700439453,0,3,0,0,41.68359375,41.54296875,0,0,0,0.0,0,3,21000,training
1754995309.462305,10635,10635,0.041622161865234375,354.453125,0.08045578002929688,9.728K,0.02914905548095703,0,3,0,0,41.68359375,41.54296875,0,0,0,0.0,0,3,21100,training
1754995309.510825,10635,10635,0.041622161865234375,354.46875,0.08045578002929688,9.728K,0.028216838836669922,0,3,0,0,41.68359375,41.54296875,0,0,0,0.0,0,3,21200,training
1754995309.5594292,10635,10635,0.041622161865234375,354.46875,0.08045578002929688,9.728K,0.02530813217163086,0,3,0,0,41.68359375,41.54296875,0,0,0,0.0,0,3,21300,training
1754995309.608077,10635,10635,0.041622161865234375,354.46875,0.08045578002929688,9.728K,0.025310516357421875,0,3,0,0,41.68359375,41.54296875,0,0,0,0.0,0,3,21400,training
1754995309.656769,10635,10635,0.041622161865234375,354.46875,0.08045578002929688,9.728K,0.025737285614013672,0,3,0,0,41.68359375,41.54296875,0,0,0,0.0,0,3,21500,training
1754995309.705506,10635,10635,0.041622161865234375,354.46875,0.08045578002929688,9.728K,0.025494098663330078,0,3,0,0,41.68359375,41.54296875,0,0,0,0.0,0,3,21600,training
1754995309.753512,10635,10635,0.041622161865234375,354.46875,0.08045578002929688,9.728K,0.025382041931152344,0,3,0,0,41.68359375,41.54296875,0,0,0,0.0,0,3,21700,training
1754995309.801889,10635,10635,0.041622161865234375,354.46875,0.08045578002929688,9.728K,0.025207996368408203,0,3,0,0,41.68359375,41.54296875,0,0,0,0.0,0,3,21800,training
1754995309.8502731,10635,10635,0.041622161865234375,354.46875,0.08045578002929688,9.728K,0.02548694610595703,0,3,0,0,41.68359375,41.54296875,0,0,0,0.0,0,3,21900,training
1754995309.899041,10635,10635,0.041622161865234375,354.46875,0.08045578002929688,9.728K,0.02780437469482422,0,3,0,0,41.68359375,41.54296875,0,0,0,0.0,0,3,22000,training
1754995309.947305,10635,10635,0.041622161865234375,354.46875,0.08045578002929688,9.728K,0.025718212127685547,0,3,0,0,41.68359375,41.54296875,0,0,0,0.0,0,3,22100,training
1754995309.9957461,10635,10635,0.041622161865234375,354.46875,0.08045578002929688,9.728K,0.026025772094726562,0,3,0,0,41.68359375,41.54296875,0,0,0,0.0,0,3,22200,training
1754995310.044161,10635,10635,0.041622161865234375,354.5,0.08045578002929688,9.728K,0.028181076049804688,0,3,0,0,41.68359375,41.54296875,0,0,0,0.0,0,3,22300,training
1754995310.092629,10635,10635,0.041622161865234375,354.53125,0.08045578002929688,9.728K,0.025632381439208984,0,3,0,0,41.68359375,41.54296875,0,0,0,0.0,0,3,22400,training
1754995310.1410382,10635,10635,0.041622161865234375,354.53125,0.08045578002929688,9.728K,0.025527477264404297,0,3,0,0,41.68359375,41.54296875,0,0,0,0.0,0,3,22500,training
1754995310.199072,10635,10635,0.041622161865234375,354.53125,0.08045578002929688,9.728K,0.046906471252441406,0,3,0,0,41.68359375,41.54296875,0,0,0,0.0,0,3,22600,training
1754995310.2628322,10635,10635,0.041622161865234375,354.53125,0.08045578002929688,9.728K,0.03554821014404297,0,3,0,0,41.68359375,41.54296875,0,0,0,0.0,0,3,22700,training
1754995310.3287091,10635,10635,0.041622161865234375,354.53125,0.08045578002929688,9.728K,0.04293680191040039,0,3,0,0,41.68359375,41.54296875,0,0,0,0.0,0,3,22800,training
1754995310.553379,10635,10635,0.041622161865234375,354.546875,0.08045578002929688,9.728K,0.028238296508789062,0,3,0,0,41.68359375,41.54296875,0,0,0,0.0,0,3,22900,training
1754995310.609419,10635,10635,0.041622161865234375,354.546875,0.08045578002929688,9.728K,0.029261112213134766,0,3,0,0,41.68359375,41.54296875,0,0,0,0.0,0,3,23000,training
1754995310.665952,10635,10635,0.041622161865234375,354.546875,0.08045578002929688,9.728K,0.03144502639770508,0,3,0,0,41.68359375,41.54296875,0,0,0,0.0,0,3,23100,training
1754995310.720563,10635,10635,0.041622161865234375,354.546875,0.08045578002929688,9.728K,0.027544498443603516,0,3,0,0,41.68359375,41.54296875,0,0,0,0.0,0,3,23200,training
1754995310.779936,10635,10635,0.041622161865234375,354.546875,0.08045578002929688,9.728K,0.0423741340637207,0,3,0,0,41.68359375,41.54296875,0,0,0,0.0,0,3,23300,training
1754995310.836801,10635,10635,0.041622161865234375,354.546875,0.08045578002929688,9.728K,0.027439594268798828,0,3,0,0,41.68359375,41.54296875,0,0,0,0.0,0,3,23400,training
1754995310.8923619,10635,10635,0.041622161865234375,354.578125,0.08045578002929688,9.728K,0.02931356430053711,0,3,0,0,41.68359375,41.54296875,0,0,0,0.0,0,3,23500,training
1754995310.949499,10635,10635,0.041622161865234375,354.578125,0.08045578002929688,9.728K,0.02994060516357422,0,3,0,0,41.68359375,41.54296875,0,0,0,0.0,0,3,23600,training
1754995311.008876,10635,10635,0.041622161865234375,354.578125,0.08045578002929688,9.728K,0.025277137756347656,0,3,0,0,41.68359375,41.54296875,0,0,0,0.0,0,3,23700,training
1754995311.0572212,10635,10635,0.041622161865234375,354.578125,0.08045578002929688,9.728K,0.025718212127685547,0,3,0,0,41.68359375,41.54296875,0,0,0,0.0,0,3,23800,training
1754995311.105739,10635,10635,0.041622161865234375,354.578125,0.08045578002929688,9.728K,0.025746822357177734,0,3,0,0,41.68359375,41.54296875,0,0,0,0.0,0,3,23900,training
1754995311.1556952,10635,10635,0.041622161865234375,354.578125,0.08045578002929688,9.728K,0.025691986083984375,0,3,0,0,41.68359375,41.54296875,0,0,0,0.0,0,3,24000,training
1754995311.204587,10635,10635,0.041622161865234375,354.578125,0.08045578002929688,9.728K,0.025496482849121094,0,3,0,0,41.68359375,41.54296875,0,0,0,0.0,0,3,24100,training
1754995311.2531571,10635,10635,0.041622161865234375,354.59375,0.08045578002929688,9.728K,0.025148391723632812,0,3,0,0,41.68359375,41.54296875,0,0,0,0.0,0,3,24200,training
1754995311.3022358,10635,10635,0.041622161865234375,354.59375,0.08045578002929688,9.728K,0.025577545166015625,0,3,0,0,41.68359375,41.54296875,0,0,0,0.0,0,3,24300,training
1754995311.350774,10635,10635,0.041622161865234375,354.59375,0.08045578002929688,9.728K,0.025491714477539062,0,3,0,0,41.68359375,41.54296875,0,0,0,0.0,0,3,24400,training
1754995311.399182,10635,10635,0.041622161865234375,354.59375,0.08045578002929688,9.728K,0.025799274444580078,0,3,0,0,41.68359375,41.54296875,0,0,0,0.0,0,3,24500,training
1754995311.4478898,10635,10635,0.041622161865234375,354.59375,0.08045578002929688,9.728K,0.025720596313476562,0,3,0,0,41.68359375,41.54296875,0,0,0,0.0,0,3,24600,training
1754995311.497251,10635,10635,0.041622161865234375,354.59375,0.08045578002929688,9.728K,0.025551319122314453,0,3,0,0,41.68359375,41.54296875,0,0,0,0.0,0,3,24700,training
1754995311.545563,10635,10635,0.041622161865234375,354.59375,0.08045578002929688,9.728K,0.028967857360839844,0,3,0,0,41.68359375,41.54296875,0,0,0,0.0,0,3,24800,training
1754995311.594337,10635,10635,0.041622161865234375,354.59375,0.08045578002929688,9.728K,0.02872943878173828,0,3,0,0,41.68359375,41.54296875,0,0,0,0.0,0,3,24900,training
1754995311.6425312,10635,10635,0.041622161865234375,354.59375,0.08045578002929688,9.728K,0.025289058685302734,0,3,0,0,41.68359375,41.54296875,0,0,0,0.0,0,3,25000,training
1754995311.69111,10635,10635,0.041622161865234375,354.59375,0.08045578002929688,9.728K,0.025358200073242188,0,3,0,0,41.68359375,41.54296875,0,0,0,0.0,0,3,25100,training
1754995311.739882,10635,10635,0.041622161865234375,354.59375,0.08045578002929688,9.728K,0.025408267974853516,0,3,0,0,41.68359375,41.54296875,0,0,0,0.0,0,3,25200,training
1754995311.788831,10635,10635,0.041622161865234375,354.59375,0.08045578002929688,9.728K,0.025670528411865234,0,3,0,0,41.68359375,41.54296875,0,0,0,0.0,0,3,25300,training
1754995311.8372889,10635,10635,0.041622161865234375,354.59375,0.08045578002929688,9.728K,0.025403499603271484,0,3,0,0,41.68359375,41.54296875,0,0,0,0.0,0,3,25400,training
1754995311.885501,10635,10635,0.041622161865234375,354.59375,0.08045578002929688,9.728K,0.025539398193359375,0,3,0,0,41.68359375,41.54296875,0,0,0,0.0,0,3,25500,training
1754995311.934508,10635,10635,0.041622161865234375,354.59375,0.08045578002929688,9.728K,0.025417804718017578,0,3,0,0,41.68359375,41.54296875,0,0,0,0.0,0,3,25600,training
1754995311.983201,10635,10635,0.041622161865234375,354.59375,0.08045578002929688,9.728K,0.025634765625,0,3,0,0,41.68359375,41.54296875,0,0,0,0.0,0,3,25700,training
1754995312.031389,10635,10635,0.041622161865234375,354.59375,0.08045578002929688,9.728K,0.025763511657714844,0,3,0,0,41.68359375,41.54296875,0,0,0,0.0,0,3,25800,training
1754995312.0795379,10635,10635,0.041622161865234375,354.59375,0.08045578002929688,9.728K,0.025739669799804688,0,3,0,0,41.68359375,41.54296875,0,0,0,0.0,0,3,25900,training
1754995312.1279411,10635,10635,0.041622161865234375,354.59375,0.08045578002929688,9.728K,0.028803348541259766,0,3,0,0,41.68359375,41.54296875,0,0,0,0.0,0,3,26000,training
1754995312.176528,10635,10635,0.041622161865234375,354.59375,0.08045578002929688,9.728K,0.026273727416992188,0,3,0,0,41.68359375,41.54296875,0,0,0,0.0,0,3,26100,training
1754995312.2250612,10635,10635,0.041622161865234375,354.59375,0.08045578002929688,9.728K,0.025277137756347656,0,3,0,0,41.68359375,41.54296875,0,0,0,0.0,0,3,26200,training
1754995312.273653,10635,10635,0.041622161865234375,354.59375,0.08045578002929688,9.728K,0.025920867919921875,0,3,0,0,41.68359375,41.54296875,0,0,0,0.0,0,3,26300,training
1754995312.322159,10635,10635,0.041622161865234375,354.59375,0.08045578002929688,9.728K,0.02579212188720703,0,3,0,0,41.68359375,41.54296875,0,0,0,0.0,0,3,26400,training
1754995312.371016,10635,10635,0.041622161865234375,354.59375,0.08045578002929688,9.728K,0.025796890258789062,0,3,0,0,41.68359375,41.54296875,0,0,0,0.0,0,3,26500,training
1754995312.4194171,10635,10635,0.041622161865234375,354.59375,0.08045578002929688,9.728K,0.0255584716796875,0,3,0,0,41.68359375,41.54296875,0,0,0,0.0,0,3,26600,training
1754995312.467564,10635,10635,0.041622161865234375,354.59375,0.08045578002929688,9.728K,0.02529621124267578,0,3,0,0,41.68359375,41.54296875,0,0,0,0.0,0,3,26700,training
1754995312.516474,10635,10635,0.041622161865234375,354.59375,0.08045578002929688,9.728K,0.025787353515625,0,3,0,0,41.68359375,41.54296875,0,0,0,0.0,0,3,26800,training
1754995312.56494,10635,10635,0.041622161865234375,354.625,0.08045578002929688,9.728K,0.025434494018554688,0,3,0,0,41.68359375,41.54296875,0,0,0,0.0,0,3,26900,training
1754995312.6132832,10635,10635,0.041622161865234375,354.625,0.08045578002929688,9.728K,0.025928020477294922,0,3,0,0,41.68359375,41.54296875,0,0,0,0.0,0,3,27000,training
1754995312.662477,10635,10635,0.041622161865234375,354.625,0.08045578002929688,9.728K,0.029265880584716797,0,3,0,0,41.68359375,41.54296875,0,0,0,0.0,0,3,27100,training
1754995312.711188,10635,10635,0.041622161865234375,354.625,0.08045578002929688,9.728K,0.028121471405029297,0,3,0,0,41.68359375,41.54296875,0,0,0,0.0,0,3,27200,training
1754995312.759618,10635,10635,0.041622161865234375,354.625,0.08045578002929688,9.728K,0.025341510772705078,0,3,0,0,41.68359375,41.54296875,0,0,0,0.0,0,3,27300,training
1754995312.808703,10635,10635,0.041622161865234375,354.625,0.08045578002929688,9.728K,0.025675296783447266,0,3,0,0,41.68359375,41.54296875,0,0,0,0.0,0,3,27400,training
1754995312.856852,10635,10635,0.041622161865234375,354.625,0.08045578002929688,9.728K,0.025572776794433594,0,3,0,0,41.68359375,41.54296875,0,0,0,0.0,0,3,27500,training
1754995312.905289,10635,10635,0.041622161865234375,354.625,0.08045578002929688,9.728K,0.025568008422851562,0,3,0,0,41.68359375,41.54296875,0,0,0,0.0,0,3,27600,training
1754995312.954043,10635,10635,0.041622161865234375,354.625,0.08045578002929688,9.728K,0.025577545166015625,0,3,0,0,41.68359375,41.54296875,0,0,0,0.0,0,3,27700,training
1754995313.0026329,10635,10635,0.041622161865234375,354.625,0.08045578002929688,9.728K,0.02563953399658203,0,3,0,0,41.68359375,41.54296875,0,0,0,0.0,0,3,27800,training
1754995313.0513752,10635,10635,0.041622161865234375,354.625,0.08045578002929688,9.728K,0.025453567504882812,0,3,0,0,41.68359375,41.54296875,0,0,0,0.0,0,3,27900,training
1754995313.09988,10635,10635,0.041622161865234375,354.625,0.08045578002929688,9.728K,0.025489330291748047,0,3,0,0,41.68359375,41.54296875,0,0,0,0.0,0,3,28000,training
1754995313.1483421,10635,10635,0.041622161865234375,354.625,0.08045578002929688,9.728K,0.026090145111083984,0,3,0,0,41.68359375,41.54296875,0,0,0,0.0,0,3,28100,training
1754995313.196316,10635,10635,0.041622161865234375,354.625,0.08045578002929688,9.728K,0.025932788848876953,0,3,0,0,41.68359375,41.54296875,0,0,0,0.0,0,3,28200,training
1754995313.244859,10635,10635,0.041622161865234375,354.625,0.08045578002929688,9.728K,0.028789043426513672,0,3,0,0,41.68359375,41.54296875,0,0,0,0.0,0,3,28300,training
1754995313.293668,10635,10635,0.041622161865234375,354.625,0.08045578002929688,9.728K,0.027768611907958984,0,3,0,0,41.68359375,41.54296875,0,0,0,0.0,0,3,28400,training
1754995313.3419259,10635,10635,0.041622161865234375,354.625,0.08045578002929688,9.728K,0.025529861450195312,0,3,0,0,41.68359375,41.54296875,0,0,0,0.0,0,3,28500,training
1754995313.390592,10635,10635,0.041622161865234375,354.625,0.08045578002929688,9.728K,0.02543926239013672,0,3,0,0,41.68359375,41.54296875,0,0,0,0.0,0,3,28600,training
1754995313.439625,10635,10635,0.041622161865234375,354.625,0.08045578002929688,9.728K,0.025761127471923828,0,3,0,0,41.68359375,41.54296875,0,0,0,0.0,0,3,28700,training
1754995313.488,10635,10635,0.041622161865234375,354.625,0.08045578002929688,9.728K,0.025229454040527344,0,3,0,0,41.68359375,41.54296875,0,0,0,0.0,0,3,28800,training
1754995313.53691,10635,10635,0.041622161865234375,354.625,0.08045578002929688,9.728K,0.025303363800048828,0,3,0,0,41.68359375,41.54296875,0,0,0,0.0,0,3,28900,training
1754995313.585323,10635,10635,0.041622161865234375,354.625,0.08045578002929688,9.728K,0.025718212127685547,0,3,0,0,41.68359375,41.54296875,0,0,0,0.0,0,3,29000,training
1754995313.633892,10635,10635,0.041622161865234375,354.640625,0.08045578002929688,9.728K,0.027058124542236328,0,3,0,0,41.68359375,41.54296875,0,0,0,0.0,0,3,29100,training
1754995313.686212,10635,10635,0.041622161865234375,354.640625,0.08045578002929688,9.728K,0.025336742401123047,0,3,0,0,41.68359375,41.54296875,0,0,0,0.0,0,3,29200,training
1754995313.7356422,10635,10635,0.041622161865234375,354.640625,0.08045578002929688,9.728K,0.0255584716796875,0,3,0,0,41.68359375,41.54296875,0,0,0,0.0,0,3,29300,training
1754995313.783631,10635,10635,0.041622161865234375,354.640625,0.08045578002929688,9.728K,0.025250911712646484,0,3,0,0,41.68359375,41.54296875,0,0,0,0.0,0,3,29400,training
1754995313.831888,10635,10635,0.041622161865234375,354.640625,0.08045578002929688,9.728K,0.025517940521240234,0,3,0,0,41.68359375,41.54296875,0,0,0,0.0,0,3,29500,training
1754995313.8824298,10635,10635,0.041622161865234375,354.640625,0.08045578002929688,9.728K,0.025773048400878906,0,3,0,0,41.68359375,41.54296875,0,0,0,0.0,0,3,29600,training
1754995313.931742,10635,10635,0.041622161865234375,354.640625,0.08045578002929688,9.728K,0.025784969329833984,0,3,0,0,41.68359375,41.54296875,0,0,0,0.0,0,3,29700,training
1754995313.980385,10635,10635,0.041622161865234375,354.640625,0.08045578002929688,9.728K,0.025851726531982422,0,3,0,0,41.68359375,41.54296875,0,0,0,0.0,0,3,29800,training
1754995314.028557,10635,10635,0.041622161865234375,354.640625,0.08045578002929688,9.728K,0.028851032257080078,0,3,0,0,41.68359375,41.54296875,0,0,0,0.0,0,3,29900,training
1754995314.078049,10635,10635,0.041622161865234375,354.640625,0.08045578002929688,9.728K,0.028841495513916016,0,3,0,0,41.68359375,41.54296875,0,0,0,0.0,0,3,30000,training
1754995314.127038,10635,10635,0.041622161865234375,354.640625,0.08045578002929688,9.728K,0.02819061279296875,0,3,0,0,41.68359375,41.54296875,0,0,0,0.0,0,3,30100,training
1754995314.174794,10635,10635,0.041622161865234375,354.640625,0.08045578002929688,9.728K,0.025365352630615234,0,3,0,0,41.68359375,41.54296875,0,0,0,0.0,0,3,30200,training
1754995314.223596,10635,10635,0.041622161865234375,354.640625,0.08045578002929688,9.728K,0.025734901428222656,0,3,0,0,41.68359375,41.54296875,0,0,0,0.0,0,3,30300,training
1754995314.2722309,10635,10635,0.041622161865234375,354.640625,0.08045578002929688,9.728K,0.025627613067626953,0,3,0,0,41.68359375,41.54296875,0,0,0,0.0,0,3,30400,training
1754995314.320768,10635,10635,0.041622161865234375,354.640625,0.08045578002929688,9.728K,0.02552032470703125,0,3,0,0,41.68359375,41.54296875,0,0,0,0.0,0,3,30500,training
1754995314.369035,10635,10635,0.041622161865234375,354.640625,0.08045578002929688,9.728K,0.02591848373413086,0,3,0,0,41.68359375,41.54296875,0,0,0,0.0,0,3,30600,training
1754995314.417985,10635,10635,0.041622161865234375,354.640625,0.08045578002929688,9.728K,0.025658607482910156,0,3,0,0,41.68359375,41.54296875,0,0,0,0.0,0,3,30700,training
1754995314.4664378,10635,10635,0.041622161865234375,354.640625,0.08045578002929688,9.728K,0.02559185028076172,0,3,0,0,41.68359375,41.54296875,0,0,0,0.0,0,3,30800,training
1754995314.515211,10635,10635,0.041622161865234375,354.671875,0.08045578002929688,9.728K,0.02687215805053711,0,3,0,0,41.68359375,41.54296875,0,0,0,0.0,0,3,30900,training
1754995314.563531,10635,10635,0.041622161865234375,354.671875,0.08045578002929688,9.728K,0.025856494903564453,0,3,0,0,41.68359375,41.54296875,0,0,0,0.0,0,3,31000,training
1754995314.61269,10635,10635,0.041622161865234375,354.671875,0.08045578002929688,9.728K,0.025827884674072266,0,3,0,0,41.68359375,41.54296875,0,0,0,0.0,0,3,31100,training
1754995314.6609762,10635,10635,0.041622161865234375,354.671875,0.08045578002929688,9.728K,0.02881765365600586,0,3,0,0,41.68359375,41.54296875,0,0,0,0.0,0,3,31200,training
1754995314.709179,10635,10635,0.041622161865234375,354.671875,0.08045578002929688,9.728K,0.02552032470703125,0,3,0,0,41.68359375,41.54296875,0,0,0,0.0,0,3,31300,training
1754995314.757649,10635,10635,0.041622161865234375,354.671875,0.08045578002929688,9.728K,0.02552032470703125,0,3,0,0,41.68359375,41.54296875,0,0,0,0.0,0,3,31400,training
1754995314.80591,10635,10635,0.041622161865234375,354.671875,0.08045578002929688,9.728K,0.02546548843383789,0,3,0,0,41.68359375,41.54296875,0,0,0,0.0,0,3,31500,training
1754995314.854243,10635,10635,0.041622161865234375,354.671875,0.08045578002929688,9.728K,0.025417804718017578,0,3,0,0,41.68359375,41.54296875,0,0,0,0.0,0,3,31600,training
1754995314.902782,10635,10635,0.041622161865234375,354.671875,0.08045578002929688,9.728K,0.025699138641357422,0,3,0,0,41.68359375,41.54296875,0,0,0,0.0,0,3,31700,training
1754995314.951908,10635,10635,0.041622161865234375,354.703125,0.08045578002929688,9.728K,0.025446414947509766,0,3,0,0,41.68359375,41.54296875,0,0,0,0.0,0,3,31800,training
1754995315.000364,10635,10635,0.041622161865234375,354.703125,0.08045578002929688,9.728K,0.025408267974853516,0,3,0,0,41.68359375,41.54296875,0,0,0,0.0,0,3,31900,training
1754995315.048643,10635,10635,0.041622161865234375,354.703125,0.08045578002929688,9.728K,0.02544403076171875,0,3,0,0,41.68359375,41.54296875,0,0,0,0.0,0,3,32000,training
1754995315.097256,10635,10635,0.041622161865234375,354.703125,0.08045578002929688,9.728K,0.025663375854492188,0,3,0,0,41.68359375,41.54296875,0,0,0,0.0,0,3,32100,training
1754995315.145962,10635,10635,0.041622161865234375,354.703125,0.08045578002929688,9.728K,0.025589466094970703,0,3,0,0,41.68359375,41.54296875,0,0,0,0.0,0,3,32200,training
1754995315.194277,10635,10635,0.041622161865234375,354.703125,0.08045578002929688,9.728K,0.028672218322753906,0,3,0,0,41.68359375,41.54296875,0,0,0,0.0,0,3,32300,training
1754995315.242317,10635,10635,0.041622161865234375,354.703125,0.08045578002929688,9.728K,0.025539398193359375,0,3,0,0,41.68359375,41.54296875,0,0,0,0.0,0,3,32400,training
1754995315.290756,10635,10635,0.041622161865234375,354.703125,0.08045578002929688,9.728K,0.025322437286376953,0,3,0,0,41.68359375,41.54296875,0,0,0,0.0,0,3,32500,training
1754995315.339535,10635,10635,0.041622161865234375,354.703125,0.08045578002929688,9.728K,0.025691986083984375,0,3,0,0,41.68359375,41.54296875,0,0,0,0.0,0,3,32600,training
1754995315.38901,10635,10635,0.041622161865234375,354.703125,0.08045578002929688,9.728K,0.025529861450195312,0,3,0,0,41.68359375,41.54296875,0,0,0,0.0,0,3,32700,training
1754995315.437551,10635,10635,0.041622161865234375,354.703125,0.08045578002929688,9.728K,0.025420188903808594,0,3,0,0,41.68359375,41.54296875,0,0,0,0.0,0,3,32800,training
1754995315.4859278,10635,10635,0.041622161865234375,354.703125,0.08045578002929688,9.728K,0.02537250518798828,0,3,0,0,41.68359375,41.54296875,0,0,0,0.0,0,3,32900,training
1754995315.535039,10635,10635,0.041622161865234375,354.703125,0.08045578002929688,9.728K,0.025207996368408203,0,3,0,0,41.68359375,41.54296875,0,0,0,0.0,0,3,33000,training
1754995315.583456,10635,10635,0.041622161865234375,354.703125,0.08045578002929688,9.728K,0.025484561920166016,0,3,0,0,41.68359375,41.54296875,0,0,0,0.0,0,3,33100,training
1754995315.6319911,10635,10635,0.041622161865234375,354.71875,0.08045578002929688,9.728K,0.025305747985839844,0,3,0,0,41.68359375,41.54296875,0,0,0,0.0,0,3,33200,training
1754995315.679907,10635,10635,0.041622161865234375,354.734375,0.08045578002929688,9.728K,0.02574920654296875,0,3,0,0,41.68359375,41.54296875,0,0,0,0.0,0,3,33300,training
1754995315.728284,10635,10635,0.041622161865234375,354.734375,0.08045578002929688,9.728K,0.028493404388427734,0,3,0,0,41.68359375,41.54296875,0,0,0,0.0,0,3,33400,training
1754995315.779798,10635,10635,0.041622161865234375,354.734375,0.08045578002929688,9.728K,0.029346942901611328,0,3,0,0,41.68359375,41.54296875,0,0,0,0.0,0,3,33500,training
1754995315.829813,10635,10635,0.041622161865234375,354.734375,0.08045578002929688,9.728K,0.025584697723388672,0,3,0,0,41.68359375,41.54296875,0,0,0,0.0,0,3,33600,training
1754995315.87853,10635,10635,0.041622161865234375,354.734375,0.08045578002929688,9.728K,0.029096603393554688,0,3,0,0,41.68359375,41.54296875,0,0,0,0.0,0,3,33700,training
1754995315.92754,10635,10635,0.041622161865234375,354.734375,0.08045578002929688,9.728K,0.028841495513916016,0,3,0,0,41.68359375,41.54296875,0,0,0,0.0,0,3,33800,training
1754995315.975842,10635,10635,0.041622161865234375,354.734375,0.08045578002929688,9.728K,0.025141239166259766,0,3,0,0,41.68359375,41.54296875,0,0,0,0.0,0,3,33900,training
1754995316.024652,10635,10635,0.041622161865234375,354.734375,0.08045578002929688,9.728K,0.025501251220703125,0,3,0,0,41.68359375,41.54296875,0,0,0,0.0,0,3,34000,training
1754995316.07309,10635,10635,0.041622161865234375,354.734375,0.08045578002929688,9.728K,0.02572774887084961,0,3,0,0,41.68359375,41.54296875,0,0,0,0.0,0,3,34100,training
1754995316.1214359,10635,10635,0.041622161865234375,354.734375,0.08045578002929688,9.728K,0.025169849395751953,0,3,0,0,41.68359375,41.54296875,0,0,0,0.0,0,3,34200,training
1754995316.1701992,10635,10635,0.041622161865234375,354.734375,0.08045578002929688,9.728K,0.025126934051513672,0,3,0,0,41.68359375,41.54296875,0,0,0,0.0,0,3,34300,training
1754995316.218667,10635,10635,0.041622161865234375,354.734375,0.08045578002929688,9.728K,0.025408267974853516,0,3,0,0,41.68359375,41.54296875,0,0,0,0.0,0,3,34400,training
1754995316.2672021,10635,10635,0.041622161865234375,354.734375,0.08045578002929688,9.728K,0.02546548843383789,0,3,0,0,41.68359375,41.54296875,0,0,0,0.0,0,3,34500,training
1754995316.315433,10635,10635,0.041622161865234375,354.734375,0.08045578002929688,9.728K,0.025582313537597656,0,3,0,0,41.68359375,41.54296875,0,0,0,0.0,0,3,34600,training
1754995316.363677,10635,10635,0.041622161865234375,354.734375,0.08045578002929688,9.728K,0.025517940521240234,0,3,0,0,41.68359375,41.54296875,0,0,0,0.0,0,3,34700,training
1754995316.4122722,10635,10635,0.041622161865234375,354.734375,0.08045578002929688,9.728K,0.02954721450805664,0,3,0,0,41.68359375,41.54296875,0,0,0,0.0,0,3,34800,training
1754995316.460808,10635,10635,0.041622161865234375,354.765625,0.08045578002929688,9.728K,0.028998851776123047,0,3,0,0,41.68359375,41.54296875,0,0,0,0.0,0,3,34900,training
1754995316.51862,10635,10635,0.041622161865234375,354.765625,0.08045578002929688,9.728K,0.030825138092041016,0,3,0,0,41.68359375,41.54296875,0,0,0,0.0,0,3,35000,training
1754995316.57628,10635,10635,0.041622161865234375,354.765625,0.08045578002929688,9.728K,0.026793479919433594,0,3,0,0,41.68359375,41.54296875,0,0,0,0.0,0,3,35100,training
1754995316.6251462,10635,10635,0.041622161865234375,354.765625,0.08045578002929688,9.728K,0.025358200073242188,0,3,0,0,41.68359375,41.54296875,0,0,0,0.0,0,3,35200,training
1754995316.674131,10635,10635,0.041622161865234375,354.796875,0.08045578002929688,9.728K,0.02536773681640625,0,3,0,0,41.68359375,41.54296875,0,0,0,0.0,0,3,35300,training
1754995316.7227268,10635,10635,0.041622161865234375,354.796875,0.08045578002929688,9.728K,0.025572776794433594,0,3,0,0,41.68359375,41.54296875,0,0,0,0.0,0,3,35400,training
1754995316.770911,10635,10635,0.041622161865234375,354.796875,0.08045578002929688,9.728K,0.025303363800048828,0,3,0,0,41.68359375,41.54296875,0,0,0,0.0,0,3,35500,training
1754995316.819814,10635,10635,0.041622161865234375,354.796875,0.08045578002929688,9.728K,0.025203227996826172,0,3,0,0,41.68359375,41.54296875,0,0,0,0.0,0,3,35600,training
1754995316.867766,10635,10635,0.041622161865234375,354.796875,0.08045578002929688,9.728K,0.025560855865478516,0,3,0,0,41.68359375,41.54296875,0,0,0,0.0,0,3,35700,training
1754995316.915806,10635,10635,0.041622161865234375,354.796875,0.08045578002929688,9.728K,0.025739669799804688,0,3,0,0,41.68359375,41.54296875,0,0,0,0.0,0,3,35800,training
1754995316.965083,10635,10635,0.041622161865234375,354.796875,0.08045578002929688,9.728K,0.025680065155029297,0,3,0,0,41.68359375,41.54296875,0,0,0,0.0,0,3,35900,training
1754995317.013228,10635,10635,0.041622161865234375,354.796875,0.08045578002929688,9.728K,0.025737285614013672,0,3,0,0,41.68359375,41.54296875,0,0,0,0.0,0,3,36000,training
1754995317.0622442,10635,10635,0.041622161865234375,354.796875,0.08045578002929688,9.728K,0.02910137176513672,0,3,0,0,41.68359375,41.54296875,0,0,0,0.0,0,3,36100,training
1754995317.1106439,10635,10635,0.041622161865234375,354.796875,0.08045578002929688,9.728K,0.028502941131591797,0,3,0,0,41.68359375,41.54296875,0,0,0,0.0,0,3,36200,training
1754995317.158866,10635,10635,0.041622161865234375,354.796875,0.08045578002929688,9.728K,0.025572776794433594,0,3,0,0,41.68359375,41.54296875,0,0,0,0.0,0,3,36300,training
1754995317.207059,10635,10635,0.041622161865234375,354.796875,0.08045578002929688,9.728K,0.025246143341064453,0,3,0,0,41.68359375,41.54296875,0,0,0,0.0,0,3,36400,training
1754995317.25584,10635,10635,0.041622161865234375,354.796875,0.08045578002929688,9.728K,0.025899410247802734,0,3,0,0,41.68359375,41.54296875,0,0,0,0.0,0,3,36500,training
1754995317.303854,10635,10635,0.041622161865234375,354.796875,0.08045578002929688,9.728K,0.025434494018554688,0,3,0,0,41.68359375,41.54296875,0,0,0,0.0,0,3,36600,training
1754995317.352119,10635,10635,0.041622161865234375,354.796875,0.08045578002929688,9.728K,0.025663375854492188,0,3,0,0,41.68359375,41.54296875,0,0,0,0.0,0,3,36700,training
1754995317.4011369,10635,10635,0.041622161865234375,354.796875,0.08045578002929688,9.728K,0.025529861450195312,0,3,0,0,41.68359375,41.54296875,0,0,0,0.0,0,3,36800,training
1754995317.450067,10635,10635,0.041622161865234375,354.796875,0.08045578002929688,9.728K,0.025415420532226562,0,3,0,0,41.68359375,41.54296875,0,0,0,0.0,0,3,36900,training
1754995317.498585,10635,10635,0.041622161865234375,354.796875,0.08045578002929688,9.728K,0.02594470977783203,0,3,0,0,41.68359375,41.54296875,0,0,0,0.0,0,3,37000,training
1754995317.546719,10635,10635,0.041622161865234375,354.796875,0.08045578002929688,9.728K,0.027947425842285156,0,3,0,0,41.68359375,41.54296875,0,0,0,0.0,0,3,37100,training
1754995317.594801,10635,10635,0.041622161865234375,354.796875,0.08045578002929688,9.728K,0.028960704803466797,0,3,0,0,41.68359375,41.54296875,0,0,0,0.0,0,3,37200,training
1754995317.643858,10635,10635,0.041622161865234375,354.796875,0.08045578002929688,9.728K,0.028009414672851562,0,3,0,0,41.68359375,41.54296875,0,0,0,0.0,0,3,37300,training
1754995317.6921248,10635,10635,0.041622161865234375,354.796875,0.08045578002929688,9.728K,0.025489330291748047,0,3,0,0,41.68359375,41.54296875,0,0,0,0.0,0,3,37400,training
1754995317.740934,10635,10635,0.041622161865234375,354.796875,0.08045578002929688,9.728K,0.025472640991210938,0,3,0,0,41.68359375,41.54296875,0,0,0,0.0,0,3,37500,training
1754995317.790185,10635,10635,0.041622161865234375,354.796875,0.08045578002929688,9.728K,0.025703907012939453,0,3,0,0,41.68359375,41.54296875,0,0,0,0.0,0,3,37600,training
1754995317.8385122,10635,10635,0.041622161865234375,354.796875,0.08045578002929688,9.728K,0.02565145492553711,0,3,0,0,41.68359375,41.54296875,0,0,0,0.0,0,3,37700,training
1754995317.8867352,10635,10635,0.041622161865234375,354.796875,0.08045578002929688,9.728K,0.02519845962524414,0,3,0,0,41.68359375,41.54296875,0,0,0,0.0,0,3,37800,training
1754995317.935891,10635,10635,0.041622161865234375,354.796875,0.08045578002929688,9.728K,0.025415420532226562,0,3,0,0,41.68359375,41.54296875,0,0,0,0.0,0,3,37900,training
1754995317.98453,10635,10635,0.041622161865234375,354.796875,0.08045578002929688,9.728K,0.02527475357055664,0,3,0,0,41.68359375,41.54296875,0,0,0,0.0,0,3,38000,training
1754995318.033034,10635,10635,0.041622161865234375,354.796875,0.08045578002929688,9.728K,0.02555370330810547,0,3,0,0,41.68359375,41.54296875,0,0,0,0.0,0,3,38100,training
1754995318.081386,10635,10635,0.041622161865234375,354.8125,0.08045578002929688,9.728K,0.02573251724243164,0,3,0,0,41.68359375,41.54296875,0,0,0,0.0,0,3,38200,training
1754995318.129868,10635,10635,0.041622161865234375,354.8125,0.08045578002929688,9.728K,0.025708675384521484,0,3,0,0,41.68359375,41.54296875,0,0,0,0.0,0,3,38300,training
1754995318.1785998,10635,10635,0.041622161865234375,354.8125,0.08045578002929688,9.728K,0.02911090850830078,0,3,0,0,41.68359375,41.54296875,0,0,0,0.0,0,3,38400,training
1754995318.22689,10635,10635,0.041622161865234375,354.8125,0.08045578002929688,9.728K,0.027594566345214844,0,3,0,0,41.68359375,41.54296875,0,0,0,0.0,0,3,38500,training
1754995318.275383,10635,10635,0.041622161865234375,354.8125,0.08045578002929688,9.728K,0.025393962860107422,0,3,0,0,41.68359375,41.54296875,0,0,0,0.0,0,3,38600,training
1754995318.323959,10635,10635,0.041622161865234375,354.8125,0.08045578002929688,9.728K,0.025532245635986328,0,3,0,0,41.68359375,41.54296875,0,0,0,0.0,0,3,38700,training
1754995318.3730838,10635,10635,0.041622161865234375,354.84375,0.08045578002929688,9.728K,0.02566814422607422,0,3,0,0,41.68359375,41.54296875,0,0,0,0.0,0,3,38800,training
1754995318.4211981,10635,10635,0.041622161865234375,354.84375,0.08045578002929688,9.728K,0.02546072006225586,0,3,0,0,41.68359375,41.54296875,0,0,0,0.0,0,3,38900,training
1754995318.469748,10635,10635,0.041622161865234375,354.84375,0.08045578002929688,9.728K,0.025339126586914062,0,3,0,0,41.68359375,41.54296875,0,0,0,0.0,0,3,39000,training
1754995318.517913,10635,10635,0.041622161865234375,354.84375,0.08045578002929688,9.728K,0.025532245635986328,0,3,0,0,41.68359375,41.54296875,0,0,0,0.0,0,3,39100,training
1754995318.566758,10635,10635,0.041622161865234375,354.84375,0.08045578002929688,9.728K,0.025260448455810547,0,3,0,0,41.68359375,41.54296875,0,0,0,0.0,0,3,39200,training
1754995318.615149,10635,10635,0.041622161865234375,354.84375,0.08045578002929688,9.728K,0.025441646575927734,0,3,0,0,41.68359375,41.54296875,0,0,0,0.0,0,3,39300,training
1754995318.6635818,10635,10635,0.041622161865234375,354.84375,0.08045578002929688,9.728K,0.025415420532226562,0,3,0,0,41.68359375,41.54296875,0,0,0,0.0,0,3,39400,training
1754995318.7118368,10635,10635,0.041622161865234375,354.84375,0.08045578002929688,9.728K,0.028259754180908203,0,3,0,0,41.68359375,41.54296875,0,0,0,0.0,0,3,39500,training
1754995318.760061,10635,10635,0.041622161865234375,354.84375,0.08045578002929688,9.728K,0.027549266815185547,0,3,0,0,41.68359375,41.54296875,0,0,0,0.0,0,3,39600,training
1754995318.8083289,10635,10635,0.041622161865234375,354.84375,0.08045578002929688,9.728K,0.02519369125366211,0,3,0,0,41.68359375,41.54296875,0,0,0,0.0,0,3,39700,training
1754995318.856881,10635,10635,0.041622161865234375,354.84375,0.08045578002929688,9.728K,0.025701522827148438,0,3,0,0,41.68359375,41.54296875,0,0,0,0.0,0,3,39800,training
1754995318.905487,10635,10635,0.041622161865234375,354.84375,0.08045578002929688,9.728K,0.02557992935180664,0,3,0,0,41.68359375,41.54296875,0,0,0,0.0,0,3,39900,training
1754995318.954507,10635,10635,0.041622161865234375,354.84375,0.08045578002929688,9.728K,0.025386810302734375,0,3,0,0,41.68359375,41.54296875,0,0,0,0.0,0,3,40000,training
1754995319.003241,10635,10635,0.041622161865234375,354.84375,0.08045578002929688,9.728K,0.025234222412109375,0,3,0,0,41.68359375,41.54296875,0,0,0,0.0,0,3,40100,training
1754995319.0514061,10635,10635,0.041622161865234375,354.84375,0.08045578002929688,9.728K,0.025534629821777344,0,3,0,0,41.68359375,41.54296875,0,0,0,0.0,0,3,40200,training
1754995319.099575,10635,10635,0.041622161865234375,354.84375,0.08045578002929688,9.728K,0.025684833526611328,0,3,0,0,41.68359375,41.54296875,0,0,0,0.0,0,3,40300,training
1754995319.147702,10635,10635,0.041622161865234375,354.84375,0.08045578002929688,9.728K,0.025625228881835938,0,3,0,0,41.68359375,41.54296875,0,0,0,0.0,0,3,40400,training
1754995319.1960378,10635,10635,0.041622161865234375,354.875,0.08045578002929688,9.728K,0.027484893798828125,0,3,0,0,41.68359375,41.54296875,0,0,0,0.0,0,3,40500,training
1754995319.245142,10635,10635,0.041622161865234375,354.875,0.08045578002929688,9.728K,0.029506683349609375,0,3,0,0,41.68359375,41.54296875,0,0,0,0.0,0,3,40600,training
1754995319.294044,10635,10635,0.041622161865234375,354.875,0.08045578002929688,9.728K,0.028355121612548828,0,3,0,0,41.68359375,41.54296875,0,0,0,0.0,0,3,40700,training
1754995319.342442,10635,10635,0.041622161865234375,354.875,0.08045578002929688,9.728K,0.025458335876464844,0,3,0,0,41.68359375,41.54296875,0,0,0,0.0,0,3,40800,training
1754995319.391347,10635,10635,0.041622161865234375,354.875,0.08045578002929688,9.728K,0.02540111541748047,0,3,0,0,41.68359375,41.54296875,0,0,0,0.0,0,3,40900,training
1754995319.439801,10635,10635,0.041622161865234375,354.875,0.08045578002929688,9.728K,0.025882720947265625,0,3,0,0,41.68359375,41.54296875,0,0,0,0.0,0,3,41000,training
1754995319.488472,10635,10635,0.041622161865234375,354.875,0.08045578002929688,9.728K,0.02559185028076172,0,3,0,0,41.68359375,41.54296875,0,0,0,0.0,0,3,41100,training
1754995319.536768,10635,10635,0.041622161865234375,354.875,0.08045578002929688,9.728K,0.025491714477539062,0,3,0,0,41.68359375,41.54296875,0,0,0,0.0,0,3,41200,training
1754995319.585749,10635,10635,0.041622161865234375,354.875,0.08045578002929688,9.728K,0.02517223358154297,0,3,0,0,41.68359375,41.54296875,0,0,0,0.0,0,3,41300,training
1754995319.634548,10635,10635,0.041622161865234375,354.875,0.08045578002929688,9.728K,0.025827884674072266,0,3,0,0,41.68359375,41.54296875,0,0,0,0.0,0,3,41400,training
1754995319.683222,10635,10635,0.041622161865234375,354.875,0.08045578002929688,9.728K,0.02532482147216797,0,3,0,0,41.68359375,41.54296875,0,0,0,0.0,0,3,41500,training
1754995319.731423,10635,10635,0.041622161865234375,354.875,0.08045578002929688,9.728K,0.025548934936523438,0,3,0,0,41.68359375,41.54296875,0,0,0,0.0,0,3,41600,training
1754995319.7797608,10635,10635,0.041622161865234375,354.875,0.08045578002929688,9.728K,0.025641918182373047,0,3,0,0,41.68359375,41.54296875,0,0,0,0.0,0,3,41700,training
1754995319.828576,10635,10635,0.041622161865234375,354.875,0.08045578002929688,9.728K,0.029163360595703125,0,3,0,0,41.68359375,41.54296875,0,0,0,0.0,0,3,41800,training
1754995319.8965702,10635,10635,0.041622161865234375,354.90625,0.08045578002929688,9.728K,0.026960372924804688,0,3,0,0,41.68359375,41.54296875,0,0,0,0.0,0,4,0,training
1754995319.945945,10635,10635,0.041622161865234375,354.90625,0.08045578002929688,9.728K,0.027446746826171875,0,3,0,0,41.68359375,41.54296875,0,0,0,0.0,0,4,100,training
1754995319.994747,10635,10635,0.041622161865234375,354.90625,0.08045578002929688,9.728K,0.029003620147705078,0,3,0,0,41.68359375,41.54296875,0,0,0,0.0,0,4,200,training
1754995320.044888,10635,10635,0.041622161865234375,354.90625,0.08045578002929688,9.728K,0.02914905548095703,0,3,0,0,41.68359375,41.54296875,0,0,0,0.0,0,4,300,training
1754995320.0985322,10635,10635,0.041622161865234375,354.90625,0.08045578002929688,9.728K,0.025892257690429688,0,3,0,0,41.68359375,41.54296875,0,0,0,0.0,0,4,400,training
1754995320.1472158,10635,10635,0.041622161865234375,354.90625,0.08045578002929688,9.728K,0.025458335876464844,0,3,0,0,41.68359375,41.54296875,0,0,0,0.0,0,4,500,training
1754995320.195359,10635,10635,0.041622161865234375,354.90625,0.08045578002929688,9.728K,0.02936840057373047,0,3,0,0,41.68359375,41.54296875,0,0,0,0.0,0,4,600,training
1754995320.243815,10635,10635,0.041622161865234375,354.90625,0.08045578002929688,9.728K,0.028579235076904297,0,3,0,0,41.68359375,41.54296875,0,0,0,0.0,0,4,700,training
1754995320.291968,10635,10635,0.041622161865234375,354.90625,0.08045578002929688,9.728K,0.025534629821777344,0,3,0,0,41.68359375,41.54296875,0,0,0,0.0,0,4,800,training
1754995320.340457,10635,10635,0.041622161865234375,354.90625,0.08045578002929688,9.728K,0.02593517303466797,0,3,0,0,41.68359375,41.54296875,0,0,0,0.0,0,4,900,training
1754995320.38924,10635,10635,0.041622161865234375,354.90625,0.08045578002929688,9.728K,0.02537250518798828,0,3,0,0,41.68359375,41.54296875,0,0,0,0.0,0,4,1000,training
1754995320.43788,10635,10635,0.041622161865234375,354.921875,0.08045578002929688,9.728K,0.025165081024169922,0,3,0,0,41.68359375,41.54296875,0,0,0,0.0,0,4,1100,training
1754995320.4863381,10635,10635,0.041622161865234375,354.921875,0.08045578002929688,9.728K,0.025424957275390625,0,3,0,0,41.68359375,41.54296875,0,0,0,0.0,0,4,1200,training
1754995320.535226,10635,10635,0.041622161865234375,354.921875,0.08045578002929688,9.728K,0.02538442611694336,0,3,0,0,41.68359375,41.54296875,0,0,0,0.0,0,4,1300,training
1754995320.584546,10635,10635,0.041622161865234375,354.921875,0.08045578002929688,9.728K,0.025458335876464844,0,3,0,0,41.68359375,41.54296875,0,0,0,0.0,0,4,1400,training
1754995320.633151,10635,10635,0.041622161865234375,354.921875,0.08045578002929688,9.728K,0.0252532958984375,0,3,0,0,41.68359375,41.54296875,0,0,0,0.0,0,4,1500,training
1754995320.681119,10635,10635,0.041622161865234375,354.921875,0.08045578002929688,9.728K,0.025491714477539062,0,3,0,0,41.68359375,41.54296875,0,0,0,0.0,0,4,1600,training
1754995320.729523,10635,10635,0.041622161865234375,354.921875,0.08045578002929688,9.728K,0.02723217010498047,0,3,0,0,41.68359375,41.54296875,0,0,0,0.0,0,4,1700,training
1754995320.78119,10635,10635,0.041622161865234375,354.921875,0.08045578002929688,9.728K,0.027539730072021484,0,3,0,0,41.68359375,41.54296875,0,0,0,0.0,0,4,1800,training
1754995320.831485,10635,10635,0.041622161865234375,354.921875,0.08045578002929688,9.728K,0.02571582794189453,0,3,0,0,41.68359375,41.54296875,0,0,0,0.0,0,4,1900,training
1754995320.879462,10635,10635,0.041622161865234375,354.921875,0.08045578002929688,9.728K,0.027015209197998047,0,3,0,0,41.68359375,41.54296875,0,0,0,0.0,0,4,2000,training
1754995320.9277382,10635,10635,0.041622161865234375,354.921875,0.08045578002929688,9.728K,0.028944015502929688,0,3,0,0,41.68359375,41.54296875,0,0,0,0.0,0,4,2100,training
1754995320.975786,10635,10635,0.041622161865234375,354.921875,0.08045578002929688,9.728K,0.02523660659790039,0,3,0,0,41.68359375,41.54296875,0,0,0,0.0,0,4,2200,training
1754995321.0244732,10635,10635,0.041622161865234375,354.921875,0.08045578002929688,9.728K,0.025217533111572266,0,3,0,0,41.68359375,41.54296875,0,0,0,0.0,0,4,2300,training
1754995321.077687,10635,10635,0.041622161865234375,354.921875,0.08045578002929688,9.728K,0.028955936431884766,0,3,0,0,41.68359375,41.54296875,0,0,0,0.0,0,4,2400,training
1754995321.126973,10635,10635,0.041622161865234375,354.921875,0.08045578002929688,9.728K,0.027756690979003906,0,3,0,0,41.68359375,41.54296875,0,0,0,0.0,0,4,2500,training
1754995321.175699,10635,10635,0.041622161865234375,354.921875,0.08045578002929688,9.728K,0.02547740936279297,0,3,0,0,41.68359375,41.54296875,0,0,0,0.0,0,4,2600,training
1754995321.224294,10635,10635,0.041622161865234375,354.921875,0.08045578002929688,9.728K,0.025582313537597656,0,3,0,0,41.68359375,41.54296875,0,0,0,0.0,0,4,2700,training
1754995321.2728572,10635,10635,0.041622161865234375,354.921875,0.08045578002929688,9.728K,0.02573251724243164,0,3,0,0,41.68359375,41.54296875,0,0,0,0.0,0,4,2800,training
1754995321.321561,10635,10635,0.041622161865234375,354.921875,0.08045578002929688,9.728K,0.0255584716796875,0,3,0,0,41.68359375,41.54296875,0,0,0,0.0,0,4,2900,training
1754995321.3702888,10635,10635,0.041622161865234375,354.921875,0.08045578002929688,9.728K,0.02532958984375,0,3,0,0,41.68359375,41.54296875,0,0,0,0.0,0,4,3000,training
1754995321.418785,10635,10635,0.041622161865234375,354.921875,0.08045578002929688,9.728K,0.025539398193359375,0,3,0,0,41.68359375,41.54296875,0,0,0,0.0,0,4,3100,training
1754995321.467516,10635,10635,0.041622161865234375,354.921875,0.08045578002929688,9.728K,0.025622844696044922,0,3,0,0,41.68359375,41.54296875,0,0,0,0.0,0,4,3200,training
1754995321.5158222,10635,10635,0.041622161865234375,354.9375,0.08045578002929688,9.728K,0.025534629821777344,0,3,0,0,41.68359375,41.54296875,0,0,0,0.0,0,4,3300,training
1754995321.564539,10635,10635,0.041622161865234375,354.9375,0.08045578002929688,9.728K,0.025556087493896484,0,3,0,0,41.68359375,41.54296875,0,0,0,0.0,0,4,3400,training
1754995321.612868,10635,10635,0.041622161865234375,354.9375,0.08045578002929688,9.728K,0.02601146697998047,0,3,0,0,41.68359375,41.54296875,0,0,0,0.0,0,4,3500,training
1754995321.661005,10635,10635,0.041622161865234375,354.9375,0.08045578002929688,9.728K,0.028662681579589844,0,3,0,0,41.68359375,41.54296875,0,0,0,0.0,0,4,3600,training
1754995321.709109,10635,10635,0.041622161865234375,354.9375,0.08045578002929688,9.728K,0.025179386138916016,0,3,0,0,41.68359375,41.54296875,0,0,0,0.0,0,4,3700,training
1754995321.757438,10635,10635,0.041622161865234375,354.96875,0.08045578002929688,9.728K,0.025908946990966797,0,3,0,0,41.68359375,41.54296875,0,0,0,0.0,0,4,3800,training
1754995321.8061051,10635,10635,0.041622161865234375,354.96875,0.08045578002929688,9.728K,0.025827884674072266,0,3,0,0,41.68359375,41.54296875,0,0,0,0.0,0,4,3900,training
1754995321.854594,10635,10635,0.041622161865234375,354.96875,0.08045578002929688,9.728K,0.02590179443359375,0,3,0,0,41.68359375,41.54296875,0,0,0,0.0,0,4,4000,training
1754995321.9032462,10635,10635,0.041622161865234375,354.96875,0.08045578002929688,9.728K,0.025496482849121094,0,3,0,0,41.68359375,41.54296875,0,0,0,0.0,0,4,4100,training
1754995321.952416,10635,10635,0.041622161865234375,354.96875,0.08045578002929688,9.728K,0.025303363800048828,0,3,0,0,41.68359375,41.54296875,0,0,0,0.0,0,4,4200,training
1754995322.000658,10635,10635,0.041622161865234375,354.96875,0.08045578002929688,9.728K,0.025403499603271484,0,3,0,0,41.68359375,41.54296875,0,0,0,0.0,0,4,4300,training
1754995322.051525,10635,10635,0.041622161865234375,354.96875,0.08045578002929688,9.728K,0.02529144287109375,0,3,0,0,41.68359375,41.54296875,0,0,0,0.0,0,4,4400,training
1754995322.1013582,10635,10635,0.041622161865234375,354.96875,0.08045578002929688,9.728K,0.02533435821533203,0,3,0,0,41.68359375,41.54296875,0,0,0,0.0,0,4,4500,training
1754995322.14992,10635,10635,0.041622161865234375,354.96875,0.08045578002929688,9.728K,0.025467872619628906,0,3,0,0,41.68359375,41.54296875,0,0,0,0.0,0,4,4600,training
1754995322.199981,10635,10635,0.041622161865234375,354.96875,0.08045578002929688,9.728K,0.02572774887084961,0,3,0,0,41.68359375,41.54296875,0,0,0,0.0,0,4,4700,training
1754995322.249519,10635,10635,0.041622161865234375,354.96875,0.08045578002929688,9.728K,0.025665760040283203,0,3,0,0,41.68359375,41.54296875,0,0,0,0.0,0,4,4800,training
1754995322.2977579,10635,10635,0.041622161865234375,354.96875,0.08045578002929688,9.728K,0.025489330291748047,0,3,0,0,41.68359375,41.54296875,0,0,0,0.0,0,4,4900,training
1754995322.34598,10635,10635,0.041622161865234375,354.96875,0.08045578002929688,9.728K,0.02548694610595703,0,3,0,0,41.68359375,41.54296875,0,0,0,0.0,0,4,5000,training
1754995322.3944042,10635,10635,0.041622161865234375,354.96875,0.08045578002929688,9.728K,0.029296875,0,3,0,0,41.68359375,41.54296875,0,0,0,0.0,0,4,5100,training
1754995322.442128,10635,10635,0.041622161865234375,354.96875,0.08045578002929688,9.728K,0.025768280029296875,0,3,0,0,41.68359375,41.54296875,0,0,0,0.0,0,4,5200,training
1754995322.490149,10635,10635,0.041622161865234375,354.96875,0.08045578002929688,9.728K,0.02570629119873047,0,3,0,0,41.68359375,41.54296875,0,0,0,0.0,0,4,5300,training
1754995322.539,10635,10635,0.041622161865234375,354.984375,0.08045578002929688,9.728K,0.02565145492553711,0,3,0,0,41.68359375,41.54296875,0,0,0,0.0,0,4,5400,training
1754995322.587803,10635,10635,0.041622161865234375,354.984375,0.08045578002929688,9.728K,0.025491714477539062,0,3,0,0,41.68359375,41.54296875,0,0,0,0.0,0,4,5500,training
1754995322.636405,10635,10635,0.041622161865234375,354.984375,0.08045578002929688,9.728K,0.025470256805419922,0,3,0,0,41.68359375,41.54296875,0,0,0,0.0,0,4,5600,training
1754995322.684811,10635,10635,0.041622161865234375,355.015625,0.08045578002929688,9.728K,0.025277137756347656,0,3,0,0,41.68359375,41.54296875,0,0,0,0.0,0,4,5700,training
1754995322.7334552,10635,10635,0.041622161865234375,355.015625,0.08045578002929688,9.728K,0.02572774887084961,0,3,0,0,41.68359375,41.54296875,0,0,0,0.0,0,4,5800,training
1754995322.783401,10635,10635,0.041622161865234375,355.015625,0.08045578002929688,9.728K,0.02547740936279297,0,3,0,0,41.68359375,41.54296875,0,0,0,0.0,0,4,5900,training
1754995322.832281,10635,10635,0.041622161865234375,355.015625,0.08045578002929688,9.728K,0.025577545166015625,0,3,0,0,41.68359375,41.54296875,0,0,0,0.0,0,4,6000,training
1754995322.880445,10635,10635,0.041622161865234375,355.015625,0.08045578002929688,9.728K,0.02551555633544922,0,3,0,0,41.68359375,41.54296875,0,0,0,0.0,0,4,6100,training
1754995322.928756,10635,10635,0.041622161865234375,355.015625,0.08045578002929688,9.728K,0.028967857360839844,0,3,0,0,41.68359375,41.54296875,0,0,0,0.0,0,4,6200,training
1754995322.977667,10635,10635,0.041622161865234375,355.015625,0.08045578002929688,9.728K,0.029287338256835938,0,3,0,0,41.68359375,41.54296875,0,0,0,0.0,0,4,6300,training
1754995323.026237,10635,10635,0.041622161865234375,355.015625,0.08045578002929688,9.728K,0.02716064453125,0,3,0,0,41.68359375,41.54296875,0,0,0,0.0,0,4,6400,training
1754995323.074572,10635,10635,0.041622161865234375,355.015625,0.08045578002929688,9.728K,0.025377273559570312,0,3,0,0,41.68359375,41.54296875,0,0,0,0.0,0,4,6500,training
1754995323.1235971,10635,10635,0.041622161865234375,355.015625,0.08045578002929688,9.728K,0.025513172149658203,0,3,0,0,41.68359375,41.54296875,0,0,0,0.0,0,4,6600,training
1754995323.172265,10635,10635,0.041622161865234375,355.015625,0.08045578002929688,9.728K,0.025908946990966797,0,3,0,0,41.68359375,41.54296875,0,0,0,0.0,0,4,6700,training
1754995323.2207391,10635,10635,0.041622161865234375,355.015625,0.08045578002929688,9.728K,0.02518177032470703,0,3,0,0,41.68359375,41.54296875,0,0,0,0.0,0,4,6800,training
1754995323.269056,10635,10635,0.041622161865234375,355.046875,0.08045578002929688,9.728K,0.025463104248046875,0,3,0,0,41.68359375,41.54296875,0,0,0,0.0,0,4,6900,training
1754995323.3172748,10635,10635,0.041622161865234375,355.046875,0.08045578002929688,9.728K,0.025556087493896484,0,3,0,0,41.68359375,41.54296875,0,0,0,0.0,0,4,7000,training
1754995323.365529,10635,10635,0.041622161865234375,355.046875,0.08045578002929688,9.728K,0.02559185028076172,0,3,0,0,41.68359375,41.54296875,0,0,0,0.0,0,4,7100,training
1754995323.4133482,10635,10635,0.041622161865234375,355.046875,0.08045578002929688,9.728K,0.025851726531982422,0,3,0,0,41.68359375,41.54296875,0,0,0,0.0,0,4,7200,training
1754995323.4620008,10635,10635,0.041622161865234375,355.046875,0.08045578002929688,9.728K,0.025801658630371094,0,3,0,0,41.68359375,41.54296875,0,0,0,0.0,0,4,7300,training
1754995323.510854,10635,10635,0.041622161865234375,355.046875,0.08045578002929688,9.728K,0.02862691879272461,0,3,0,0,41.68359375,41.54296875,0,0,0,0.0,0,4,7400,training
1754995323.559432,10635,10635,0.041622161865234375,355.046875,0.08045578002929688,9.728K,0.02601146697998047,0,3,0,0,41.68359375,41.54296875,0,0,0,0.0,0,4,7500,training
1754995323.607626,10635,10635,0.041622161865234375,355.078125,0.08045578002929688,9.728K,0.025200843811035156,0,3,0,0,41.68359375,41.54296875,0,0,0,0.0,0,4,7600,training
1754995323.656624,10635,10635,0.041622161865234375,355.078125,0.08045578002929688,9.728K,0.02586841583251953,0,3,0,0,41.68359375,41.54296875,0,0,0,0.0,0,4,7700,training
1754995323.7051032,10635,10635,0.041622161865234375,355.078125,0.08045578002929688,9.728K,0.02565622329711914,0,3,0,0,41.68359375,41.54296875,0,0,0,0.0,0,4,7800,training
1754995323.75345,10635,10635,0.041622161865234375,355.109375,0.08045578002929688,9.728K,0.02549886703491211,0,3,0,0,41.68359375,41.54296875,0,0,0,0.0,0,4,7900,training
1754995323.8019671,10635,10635,0.041622161865234375,355.109375,0.08045578002929688,9.728K,0.025658607482910156,0,3,0,0,41.68359375,41.54296875,0,0,0,0.0,0,4,8000,training
1754995323.850504,10635,10635,0.041622161865234375,355.109375,0.08045578002929688,9.728K,0.02568960189819336,0,3,0,0,41.68359375,41.54296875,0,0,0,0.0,0,4,8100,training
1754995323.898939,10635,10635,0.041622161865234375,355.109375,0.08045578002929688,9.728K,0.025854110717773438,0,3,0,0,41.68359375,41.54296875,0,0,0,0.0,0,4,8200,training
1754995323.947835,10635,10635,0.041622161865234375,355.109375,0.08045578002929688,9.728K,0.027415752410888672,0,3,0,0,41.68359375,41.54296875,0,0,0,0.0,0,4,8300,training
1754995323.996573,10635,10635,0.041622161865234375,355.109375,0.08045578002929688,9.728K,0.02552032470703125,0,3,0,0,41.68359375,41.54296875,0,0,0,0.0,0,4,8400,training
1754995324.0448189,10635,10635,0.041622161865234375,355.109375,0.08045578002929688,9.728K,0.02880573272705078,0,3,0,0,41.68359375,41.54296875,0,0,0,0.0,0,4,8500,training
1754995324.093625,10635,10635,0.041622161865234375,355.109375,0.08045578002929688,9.728K,0.028102397918701172,0,3,0,0,41.68359375,41.54296875,0,0,0,0.0,0,4,8600,training
1754995324.1415339,10635,10635,0.041622161865234375,355.109375,0.08045578002929688,9.728K,0.02515554428100586,0,3,0,0,41.68359375,41.54296875,0,0,0,0.0,0,4,8700,training
1754995324.1907032,10635,10635,0.041622161865234375,355.109375,0.08045578002929688,9.728K,0.025393962860107422,0,3,0,0,41.68359375,41.54296875,0,0,0,0.0,0,4,8800,training
1754995324.239454,10635,10635,0.041622161865234375,355.109375,0.08045578002929688,9.728K,0.02565145492553711,0,3,0,0,41.68359375,41.54296875,0,0,0,0.0,0,4,8900,training
1754995324.287921,10635,10635,0.041622161865234375,355.109375,0.08045578002929688,9.728K,0.025429725646972656,0,3,0,0,41.68359375,41.54296875,0,0,0,0.0,0,4,9000,training
1754995324.335762,10635,10635,0.041622161865234375,355.109375,0.08045578002929688,9.728K,0.025701522827148438,0,3,0,0,41.68359375,41.54296875,0,0,0,0.0,0,4,9100,training
1754995324.3844118,10635,10635,0.041622161865234375,355.109375,0.08045578002929688,9.728K,0.025827884674072266,0,3,0,0,41.68359375,41.54296875,0,0,0,0.0,0,4,9200,training
1754995324.4327931,10635,10635,0.041622161865234375,355.109375,0.08045578002929688,9.728K,0.025594234466552734,0,3,0,0,41.68359375,41.54296875,0,0,0,0.0,0,4,9300,training
1754995324.480934,10635,10635,0.041622161865234375,355.109375,0.08045578002929688,9.728K,0.02599477767944336,0,3,0,0,41.68359375,41.54296875,0,0,0,0.0,0,4,9400,training
1754995324.529603,10635,10635,0.041622161865234375,355.109375,0.08045578002929688,9.728K,0.025632381439208984,0,3,0,0,41.68359375,41.54296875,0,0,0,0.0,0,4,9500,training
1754995324.578229,10635,10635,0.041622161865234375,355.109375,0.08045578002929688,9.728K,0.029380321502685547,0,3,0,0,41.68359375,41.54296875,0,0,0,0.0,0,4,9600,training
1754995324.627409,10635,10635,0.041622161865234375,355.109375,0.08045578002929688,9.728K,0.029144287109375,0,3,0,0,41.68359375,41.54296875,0,0,0,0.0,0,4,9700,training
1754995324.675759,10635,10635,0.041622161865234375,355.109375,0.08045578002929688,9.728K,0.025370121002197266,0,3,0,0,41.68359375,41.54296875,0,0,0,0.0,0,4,9800,training
1754995324.72403,10635,10635,0.041622161865234375,355.109375,0.08045578002929688,9.728K,0.025277137756347656,0,3,0,0,41.68359375,41.54296875,0,0,0,0.0,0,4,9900,training
1754995324.7724679,10635,10635,0.041622161865234375,355.109375,0.08045578002929688,9.728K,0.025959014892578125,0,3,0,0,41.68359375,41.54296875,0,0,0,0.0,0,4,10000,training
1754995324.8211808,10635,10635,0.041622161865234375,355.109375,0.08045578002929688,9.728K,0.02552509307861328,0,3,0,0,41.68359375,41.54296875,0,0,0,0.0,0,4,10100,training
1754995324.8694808,10635,10635,0.041622161865234375,355.125,0.08045578002929688,9.728K,0.025479793548583984,0,3,0,0,41.68359375,41.54296875,0,0,0,0.0,0,4,10200,training
1754995324.917301,10635,10635,0.041622161865234375,355.125,0.08045578002929688,9.728K,0.025658607482910156,0,3,0,0,41.68359375,41.54296875,0,0,0,0.0,0,4,10300,training
1754995324.966248,10635,10635,0.041622161865234375,355.125,0.08045578002929688,9.728K,0.02589702606201172,0,3,0,0,41.68359375,41.54296875,0,0,0,0.0,0,4,10400,training
1754995325.014812,10635,10635,0.041622161865234375,355.125,0.08045578002929688,9.728K,0.02561807632446289,0,3,0,0,41.68359375,41.54296875,0,0,0,0.0,0,4,10500,training
1754995325.062913,10635,10635,0.041622161865234375,355.125,0.08045578002929688,9.728K,0.025279521942138672,0,3,0,0,41.68359375,41.54296875,0,0,0,0.0,0,4,10600,training
1754995325.111233,10635,10635,0.041622161865234375,355.125,0.08045578002929688,9.728K,0.028295516967773438,0,3,0,0,41.68359375,41.54296875,0,0,0,0.0,0,4,10700,training
1754995325.1601028,10635,10635,0.041622161865234375,355.125,0.08045578002929688,9.728K,0.028116703033447266,0,3,0,0,41.68359375,41.54296875,0,0,0,0.0,0,4,10800,training
1754995325.208809,10635,10635,0.041622161865234375,355.125,0.08045578002929688,9.728K,0.025455951690673828,0,3,0,0,41.68359375,41.54296875,0,0,0,0.0,0,4,10900,training
1754995325.257528,10635,10635,0.041622161865234375,355.125,0.08045578002929688,9.728K,0.025539398193359375,0,3,0,0,41.68359375,41.54296875,0,0,0,0.0,0,4,11000,training
1754995325.3062038,10635,10635,0.041622161865234375,355.125,0.08045578002929688,9.728K,0.025641918182373047,0,3,0,0,41.68359375,41.54296875,0,0,0,0.0,0,4,11100,training
1754995325.354789,10635,10635,0.041622161865234375,355.125,0.08045578002929688,9.728K,0.025811195373535156,0,3,0,0,41.68359375,41.54296875,0,0,0,0.0,0,4,11200,training
1754995325.4034402,10635,10635,0.041622161865234375,355.125,0.08045578002929688,9.728K,0.02552032470703125,0,3,0,0,41.68359375,41.54296875,0,0,0,0.0,0,4,11300,training
1754995325.451197,10635,10635,0.041622161865234375,355.125,0.08045578002929688,9.728K,0.025315284729003906,0,3,0,0,41.68359375,41.54296875,0,0,0,0.0,0,4,11400,training
1754995325.499501,10635,10635,0.041622161865234375,355.125,0.08045578002929688,9.728K,0.025494098663330078,0,3,0,0,41.68359375,41.54296875,0,0,0,0.0,0,4,11500,training
1754995325.548139,10635,10635,0.041622161865234375,355.125,0.08045578002929688,9.728K,0.025777816772460938,0,3,0,0,41.68359375,41.54296875,0,0,0,0.0,0,4,11600,training
1754995325.5962849,10635,10635,0.041622161865234375,355.125,0.08045578002929688,9.728K,0.025832653045654297,0,3,0,0,41.68359375,41.54296875,0,0,0,0.0,0,4,11700,training
1754995325.645399,10635,10635,0.041622161865234375,355.125,0.08045578002929688,9.728K,0.025990009307861328,0,3,0,0,41.68359375,41.54296875,0,0,0,0.0,0,4,11800,training
1754995325.694444,10635,10635,0.041622161865234375,355.125,0.08045578002929688,9.728K,0.028858184814453125,0,3,0,0,41.68359375,41.54296875,0,0,0,0.0,0,4,11900,training
1754995325.742868,10635,10635,0.041622161865234375,355.125,0.08045578002929688,9.728K,0.02656698226928711,0,3,0,0,41.68359375,41.54296875,0,0,0,0.0,0,4,12000,training
1754995325.795309,10635,10635,0.041622161865234375,355.125,0.08045578002929688,9.728K,0.03476142883300781,0,3,0,0,41.68359375,41.54296875,0,0,0,0.0,0,4,12100,training
1754995325.845262,10635,10635,0.041622161865234375,355.125,0.08045578002929688,9.728K,0.02579212188720703,0,3,0,0,41.68359375,41.54296875,0,0,0,0.0,0,4,12200,training
1754995325.893891,10635,10635,0.041622161865234375,355.125,0.08045578002929688,9.728K,0.028655529022216797,0,3,0,0,41.68359375,41.54296875,0,0,0,0.0,0,4,12300,training
1754995325.942432,10635,10635,0.041622161865234375,355.125,0.08045578002929688,9.728K,0.02531290054321289,0,3,0,0,41.68359375,41.54296875,0,0,0,0.0,0,4,12400,training
1754995325.991363,10635,10635,0.041622161865234375,355.125,0.08045578002929688,9.728K,0.025162696838378906,0,3,0,0,41.68359375,41.54296875,0,0,0,0.0,0,4,12500,training
1754995326.039808,10635,10635,0.041622161865234375,355.125,0.08045578002929688,9.728K,0.02584218978881836,0,3,0,0,41.68359375,41.54296875,0,0,0,0.0,0,4,12600,training
1754995326.08797,10635,10635,0.041622161865234375,355.125,0.08045578002929688,9.728K,0.025441646575927734,0,3,0,0,41.68359375,41.54296875,0,0,0,0.0,0,4,12700,training
1754995326.1368651,10635,10635,0.041622161865234375,355.125,0.08045578002929688,9.728K,0.025479793548583984,0,3,0,0,41.68359375,41.54296875,0,0,0,0.0,0,4,12800,training
1754995326.185157,10635,10635,0.041622161865234375,355.125,0.08045578002929688,9.728K,0.02547740936279297,0,3,0,0,41.68359375,41.54296875,0,0,0,0.0,0,4,12900,training
1754995326.233925,10635,10635,0.041622161865234375,355.125,0.08045578002929688,9.728K,0.025568008422851562,0,3,0,0,41.68359375,41.54296875,0,0,0,0.0,0,4,13000,training
1754995326.281876,10635,10635,0.041622161865234375,355.125,0.08045578002929688,9.728K,0.025980472564697266,0,3,0,0,41.68359375,41.54296875,0,0,0,0.0,0,4,13100,training
1754995326.330156,10635,10635,0.041622161865234375,355.125,0.08045578002929688,9.728K,0.025641918182373047,0,3,0,0,41.68359375,41.54296875,0,0,0,0.0,0,4,13200,training
1754995326.378707,10635,10635,0.041622161865234375,355.125,0.08045578002929688,9.728K,0.029513835906982422,0,3,0,0,41.68359375,41.54296875,0,0,0,0.0,0,4,13300,training
1754995326.427687,10635,10635,0.041622161865234375,355.125,0.08045578002929688,9.728K,0.02901315689086914,0,3,0,0,41.68359375,41.54296875,0,0,0,0.0,0,4,13400,training
1754995326.476943,10635,10635,0.041622161865234375,355.125,0.08045578002929688,9.728K,0.028269290924072266,0,3,0,0,41.68359375,41.54296875,0,0,0,0.0,0,4,13500,training
1754995326.5257049,10635,10635,0.041622161865234375,355.125,0.08045578002929688,9.728K,0.026624202728271484,0,3,0,0,41.68359375,41.54296875,0,0,0,0.0,0,4,13600,training
1754995326.5739598,10635,10635,0.041622161865234375,355.125,0.08045578002929688,9.728K,0.025544166564941406,0,3,0,0,41.68359375,41.54296875,0,0,0,0.0,0,4,13700,training
1754995326.622377,10635,10635,0.041622161865234375,355.125,0.08045578002929688,9.728K,0.025584697723388672,0,3,0,0,41.68359375,41.54296875,0,0,0,0.0,0,4,13800,training
1754995326.67135,10635,10635,0.041622161865234375,355.125,0.08045578002929688,9.728K,0.02576589584350586,0,3,0,0,41.68359375,41.54296875,0,0,0,0.0,0,4,13900,training
1754995326.7198741,10635,10635,0.041622161865234375,355.125,0.08045578002929688,9.728K,0.025157928466796875,0,3,0,0,41.68359375,41.54296875,0,0,0,0.0,0,4,14000,training
1754995326.767827,10635,10635,0.041622161865234375,355.125,0.08045578002929688,9.728K,0.02571582794189453,0,3,0,0,41.68359375,41.54296875,0,0,0,0.0,0,4,14100,training
1754995326.816639,10635,10635,0.041622161865234375,355.125,0.08045578002929688,9.728K,0.025796890258789062,0,3,0,0,41.68359375,41.54296875,0,0,0,0.0,0,4,14200,training
1754995326.864893,10635,10635,0.041622161865234375,355.125,0.08045578002929688,9.728K,0.02557516098022461,0,3,0,0,41.68359375,41.54296875,0,0,0,0.0,0,4,14300,training
1754995326.912833,10635,10635,0.041622161865234375,355.125,0.08045578002929688,9.728K,0.02565622329711914,0,3,0,0,41.68359375,41.54296875,0,0,0,0.0,0,4,14400,training
1754995326.961591,10635,10635,0.041622161865234375,355.125,0.08045578002929688,9.728K,0.02929210662841797,0,3,0,0,41.68359375,41.54296875,0,0,0,0.0,0,4,14500,training
1754995327.010339,10635,10635,0.041622161865234375,355.125,0.08045578002929688,9.728K,0.028727054595947266,0,3,0,0,41.68359375,41.54296875,0,0,0,0.0,0,4,14600,training
1754995327.058914,10635,10635,0.041622161865234375,355.125,0.08045578002929688,9.728K,0.025196075439453125,0,3,0,0,41.68359375,41.54296875,0,0,0,0.0,0,4,14700,training
1754995327.107444,10635,10635,0.041622161865234375,355.125,0.08045578002929688,9.728K,0.025577545166015625,0,3,0,0,41.68359375,41.54296875,0,0,0,0.0,0,4,14800,training
1754995327.15593,10635,10635,0.041622161865234375,355.125,0.08045578002929688,9.728K,0.025489330291748047,0,3,0,0,41.68359375,41.54296875,0,0,0,0.0,0,4,14900,training
1754995327.2046158,10635,10635,0.041622161865234375,355.125,0.08045578002929688,9.728K,0.025811195373535156,0,3,0,0,41.68359375,41.54296875,0,0,0,0.0,0,4,15000,training
1754995327.252914,10635,10635,0.041622161865234375,355.171875,0.08045578002929688,9.728K,0.025420188903808594,0,3,0,0,41.68359375,41.54296875,0,0,0,0.0,0,4,15100,training
1754995327.301478,10635,10635,0.041622161865234375,355.171875,0.08045578002929688,9.728K,0.02557992935180664,0,3,0,0,41.68359375,41.54296875,0,0,0,0.0,0,4,15200,training
1754995327.350466,10635,10635,0.041622161865234375,355.203125,0.08045578002929688,9.728K,0.025777816772460938,0,3,0,0,41.68359375,41.54296875,0,0,0,0.0,0,4,15300,training
1754995327.399462,10635,10635,0.041622161865234375,355.203125,0.08045578002929688,9.728K,0.025539398193359375,0,3,0,0,41.68359375,41.54296875,0,0,0,0.0,0,4,15400,training
1754995327.44733,10635,10635,0.041622161865234375,355.203125,0.08045578002929688,9.728K,0.025556087493896484,0,3,0,0,41.68359375,41.54296875,0,0,0,0.0,0,4,15500,training
1754995327.495598,10635,10635,0.041622161865234375,355.203125,0.08045578002929688,9.728K,0.027697086334228516,0,3,0,0,41.68359375,41.54296875,0,0,0,0.0,0,4,15600,training
1754995327.543808,10635,10635,0.041622161865234375,355.203125,0.08045578002929688,9.728K,0.02821207046508789,0,3,0,0,41.68359375,41.54296875,0,0,0,0.0,0,4,15700,training
1754995327.5921621,10635,10635,0.041622161865234375,355.203125,0.08045578002929688,9.728K,0.025320053100585938,0,3,0,0,41.68359375,41.54296875,0,0,0,0.0,0,4,15800,training
1754995327.640959,10635,10635,0.041622161865234375,355.203125,0.08045578002929688,9.728K,0.025475025177001953,0,3,0,0,41.68359375,41.54296875,0,0,0,0.0,0,4,15900,training
1754995327.690324,10635,10635,0.041622161865234375,355.203125,0.08045578002929688,9.728K,0.025353431701660156,0,3,0,0,41.68359375,41.54296875,0,0,0,0.0,0,4,16000,training
1754995327.7387679,10635,10635,0.041622161865234375,355.203125,0.08045578002929688,9.728K,0.02565622329711914,0,3,0,0,41.68359375,41.54296875,0,0,0,0.0,0,4,16100,training
1754995327.7867799,10635,10635,0.041622161865234375,355.203125,0.08045578002929688,9.728K,0.025408267974853516,0,3,0,0,41.68359375,41.54296875,0,0,0,0.0,0,4,16200,training
1754995327.835362,10635,10635,0.041622161865234375,355.203125,0.08045578002929688,9.728K,0.025584697723388672,0,3,0,0,41.68359375,41.54296875,0,0,0,0.0,0,4,16300,training
1754995327.884493,10635,10635,0.041622161865234375,355.234375,0.08045578002929688,9.728K,0.025386810302734375,0,3,0,0,41.68359375,41.54296875,0,0,0,0.0,0,4,16400,training
1754995327.9328132,10635,10635,0.041622161865234375,355.265625,0.08045578002929688,9.728K,0.025434494018554688,0,3,0,0,41.68359375,41.54296875,0,0,0,0.0,0,4,16500,training
1754995327.982048,10635,10635,0.041622161865234375,355.265625,0.08045578002929688,9.728K,0.025827884674072266,0,3,0,0,41.68359375,41.54296875,0,0,0,0.0,0,4,16600,training
1754995328.030467,10635,10635,0.041622161865234375,355.265625,0.08045578002929688,9.728K,0.025854110717773438,0,3,0,0,41.68359375,41.54296875,0,0,0,0.0,0,4,16700,training
1754995328.078198,10635,10635,0.041622161865234375,355.265625,0.08045578002929688,9.728K,0.028700828552246094,0,3,0,0,41.68359375,41.54296875,0,0,0,0.0,0,4,16800,training
1754995328.1268811,10635,10635,0.041622161865234375,355.265625,0.08045578002929688,9.728K,0.028676986694335938,0,3,0,0,41.68359375,41.54296875,0,0,0,0.0,0,4,16900,training
1754995328.175157,10635,10635,0.041622161865234375,355.265625,0.08045578002929688,9.728K,0.025377273559570312,0,3,0,0,41.68359375,41.54296875,0,0,0,0.0,0,4,17000,training
1754995328.223642,10635,10635,0.041622161865234375,355.265625,0.08045578002929688,9.728K,0.02560138702392578,0,3,0,0,41.68359375,41.54296875,0,0,0,0.0,0,4,17100,training
1754995328.2718,10635,10635,0.041622161865234375,355.265625,0.08045578002929688,9.728K,0.025620460510253906,0,3,0,0,41.68359375,41.54296875,0,0,0,0.0,0,4,17200,training
1754995328.3206,10635,10635,0.041622161865234375,355.265625,0.08045578002929688,9.728K,0.025644302368164062,0,3,0,0,41.68359375,41.54296875,0,0,0,0.0,0,4,17300,training
1754995328.369239,10635,10635,0.041622161865234375,355.265625,0.08045578002929688,9.728K,0.025093555450439453,0,3,0,0,41.68359375,41.54296875,0,0,0,0.0,0,4,17400,training
1754995328.418015,10635,10635,0.041622161865234375,355.265625,0.08045578002929688,9.728K,0.025649070739746094,0,3,0,0,41.68359375,41.54296875,0,0,0,0.0,0,4,17500,training
1754995328.466329,10635,10635,0.041622161865234375,355.265625,0.08045578002929688,9.728K,0.025148391723632812,0,3,0,0,41.68359375,41.54296875,0,0,0,0.0,0,4,17600,training
1754995328.514963,10635,10635,0.041622161865234375,355.265625,0.08045578002929688,9.728K,0.025599002838134766,0,3,0,0,41.68359375,41.54296875,0,0,0,0.0,0,4,17700,training
1754995328.563217,10635,10635,0.041622161865234375,355.265625,0.08045578002929688,9.728K,0.025680065155029297,0,3,0,0,41.68359375,41.54296875,0,0,0,0.0,0,4,17800,training
1754995328.611635,10635,10635,0.041622161865234375,355.265625,0.08045578002929688,9.728K,0.028622150421142578,0,3,0,0,41.68359375,41.54296875,0,0,0,0.0,0,4,17900,training
1754995328.6605492,10635,10635,0.041622161865234375,355.265625,0.08045578002929688,9.728K,0.028252601623535156,0,3,0,0,41.68359375,41.54296875,0,0,0,0.0,0,4,18000,training
1754995328.709543,10635,10635,0.041622161865234375,355.265625,0.08045578002929688,9.728K,0.027019977569580078,0,3,0,0,41.68359375,41.54296875,0,0,0,0.0,0,4,18100,training
1754995328.757917,10635,10635,0.041622161865234375,355.265625,0.08045578002929688,9.728K,0.02540111541748047,0,3,0,0,41.68359375,41.54296875,0,0,0,0.0,0,4,18200,training
1754995328.806495,10635,10635,0.041622161865234375,355.265625,0.08045578002929688,9.728K,0.025873184204101562,0,3,0,0,41.68359375,41.54296875,0,0,0,0.0,0,4,18300,training
1754995328.855233,10635,10635,0.041622161865234375,355.265625,0.08045578002929688,9.728K,0.025761127471923828,0,3,0,0,41.68359375,41.54296875,0,0,0,0.0,0,4,18400,training
1754995328.9032772,10635,10635,0.041622161865234375,355.265625,0.08045578002929688,9.728K,0.025472640991210938,0,3,0,0,41.68359375,41.54296875,0,0,0,0.0,0,4,18500,training
1754995328.951661,10635,10635,0.041622161865234375,355.265625,0.08045578002929688,9.728K,0.025470256805419922,0,3,0,0,41.68359375,41.54296875,0,0,0,0.0,0,4,18600,training
1754995329.0005918,10635,10635,0.041622161865234375,355.265625,0.08045578002929688,9.728K,0.025620460510253906,0,3,0,0,41.68359375,41.54296875,0,0,0,0.0,0,4,18700,training
1754995329.048874,10635,10635,0.041622161865234375,355.296875,0.08045578002929688,9.728K,0.025758743286132812,0,3,0,0,41.68359375,41.54296875,0,0,0,0.0,0,4,18800,training
1754995329.0977762,10635,10635,0.041622161865234375,355.296875,0.08045578002929688,9.728K,0.025513172149658203,0,3,0,0,41.68359375,41.54296875,0,0,0,0.0,0,4,18900,training
1754995329.145733,10635,10635,0.041622161865234375,355.296875,0.08045578002929688,9.728K,0.025615692138671875,0,3,0,0,41.68359375,41.54296875,0,0,0,0.0,0,4,19000,training
1754995329.193983,10635,10635,0.041622161865234375,355.296875,0.08045578002929688,9.728K,0.029141902923583984,0,3,0,0,41.68359375,41.54296875,0,0,0,0.0,0,4,19100,training
1754995329.242023,10635,10635,0.041622161865234375,355.296875,0.08045578002929688,9.728K,0.025565624237060547,0,3,0,0,41.68359375,41.54296875,0,0,0,0.0,0,4,19200,training
1754995329.290208,10635,10635,0.041622161865234375,355.3125,0.08045578002929688,9.728K,0.025320053100585938,0,3,0,0,41.68359375,41.54296875,0,0,0,0.0,0,4,19300,training
1754995329.3389719,10635,10635,0.041622161865234375,355.328125,0.08045578002929688,9.728K,0.025615692138671875,0,3,0,0,41.68359375,41.54296875,0,0,0,0.0,0,4,19400,training
1754995329.387305,10635,10635,0.041622161865234375,355.328125,0.08045578002929688,9.728K,0.025341510772705078,0,3,0,0,41.68359375,41.54296875,0,0,0,0.0,0,4,19500,training
1754995329.435542,10635,10635,0.041622161865234375,355.328125,0.08045578002929688,9.728K,0.025391578674316406,0,3,0,0,41.68359375,41.54296875,0,0,0,0.0,0,4,19600,training
1754995329.483548,10635,10635,0.041622161865234375,355.328125,0.08045578002929688,9.728K,0.02527475357055664,0,3,0,0,41.68359375,41.54296875,0,0,0,0.0,0,4,19700,training
1754995329.532167,10635,10635,0.041622161865234375,355.328125,0.08045578002929688,9.728K,0.025398731231689453,0,3,0,0,41.68359375,41.54296875,0,0,0,0.0,0,4,19800,training
1754995329.5801952,10635,10635,0.041622161865234375,355.328125,0.08045578002929688,9.728K,0.025365352630615234,0,3,0,0,41.68359375,41.54296875,0,0,0,0.0,0,4,19900,training
1754995329.628605,10635,10635,0.041622161865234375,355.328125,0.08045578002929688,9.728K,0.028362274169921875,0,3,0,0,41.68359375,41.54296875,0,0,0,0.0,0,4,20000,training
1754995329.677195,10635,10635,0.041622161865234375,355.328125,0.08045578002929688,9.728K,0.02841949462890625,0,3,0,0,41.68359375,41.54296875,0,0,0,0.0,0,4,20100,training
1754995329.726468,10635,10635,0.041622161865234375,355.328125,0.08045578002929688,9.728K,0.027604103088378906,0,3,0,0,41.68359375,41.54296875,0,0,0,0.0,0,4,20200,training
1754995329.775028,10635,10635,0.041622161865234375,355.328125,0.08045578002929688,9.728K,0.025417804718017578,0,3,0,0,41.68359375,41.54296875,0,0,0,0.0,0,4,20300,training
1754995329.8241642,10635,10635,0.041622161865234375,355.359375,0.08045578002929688,9.728K,0.025012493133544922,0,3,0,0,41.68359375,41.54296875,0,0,0,0.0,0,4,20400,training
1754995329.8726468,10635,10635,0.041622161865234375,355.359375,0.08045578002929688,9.728K,0.025701522827148438,0,3,0,0,41.68359375,41.54296875,0,0,0,0.0,0,4,20500,training
1754995329.921464,10635,10635,0.041622161865234375,355.359375,0.08045578002929688,9.728K,0.025608539581298828,0,3,0,0,41.68359375,41.54296875,0,0,0,0.0,0,4,20600,training
1754995329.9701152,10635,10635,0.041622161865234375,355.359375,0.08045578002929688,9.728K,0.025589466094970703,0,3,0,0,41.68359375,41.54296875,0,0,0,0.0,0,4,20700,training
1754995330.019142,10635,10635,0.041622161865234375,355.359375,0.08045578002929688,9.728K,0.025548934936523438,0,3,0,0,41.68359375,41.54296875,0,0,0,0.0,0,4,20800,training
1754995330.067619,10635,10635,0.041622161865234375,355.359375,0.08045578002929688,9.728K,0.025582313537597656,0,3,0,0,41.68359375,41.54296875,0,0,0,0.0,0,4,20900,training
1754995330.115923,10635,10635,0.041622161865234375,355.359375,0.08045578002929688,9.728K,0.025730133056640625,0,3,0,0,41.68359375,41.54296875,0,0,0,0.0,0,4,21000,training
1754995330.164248,10635,10635,0.041622161865234375,355.359375,0.08045578002929688,9.728K,0.02574443817138672,0,3,0,0,41.68359375,41.54296875,0,0,0,0.0,0,4,21100,training
1754995330.2124958,10635,10635,0.041622161865234375,355.359375,0.08045578002929688,9.728K,0.026042461395263672,0,3,0,0,41.68359375,41.54296875,0,0,0,0.0,0,4,21200,training
1754995330.260963,10635,10635,0.041622161865234375,355.359375,0.08045578002929688,9.728K,0.02924203872680664,0,3,0,0,41.68359375,41.54296875,0,0,0,0.0,0,4,21300,training
1754995330.3090482,10635,10635,0.041622161865234375,355.359375,0.08045578002929688,9.728K,0.02596139907836914,0,3,0,0,41.68359375,41.54296875,0,0,0,0.0,0,4,21400,training
1754995330.3575768,10635,10635,0.041622161865234375,355.359375,0.08045578002929688,9.728K,0.025260448455810547,0,3,0,0,41.68359375,41.54296875,0,0,0,0.0,0,4,21500,training
1754995330.406525,10635,10635,0.041622161865234375,355.359375,0.08045578002929688,9.728K,0.025420188903808594,0,3,0,0,41.68359375,41.54296875,0,0,0,0.0,0,4,21600,training
1754995330.4547,10635,10635,0.041622161865234375,355.359375,0.08045578002929688,9.728K,0.025506019592285156,0,3,0,0,41.68359375,41.54296875,0,0,0,0.0,0,4,21700,training
1754995330.502541,10635,10635,0.041622161865234375,355.359375,0.08045578002929688,9.728K,0.02513885498046875,0,3,0,0,41.68359375,41.54296875,0,0,0,0.0,0,4,21800,training
1754995330.551209,10635,10635,0.041622161865234375,355.359375,0.08045578002929688,9.728K,0.025875568389892578,0,3,0,0,41.68359375,41.54296875,0,0,0,0.0,0,4,21900,training
1754995330.59938,10635,10635,0.041622161865234375,355.359375,0.08045578002929688,9.728K,0.0254058837890625,0,3,0,0,41.68359375,41.54296875,0,0,0,0.0,0,4,22000,training
1754995330.647732,10635,10635,0.041622161865234375,355.359375,0.08045578002929688,9.728K,0.025587081909179688,0,3,0,0,41.68359375,41.54296875,0,0,0,0.0,0,4,22100,training
1754995330.696624,10635,10635,0.041622161865234375,355.359375,0.08045578002929688,9.728K,0.025551319122314453,0,3,0,0,41.68359375,41.54296875,0,0,0,0.0,0,4,22200,training
1754995330.7457228,10635,10635,0.041622161865234375,355.359375,0.08045578002929688,9.728K,0.026912689208984375,0,3,0,0,41.68359375,41.54296875,0,0,0,0.0,0,4,22300,training
1754995330.797977,10635,10635,0.041622161865234375,355.359375,0.08045578002929688,9.728K,0.028018951416015625,0,3,0,0,41.68359375,41.54296875,0,0,0,0.0,0,4,22400,training
1754995330.8534012,10635,10635,0.041622161865234375,355.359375,0.08045578002929688,9.728K,0.029196739196777344,0,3,0,0,41.68359375,41.54296875,0,0,0,0.0,0,4,22500,training
1754995330.915314,10635,10635,0.041622161865234375,355.359375,0.08045578002929688,9.728K,0.027818679809570312,0,3,0,0,41.68359375,41.54296875,0,0,0,0.0,0,4,22600,training
1754995330.975939,10635,10635,0.041622161865234375,355.359375,0.08045578002929688,9.728K,0.029499530792236328,0,3,0,0,41.68359375,41.54296875,0,0,0,0.0,0,4,22700,training
1754995331.03828,10635,10635,0.041622161865234375,355.359375,0.08045578002929688,9.728K,0.0281524658203125,0,3,0,0,41.68359375,41.54296875,0,0,0,0.0,0,4,22800,training
1754995331.1012108,10635,10635,0.041622161865234375,355.375,0.08045578002929688,9.728K,0.02767324447631836,0,3,0,0,41.68359375,41.54296875,0,0,0,0.0,0,4,22900,training
1754995331.156767,10635,10635,0.041622161865234375,355.375,0.08045578002929688,9.728K,0.028076171875,0,3,0,0,41.68359375,41.54296875,0,0,0,0.0,0,4,23000,training
1754995331.21172,10635,10635,0.041622161865234375,355.375,0.08045578002929688,9.728K,0.034193992614746094,0,3,0,0,41.68359375,41.54296875,0,0,0,0.0,0,4,23100,training
1754995331.267073,10635,10635,0.041622161865234375,355.375,0.08045578002929688,9.728K,0.02846240997314453,0,3,0,0,41.68359375,41.54296875,0,0,0,0.0,0,4,23200,training
1754995331.322023,10635,10635,0.041622161865234375,355.375,0.08045578002929688,9.728K,0.02816915512084961,0,3,0,0,41.68359375,41.54296875,0,0,0,0.0,0,4,23300,training
1754995331.377324,10635,10635,0.041622161865234375,355.375,0.08045578002929688,9.728K,0.032863616943359375,0,3,0,0,41.68359375,41.54296875,0,0,0,0.0,0,4,23400,training
1754995331.4320488,10635,10635,0.041622161865234375,355.375,0.08045578002929688,9.728K,0.025556087493896484,0,3,0,0,41.68359375,41.54296875,0,0,0,0.0,0,4,23500,training
1754995331.483385,10635,10635,0.041622161865234375,355.375,0.08045578002929688,9.728K,0.02524852752685547,0,3,0,0,41.68359375,41.54296875,0,0,0,0.0,0,4,23600,training
1754995331.5320508,10635,10635,0.041622161865234375,355.375,0.08045578002929688,9.728K,0.02548694610595703,0,3,0,0,41.68359375,41.54296875,0,0,0,0.0,0,4,23700,training
1754995331.580559,10635,10635,0.041622161865234375,355.375,0.08045578002929688,9.728K,0.02565145492553711,0,3,0,0,41.68359375,41.54296875,0,0,0,0.0,0,4,23800,training
1754995331.628556,10635,10635,0.041622161865234375,355.375,0.08045578002929688,9.728K,0.029108524322509766,0,3,0,0,41.68359375,41.54296875,0,0,0,0.0,0,4,23900,training
1754995331.677353,10635,10635,0.041622161865234375,355.375,0.08045578002929688,9.728K,0.028722286224365234,0,3,0,0,41.68359375,41.54296875,0,0,0,0.0,0,4,24000,training
1754995331.726799,10635,10635,0.041622161865234375,355.375,0.08045578002929688,9.728K,0.028939247131347656,0,3,0,0,41.68359375,41.54296875,0,0,0,0.0,0,4,24100,training
1754995331.775527,10635,10635,0.041622161865234375,355.390625,0.08045578002929688,9.728K,0.025532245635986328,0,3,0,0,41.68359375,41.54296875,0,0,0,0.0,0,4,24200,training
1754995331.824564,10635,10635,0.041622161865234375,355.390625,0.08045578002929688,9.728K,0.025167465209960938,0,3,0,0,41.68359375,41.54296875,0,0,0,0.0,0,4,24300,training
1754995331.873357,10635,10635,0.041622161865234375,355.390625,0.08045578002929688,9.728K,0.025386810302734375,0,3,0,0,41.68359375,41.54296875,0,0,0,0.0,0,4,24400,training
1754995331.9215,10635,10635,0.041622161865234375,355.421875,0.08045578002929688,9.728K,0.025641918182373047,0,3,0,0,41.68359375,41.54296875,0,0,0,0.0,0,4,24500,training
1754995331.96965,10635,10635,0.041622161865234375,355.421875,0.08045578002929688,9.728K,0.025467872619628906,0,3,0,0,41.68359375,41.54296875,0,0,0,0.0,0,4,24600,training
1754995332.018304,10635,10635,0.041622161865234375,355.421875,0.08045578002929688,9.728K,0.02584695816040039,0,3,0,0,41.68359375,41.54296875,0,0,0,0.0,0,4,24700,training
1754995332.0670762,10635,10635,0.041622161865234375,355.421875,0.08045578002929688,9.728K,0.025560855865478516,0,3,0,0,41.68359375,41.54296875,0,0,0,0.0,0,4,24800,training
1754995332.115378,10635,10635,0.041622161865234375,355.421875,0.08045578002929688,9.728K,0.025403499603271484,0,3,0,0,41.68359375,41.54296875,0,0,0,0.0,0,4,24900,training
1754995332.164138,10635,10635,0.041622161865234375,355.421875,0.08045578002929688,9.728K,0.025773048400878906,0,3,0,0,41.68359375,41.54296875,0,0,0,0.0,0,4,25000,training
1754995332.2130089,10635,10635,0.041622161865234375,355.421875,0.08045578002929688,9.728K,0.025758743286132812,0,3,0,0,41.68359375,41.54296875,0,0,0,0.0,0,4,25100,training
1754995332.261624,10635,10635,0.041622161865234375,355.421875,0.08045578002929688,9.728K,0.028507709503173828,0,3,0,0,41.68359375,41.54296875,0,0,0,0.0,0,4,25200,training
1754995332.31082,10635,10635,0.041622161865234375,355.421875,0.08045578002929688,9.728K,0.029170513153076172,0,3,0,0,41.68359375,41.54296875,0,0,0,0.0,0,4,25300,training
1754995332.359963,10635,10635,0.041622161865234375,355.421875,0.08045578002929688,9.728K,0.028104782104492188,0,3,0,0,41.68359375,41.54296875,0,0,0,0.0,0,4,25400,training
1754995332.408816,10635,10635,0.041622161865234375,355.421875,0.08045578002929688,9.728K,0.02542257308959961,0,3,0,0,41.68359375,41.54296875,0,0,0,0.0,0,4,25500,training
1754995332.4576588,10635,10635,0.041622161865234375,355.421875,0.08045578002929688,9.728K,0.025517940521240234,0,3,0,0,41.68359375,41.54296875,0,0,0,0.0,0,4,25600,training
1754995332.5073779,10635,10635,0.041622161865234375,355.421875,0.08045578002929688,9.728K,0.027642250061035156,0,3,0,0,41.68359375,41.54296875,0,0,0,0.0,0,4,25700,training
1754995332.5650592,10635,10635,0.041622161865234375,355.421875,0.08045578002929688,9.728K,0.026116371154785156,0,3,0,0,41.68359375,41.54296875,0,0,0,0.0,0,4,25800,training
1754995332.61432,10635,10635,0.041622161865234375,355.421875,0.08045578002929688,9.728K,0.025773048400878906,0,3,0,0,41.68359375,41.54296875,0,0,0,0.0,0,4,25900,training
1754995332.6639302,10635,10635,0.041622161865234375,355.421875,0.08045578002929688,9.728K,0.025637149810791016,0,3,0,0,41.68359375,41.54296875,0,0,0,0.0,0,4,26000,training
1754995332.712524,10635,10635,0.041622161865234375,355.453125,0.08045578002929688,9.728K,0.027916431427001953,0,3,0,0,41.68359375,41.54296875,0,0,0,0.0,0,4,26100,training
1754995332.760733,10635,10635,0.041622161865234375,355.453125,0.08045578002929688,9.728K,0.028731822967529297,0,3,0,0,41.68359375,41.54296875,0,0,0,0.0,0,4,26200,training
1754995332.809783,10635,10635,0.041622161865234375,355.453125,0.08045578002929688,9.728K,0.028960704803466797,0,3,0,0,41.68359375,41.54296875,0,0,0,0.0,0,4,26300,training
1754995332.858306,10635,10635,0.041622161865234375,355.453125,0.08045578002929688,9.728K,0.025768280029296875,0,3,0,0,41.68359375,41.54296875,0,0,0,0.0,0,4,26400,training
1754995332.906857,10635,10635,0.041622161865234375,355.453125,0.08045578002929688,9.728K,0.025627613067626953,0,3,0,0,41.68359375,41.54296875,0,0,0,0.0,0,4,26500,training
1754995332.955494,10635,10635,0.041622161865234375,355.453125,0.08045578002929688,9.728K,0.025789737701416016,0,3,0,0,41.68359375,41.54296875,0,0,0,0.0,0,4,26600,training
1754995333.003859,10635,10635,0.041622161865234375,355.453125,0.08045578002929688,9.728K,0.025451183319091797,0,3,0,0,41.68359375,41.54296875,0,0,0,0.0,0,4,26700,training
1754995333.0525582,10635,10635,0.041622161865234375,355.453125,0.08045578002929688,9.728K,0.02541065216064453,0,3,0,0,41.68359375,41.54296875,0,0,0,0.0,0,4,26800,training
1754995333.1010969,10635,10635,0.041622161865234375,355.484375,0.08045578002929688,9.728K,0.025696754455566406,0,3,0,0,41.68359375,41.54296875,0,0,0,0.0,0,4,26900,training
1754995333.149893,10635,10635,0.041622161865234375,355.484375,0.08045578002929688,9.728K,0.025699138641357422,0,3,0,0,41.68359375,41.54296875,0,0,0,0.0,0,4,27000,training
1754995333.1983,10635,10635,0.041622161865234375,355.484375,0.08045578002929688,9.728K,0.025680065155029297,0,3,0,0,41.68359375,41.54296875,0,0,0,0.0,0,4,27100,training
1754995333.246162,10635,10635,0.041622161865234375,355.484375,0.08045578002929688,9.728K,0.025455951690673828,0,3,0,0,41.68359375,41.54296875,0,0,0,0.0,0,4,27200,training
1754995333.2949529,10635,10635,0.041622161865234375,355.515625,0.08045578002929688,9.728K,0.029027462005615234,0,3,0,0,41.68359375,41.54296875,0,0,0,0.0,0,4,27300,training
1754995333.343654,10635,10635,0.041622161865234375,355.515625,0.08045578002929688,9.728K,0.02851247787475586,0,3,0,0,41.68359375,41.54296875,0,0,0,0.0,0,4,27400,training
1754995333.392417,10635,10635,0.041622161865234375,355.515625,0.08045578002929688,9.728K,0.026085376739501953,0,3,0,0,41.68359375,41.54296875,0,0,0,0.0,0,4,27500,training
1754995333.441377,10635,10635,0.041622161865234375,355.515625,0.08045578002929688,9.728K,0.025243759155273438,0,3,0,0,41.68359375,41.54296875,0,0,0,0.0,0,4,27600,training
1754995333.4904718,10635,10635,0.041622161865234375,355.515625,0.08045578002929688,9.728K,0.025453567504882812,0,3,0,0,41.68359375,41.54296875,0,0,0,0.0,0,4,27700,training
1754995333.539273,10635,10635,0.041622161865234375,355.515625,0.08045578002929688,9.728K,0.025775432586669922,0,3,0,0,41.68359375,41.54296875,0,0,0,0.0,0,4,27800,training
1754995333.587896,10635,10635,0.041622161865234375,355.515625,0.08045578002929688,9.728K,0.0255584716796875,0,3,0,0,41.68359375,41.54296875,0,0,0,0.0,0,4,27900,training
1754995333.6360588,10635,10635,0.041622161865234375,355.515625,0.08045578002929688,9.728K,0.025227069854736328,0,3,0,0,41.68359375,41.54296875,0,0,0,0.0,0,4,28000,training
1754995333.684475,10635,10635,0.041622161865234375,355.515625,0.08045578002929688,9.728K,0.025568008422851562,0,3,0,0,41.68359375,41.54296875,0,0,0,0.0,0,4,28100,training
1754995333.7332659,10635,10635,0.041622161865234375,355.515625,0.08045578002929688,9.728K,0.026042461395263672,0,3,0,0,41.68359375,41.54296875,0,0,0,0.0,0,4,28200,training
1754995333.7815669,10635,10635,0.041622161865234375,355.546875,0.08045578002929688,9.728K,0.025532245635986328,0,3,0,0,41.68359375,41.54296875,0,0,0,0.0,0,4,28300,training
1754995333.830299,10635,10635,0.041622161865234375,355.546875,0.08045578002929688,9.728K,0.025463104248046875,0,3,0,0,41.68359375,41.54296875,0,0,0,0.0,0,4,28400,training
1754995333.878849,10635,10635,0.041622161865234375,355.546875,0.08045578002929688,9.728K,0.025787353515625,0,3,0,0,41.68359375,41.54296875,0,0,0,0.0,0,4,28500,training
1754995333.927576,10635,10635,0.041622161865234375,355.546875,0.08045578002929688,9.728K,0.029246807098388672,0,3,0,0,41.68359375,41.54296875,0,0,0,0.0,0,4,28600,training
1754995333.976255,10635,10635,0.041622161865234375,355.546875,0.08045578002929688,9.728K,0.027370452880859375,0,3,0,0,41.68359375,41.54296875,0,0,0,0.0,0,4,28700,training
1754995334.024638,10635,10635,0.041622161865234375,355.546875,0.08045578002929688,9.728K,0.025482177734375,0,3,0,0,41.68359375,41.54296875,0,0,0,0.0,0,4,28800,training
1754995334.072949,10635,10635,0.041622161865234375,355.546875,0.08045578002929688,9.728K,0.025696754455566406,0,3,0,0,41.68359375,41.54296875,0,0,0,0.0,0,4,28900,training
1754995334.122369,10635,10635,0.041622161865234375,355.546875,0.08045578002929688,9.728K,0.02561807632446289,0,3,0,0,41.68359375,41.54296875,0,0,0,0.0,0,4,29000,training
1754995334.170908,10635,10635,0.041622161865234375,355.5625,0.08045578002929688,9.728K,0.025658607482910156,0,3,0,0,41.68359375,41.54296875,0,0,0,0.0,0,4,29100,training
1754995334.2203252,10635,10635,0.041622161865234375,355.5625,0.08045578002929688,9.728K,0.0276947021484375,0,3,0,0,41.68359375,41.54296875,0,0,0,0.0,0,4,29200,training
1754995334.27074,10635,10635,0.041622161865234375,355.5625,0.08045578002929688,9.728K,0.025379657745361328,0,3,0,0,41.68359375,41.54296875,0,0,0,0.0,0,4,29300,training
1754995334.31987,10635,10635,0.041622161865234375,355.5625,0.08045578002929688,9.728K,0.025322437286376953,0,3,0,0,41.68359375,41.54296875,0,0,0,0.0,0,4,29400,training
1754995334.3688672,10635,10635,0.041622161865234375,355.5625,0.08045578002929688,9.728K,0.025320053100585938,0,3,0,0,41.68359375,41.54296875,0,0,0,0.0,0,4,29500,training
1754995334.417384,10635,10635,0.041622161865234375,355.5625,0.08045578002929688,9.728K,0.02568960189819336,0,3,0,0,41.68359375,41.54296875,0,0,0,0.0,0,4,29600,training
1754995334.465863,10635,10635,0.041622161865234375,355.5625,0.08045578002929688,9.728K,0.025281906127929688,0,3,0,0,41.68359375,41.54296875,0,0,0,0.0,0,4,29700,training
1754995334.513921,10635,10635,0.041622161865234375,355.578125,0.08045578002929688,9.728K,0.02570629119873047,0,3,0,0,41.68359375,41.54296875,0,0,0,0.0,0,4,29800,training
1754995334.562778,10635,10635,0.041622161865234375,355.578125,0.08045578002929688,9.728K,0.026001930236816406,0,3,0,0,41.68359375,41.54296875,0,0,0,0.0,0,4,29900,training
1754995334.6114829,10635,10635,0.041622161865234375,355.578125,0.08045578002929688,9.728K,0.029458999633789062,0,3,0,0,41.68359375,41.54296875,0,0,0,0.0,0,4,30000,training
1754995334.6600692,10635,10635,0.041622161865234375,355.578125,0.08045578002929688,9.728K,0.028438568115234375,0,3,0,0,41.68359375,41.54296875,0,0,0,0.0,0,4,30100,training
1754995334.7079701,10635,10635,0.041622161865234375,355.578125,0.08045578002929688,9.728K,0.025517940521240234,0,3,0,0,41.68359375,41.54296875,0,0,0,0.0,0,4,30200,training
1754995334.7568471,10635,10635,0.041622161865234375,355.578125,0.08045578002929688,9.728K,0.025801658630371094,0,3,0,0,41.68359375,41.54296875,0,0,0,0.0,0,4,30300,training
1754995334.805205,10635,10635,0.041622161865234375,355.578125,0.08045578002929688,9.728K,0.025823116302490234,0,3,0,0,41.68359375,41.54296875,0,0,0,0.0,0,4,30400,training
1754995334.853556,10635,10635,0.041622161865234375,355.578125,0.08045578002929688,9.728K,0.025267601013183594,0,3,0,0,41.68359375,41.54296875,0,0,0,0.0,0,4,30500,training
1754995334.902037,10635,10635,0.041622161865234375,355.578125,0.08045578002929688,9.728K,0.025429725646972656,0,3,0,0,41.68359375,41.54296875,0,0,0,0.0,0,4,30600,training
1754995334.950578,10635,10635,0.041622161865234375,355.578125,0.08045578002929688,9.728K,0.02541065216064453,0,3,0,0,41.68359375,41.54296875,0,0,0,0.0,0,4,30700,training
1754995334.999265,10635,10635,0.041622161865234375,355.578125,0.08045578002929688,9.728K,0.02515554428100586,0,3,0,0,41.68359375,41.54296875,0,0,0,0.0,0,4,30800,training
1754995335.0478091,10635,10635,0.041622161865234375,355.578125,0.08045578002929688,9.728K,0.025682449340820312,0,3,0,0,41.68359375,41.54296875,0,0,0,0.0,0,4,30900,training
1754995335.096168,10635,10635,0.041622161865234375,355.578125,0.08045578002929688,9.728K,0.02552509307861328,0,3,0,0,41.68359375,41.54296875,0,0,0,0.0,0,4,31000,training
1754995335.144277,10635,10635,0.041622161865234375,355.578125,0.08045578002929688,9.728K,0.029070377349853516,0,3,0,0,41.68359375,41.54296875,0,0,0,0.0,0,4,31100,training
1754995335.193036,10635,10635,0.041622161865234375,355.578125,0.08045578002929688,9.728K,0.028085708618164062,0,3,0,0,41.68359375,41.54296875,0,0,0,0.0,0,4,31200,training
1754995335.2417128,10635,10635,0.041622161865234375,355.578125,0.08045578002929688,9.728K,0.025136470794677734,0,3,0,0,41.68359375,41.54296875,0,0,0,0.0,0,4,31300,training
1754995335.290049,10635,10635,0.041622161865234375,355.578125,0.08045578002929688,9.728K,0.025429725646972656,0,3,0,0,41.68359375,41.54296875,0,0,0,0.0,0,4,31400,training
1754995335.338111,10635,10635,0.041622161865234375,355.578125,0.08045578002929688,9.728K,0.025794506072998047,0,3,0,0,41.68359375,41.54296875,0,0,0,0.0,0,4,31500,training
1754995335.386903,10635,10635,0.041622161865234375,355.578125,0.08045578002929688,9.728K,0.02578258514404297,0,3,0,0,41.68359375,41.54296875,0,0,0,0.0,0,4,31600,training
1754995335.435272,10635,10635,0.041622161865234375,355.578125,0.08045578002929688,9.728K,0.02544403076171875,0,3,0,0,41.68359375,41.54296875,0,0,0,0.0,0,4,31700,training
1754995335.4851909,10635,10635,0.041622161865234375,355.578125,0.08045578002929688,9.728K,0.027627944946289062,0,3,0,0,41.68359375,41.54296875,0,0,0,0.0,0,4,31800,training
1754995335.535008,10635,10635,0.041622161865234375,355.578125,0.08045578002929688,9.728K,0.025556087493896484,0,3,0,0,41.68359375,41.54296875,0,0,0,0.0,0,4,31900,training
1754995335.583369,10635,10635,0.041622161865234375,355.578125,0.08045578002929688,9.728K,0.02573251724243164,0,3,0,0,41.68359375,41.54296875,0,0,0,0.0,0,4,32000,training
1754995335.6317818,10635,10635,0.041622161865234375,355.578125,0.08045578002929688,9.728K,0.0257110595703125,0,3,0,0,41.68359375,41.54296875,0,0,0,0.0,0,4,32100,training
1754995335.679904,10635,10635,0.041622161865234375,355.578125,0.08045578002929688,9.728K,0.02552032470703125,0,3,0,0,41.68359375,41.54296875,0,0,0,0.0,0,4,32200,training
1754995335.7281878,10635,10635,0.041622161865234375,355.578125,0.08045578002929688,9.728K,0.028879642486572266,0,3,0,0,41.68359375,41.54296875,0,0,0,0.0,0,4,32300,training
1754995335.7785642,10635,10635,0.041622161865234375,355.578125,0.08045578002929688,9.728K,0.031230449676513672,0,3,0,0,41.68359375,41.54296875,0,0,0,0.0,0,4,32400,training
1754995335.831084,10635,10635,0.041622161865234375,355.578125,0.08045578002929688,9.728K,0.02573251724243164,0,3,0,0,41.68359375,41.54296875,0,0,0,0.0,0,4,32500,training
1754995335.879584,10635,10635,0.041622161865234375,355.578125,0.08045578002929688,9.728K,0.025177001953125,0,3,0,0,41.68359375,41.54296875,0,0,0,0.0,0,4,32600,training
1754995335.9279811,10635,10635,0.041622161865234375,355.578125,0.08045578002929688,9.728K,0.028712749481201172,0,3,0,0,41.68359375,41.54296875,0,0,0,0.0,0,4,32700,training
1754995335.976875,10635,10635,0.041622161865234375,355.578125,0.08045578002929688,9.728K,0.02952098846435547,0,3,0,0,41.68359375,41.54296875,0,0,0,0.0,0,4,32800,training
1754995336.025485,10635,10635,0.041622161865234375,355.578125,0.08045578002929688,9.728K,0.025665760040283203,0,3,0,0,41.68359375,41.54296875,0,0,0,0.0,0,4,32900,training
1754995336.074384,10635,10635,0.041622161865234375,355.578125,0.08045578002929688,9.728K,0.025691986083984375,0,3,0,0,41.68359375,41.54296875,0,0,0,0.0,0,4,33000,training
1754995336.123153,10635,10635,0.041622161865234375,355.609375,0.08045578002929688,9.728K,0.025660991668701172,0,3,0,0,41.68359375,41.54296875,0,0,0,0.0,0,4,33100,training
1754995336.1717818,10635,10635,0.041622161865234375,355.609375,0.08045578002929688,9.728K,0.02557992935180664,0,3,0,0,41.68359375,41.54296875,0,0,0,0.0,0,4,33200,training
1754995336.220375,10635,10635,0.041622161865234375,355.625,0.08045578002929688,9.728K,0.025699138641357422,0,3,0,0,41.68359375,41.54296875,0,0,0,0.0,0,4,33300,training
1754995336.26878,10635,10635,0.041622161865234375,355.640625,0.08045578002929688,9.728K,0.025451183319091797,0,3,0,0,41.68359375,41.54296875,0,0,0,0.0,0,4,33400,training
1754995336.317353,10635,10635,0.041622161865234375,355.640625,0.08045578002929688,9.728K,0.02559185028076172,0,3,0,0,41.68359375,41.54296875,0,0,0,0.0,0,4,33500,training
1754995336.365716,10635,10635,0.041622161865234375,355.671875,0.08045578002929688,9.728K,0.025713443756103516,0,3,0,0,41.68359375,41.54296875,0,0,0,0.0,0,4,33600,training
1754995336.414474,10635,10635,0.041622161865234375,355.671875,0.08045578002929688,9.728K,0.025963783264160156,0,3,0,0,41.68359375,41.54296875,0,0,0,0.0,0,4,33700,training
1754995336.462796,10635,10635,0.041622161865234375,355.671875,0.08045578002929688,9.728K,0.025916099548339844,0,3,0,0,41.68359375,41.54296875,0,0,0,0.0,0,4,33800,training
1754995336.5114088,10635,10635,0.041622161865234375,355.671875,0.08045578002929688,9.728K,0.02835988998413086,0,3,0,0,41.68359375,41.54296875,0,0,0,0.0,0,4,33900,training
1754995336.560231,10635,10635,0.041622161865234375,355.671875,0.08045578002929688,9.728K,0.03014087677001953,0,3,0,0,41.68359375,41.54296875,0,0,0,0.0,0,4,34000,training
1754995336.6088781,10635,10635,0.041622161865234375,355.6875,0.08045578002929688,9.728K,0.026514530181884766,0,3,0,0,41.68359375,41.54296875,0,0,0,0.0,0,4,34100,training
1754995336.657113,10635,10635,0.041622161865234375,355.6875,0.08045578002929688,9.728K,0.025432109832763672,0,3,0,0,41.68359375,41.54296875,0,0,0,0.0,0,4,34200,training
1754995336.705534,10635,10635,0.041622161865234375,355.6875,0.08045578002929688,9.728K,0.025684833526611328,0,3,0,0,41.68359375,41.54296875,0,0,0,0.0,0,4,34300,training
1754995336.754302,10635,10635,0.041622161865234375,355.6875,0.08045578002929688,9.728K,0.02549886703491211,0,3,0,0,41.68359375,41.54296875,0,0,0,0.0,0,4,34400,training
1754995336.803582,10635,10635,0.041622161865234375,355.6875,0.08045578002929688,9.728K,0.025436878204345703,0,3,0,0,41.68359375,41.54296875,0,0,0,0.0,0,4,34500,training
1754995336.85192,10635,10635,0.041622161865234375,355.6875,0.08045578002929688,9.728K,0.025660991668701172,0,3,0,0,41.68359375,41.54296875,0,0,0,0.0,0,4,34600,training
1754995336.90065,10635,10635,0.041622161865234375,355.6875,0.08045578002929688,9.728K,0.025517940521240234,0,3,0,0,41.68359375,41.54296875,0,0,0,0.0,0,4,34700,training
1754995336.9493701,10635,10635,0.041622161865234375,355.6875,0.08045578002929688,9.728K,0.02537250518798828,0,3,0,0,41.68359375,41.54296875,0,0,0,0.0,0,4,34800,training
1754995336.997597,10635,10635,0.041622161865234375,355.6875,0.08045578002929688,9.728K,0.025663375854492188,0,3,0,0,41.68359375,41.54296875,0,0,0,0.0,0,4,34900,training
1754995337.050386,10635,10635,0.041622161865234375,355.703125,0.08045578002929688,9.728K,0.027565956115722656,0,3,0,0,41.68359375,41.54296875,0,0,0,0.0,0,4,35000,training
1754995337.101835,10635,10635,0.041622161865234375,355.703125,0.08045578002929688,9.728K,0.02725362777709961,0,3,0,0,41.68359375,41.54296875,0,0,0,0.0,0,4,35100,training
1754995337.153276,10635,10635,0.041622161865234375,355.703125,0.08045578002929688,9.728K,0.027854442596435547,0,3,0,0,41.68359375,41.54296875,0,0,0,0.0,0,4,35200,training
1754995337.2062578,10635,10635,0.041622161865234375,355.703125,0.08045578002929688,9.728K,0.027496814727783203,0,3,0,0,41.68359375,41.54296875,0,0,0,0.0,0,4,35300,training
1754995337.2596438,10635,10635,0.041622161865234375,355.734375,0.08045578002929688,9.728K,0.03101348876953125,0,3,0,0,41.68359375,41.54296875,0,0,0,0.0,0,4,35400,training
1754995337.313528,10635,10635,0.041622161865234375,355.734375,0.08045578002929688,9.728K,0.02777099609375,0,3,0,0,41.68359375,41.54296875,0,0,0,0.0,0,4,35500,training
1754995337.3669178,10635,10635,0.041622161865234375,355.734375,0.08045578002929688,9.728K,0.02794027328491211,0,3,0,0,41.68359375,41.54296875,0,0,0,0.0,0,4,35600,training
1754995337.4198499,10635,10635,0.041622161865234375,355.734375,0.08045578002929688,9.728K,0.02759695053100586,0,3,0,0,41.68359375,41.54296875,0,0,0,0.0,0,4,35700,training
1754995337.4743612,10635,10635,0.041622161865234375,355.734375,0.08045578002929688,9.728K,0.028331279754638672,0,3,0,0,41.68359375,41.54296875,0,0,0,0.0,0,4,35800,training
1754995337.5290968,10635,10635,0.041622161865234375,355.734375,0.08045578002929688,9.728K,0.03294229507446289,0,3,0,0,41.68359375,41.54296875,0,0,0,0.0,0,4,35900,training
1754995337.583824,10635,10635,0.041622161865234375,355.734375,0.08045578002929688,9.728K,0.027418136596679688,0,3,0,0,41.68359375,41.54296875,0,0,0,0.0,0,4,36000,training
1754995337.6381571,10635,10635,0.041622161865234375,355.734375,0.08045578002929688,9.728K,0.027949810028076172,0,3,0,0,41.68359375,41.54296875,0,0,0,0.0,0,4,36100,training
1754995337.689835,10635,10635,0.041622161865234375,355.734375,0.08045578002929688,9.728K,0.025548934936523438,0,3,0,0,41.68359375,41.54296875,0,0,0,0.0,0,4,36200,training
1754995337.739882,10635,10635,0.041622161865234375,355.734375,0.08045578002929688,9.728K,0.025560855865478516,0,3,0,0,41.68359375,41.54296875,0,0,0,0.0,0,4,36300,training
1754995337.7896872,10635,10635,0.041622161865234375,355.765625,0.08045578002929688,9.728K,0.02560138702392578,0,3,0,0,41.68359375,41.54296875,0,0,0,0.0,0,4,36400,training
1754995337.838874,10635,10635,0.041622161865234375,355.765625,0.08045578002929688,9.728K,0.025355815887451172,0,3,0,0,41.68359375,41.54296875,0,0,0,0.0,0,4,36500,training
1754995337.892679,10635,10635,0.041622161865234375,355.765625,0.08045578002929688,9.728K,0.03579139709472656,0,3,0,0,41.68359375,41.54296875,0,0,0,0.0,0,4,36600,training
1754995337.950764,10635,10635,0.041622161865234375,355.765625,0.08045578002929688,9.728K,0.027959346771240234,0,3,0,0,41.68359375,41.54296875,0,0,0,0.0,0,4,36700,training
1754995338.014156,10635,10635,0.041622161865234375,355.765625,0.08045578002929688,9.728K,0.027391910552978516,0,3,0,0,41.68359375,41.54296875,0,0,0,0.0,0,4,36800,training
1754995338.068247,10635,10635,0.041622161865234375,355.765625,0.08045578002929688,9.728K,0.025937557220458984,0,3,0,0,41.68359375,41.54296875,0,0,0,0.0,0,4,36900,training
1754995338.116767,10635,10635,0.041622161865234375,355.765625,0.08045578002929688,9.728K,0.02573251724243164,0,3,0,0,41.68359375,41.54296875,0,0,0,0.0,0,4,37000,training
1754995338.165216,10635,10635,0.041622161865234375,355.765625,0.08045578002929688,9.728K,0.025870800018310547,0,3,0,0,41.68359375,41.54296875,0,0,0,0.0,0,4,37100,training
1754995338.213655,10635,10635,0.041622161865234375,355.765625,0.08045578002929688,9.728K,0.02565622329711914,0,3,0,0,41.68359375,41.54296875,0,0,0,0.0,0,4,37200,training
1754995338.264022,10635,10635,0.041622161865234375,355.765625,0.08045578002929688,9.728K,0.025784969329833984,0,3,0,0,41.68359375,41.54296875,0,0,0,0.0,0,4,37300,training
1754995338.312311,10635,10635,0.041622161865234375,355.796875,0.08045578002929688,9.728K,0.02560138702392578,0,3,0,0,41.68359375,41.54296875,0,0,0,0.0,0,4,37400,training
1754995338.360904,10635,10635,0.041622161865234375,355.796875,0.08045578002929688,9.728K,0.0293731689453125,0,3,0,0,41.68359375,41.54296875,0,0,0,0.0,0,4,37500,training
1754995338.409318,10635,10635,0.041622161865234375,355.796875,0.08045578002929688,9.728K,0.027530193328857422,0,3,0,0,41.68359375,41.54296875,0,0,0,0.0,0,4,37600,training
1754995338.457637,10635,10635,0.041622161865234375,355.796875,0.08045578002929688,9.728K,0.025532245635986328,0,3,0,0,41.68359375,41.54296875,0,0,0,0.0,0,4,37700,training
1754995338.505973,10635,10635,0.041622161865234375,355.796875,0.08045578002929688,9.728K,0.025632381439208984,0,3,0,0,41.68359375,41.54296875,0,0,0,0.0,0,4,37800,training
1754995338.554513,10635,10635,0.041622161865234375,355.796875,0.08045578002929688,9.728K,0.02579212188720703,0,3,0,0,41.68359375,41.54296875,0,0,0,0.0,0,4,37900,training
1754995338.602813,10635,10635,0.041622161865234375,355.796875,0.08045578002929688,9.728K,0.025303363800048828,0,3,0,0,41.68359375,41.54296875,0,0,0,0.0,0,4,38000,training
1754995338.6509929,10635,10635,0.041622161865234375,355.796875,0.08045578002929688,9.728K,0.02521514892578125,0,3,0,0,41.68359375,41.54296875,0,0,0,0.0,0,4,38100,training
1754995338.6999109,10635,10635,0.041622161865234375,355.8125,0.08045578002929688,9.728K,0.025453567504882812,0,3,0,0,41.68359375,41.54296875,0,0,0,0.0,0,4,38200,training
1754995338.748009,10635,10635,0.041622161865234375,355.8125,0.08045578002929688,9.728K,0.025436878204345703,0,3,0,0,41.68359375,41.54296875,0,0,0,0.0,0,4,38300,training
1754995338.7970781,10635,10635,0.041622161865234375,355.8125,0.08045578002929688,9.728K,0.025882720947265625,0,3,0,0,41.68359375,41.54296875,0,0,0,0.0,0,4,38400,training
1754995338.8451042,10635,10635,0.041622161865234375,355.8125,0.08045578002929688,9.728K,0.028228759765625,0,3,0,0,41.68359375,41.54296875,0,0,0,0.0,0,4,38500,training
1754995338.893635,10635,10635,0.041622161865234375,355.84375,0.08045578002929688,9.728K,0.028853416442871094,0,3,0,0,41.68359375,41.54296875,0,0,0,0.0,0,4,38600,training
1754995338.942357,10635,10635,0.041622161865234375,355.84375,0.08045578002929688,9.728K,0.026705265045166016,0,3,0,0,41.68359375,41.54296875,0,0,0,0.0,0,4,38700,training
1754995338.9912,10635,10635,0.041622161865234375,355.84375,0.08045578002929688,9.728K,0.02599477767944336,0,3,0,0,41.68359375,41.54296875,0,0,0,0.0,0,4,38800,training
1754995339.039733,10635,10635,0.041622161865234375,355.84375,0.08045578002929688,9.728K,0.02555370330810547,0,3,0,0,41.68359375,41.54296875,0,0,0,0.0,0,4,38900,training
1754995339.08845,10635,10635,0.041622161865234375,355.84375,0.08045578002929688,9.728K,0.02560138702392578,0,3,0,0,41.68359375,41.54296875,0,0,0,0.0,0,4,39000,training
1754995339.1372092,10635,10635,0.041622161865234375,355.84375,0.08045578002929688,9.728K,0.02537250518798828,0,3,0,0,41.68359375,41.54296875,0,0,0,0.0,0,4,39100,training
1754995339.1860611,10635,10635,0.041622161865234375,355.84375,0.08045578002929688,9.728K,0.025107860565185547,0,3,0,0,41.68359375,41.54296875,0,0,0,0.0,0,4,39200,training
1754995339.2341042,10635,10635,0.041622161865234375,355.84375,0.08045578002929688,9.728K,0.025203227996826172,0,3,0,0,41.68359375,41.54296875,0,0,0,0.0,0,4,39300,training
1754995339.2824728,10635,10635,0.041622161865234375,355.84375,0.08045578002929688,9.728K,0.025241374969482422,0,3,0,0,41.68359375,41.54296875,0,0,0,0.0,0,4,39400,training
1754995339.330822,10635,10635,0.041622161865234375,355.84375,0.08045578002929688,9.728K,0.02562999725341797,0,3,0,0,41.68359375,41.54296875,0,0,0,0.0,0,4,39500,training
1754995339.379499,10635,10635,0.041622161865234375,355.84375,0.08045578002929688,9.728K,0.025539398193359375,0,3,0,0,41.68359375,41.54296875,0,0,0,0.0,0,4,39600,training
1754995339.428394,10635,10635,0.041622161865234375,355.84375,0.08045578002929688,9.728K,0.02910614013671875,0,3,0,0,41.68359375,41.54296875,0,0,0,0.0,0,4,39700,training
1754995339.4773,10635,10635,0.041622161865234375,355.84375,0.08045578002929688,9.728K,0.029284954071044922,0,3,0,0,41.68359375,41.54296875,0,0,0,0.0,0,4,39800,training
1754995339.525794,10635,10635,0.041622161865234375,355.84375,0.08045578002929688,9.728K,0.027439594268798828,0,3,0,0,41.68359375,41.54296875,0,0,0,0.0,0,4,39900,training
1754995339.574734,10635,10635,0.041622161865234375,355.84375,0.08045578002929688,9.728K,0.02543926239013672,0,3,0,0,41.68359375,41.54296875,0,0,0,0.0,0,4,40000,training
1754995339.6236732,10635,10635,0.041622161865234375,355.84375,0.08045578002929688,9.728K,0.02567291259765625,0,3,0,0,41.68359375,41.54296875,0,0,0,0.0,0,4,40100,training
1754995339.6723928,10635,10635,0.041622161865234375,355.84375,0.08045578002929688,9.728K,0.02574920654296875,0,3,0,0,41.68359375,41.54296875,0,0,0,0.0,0,4,40200,training
1754995339.720978,10635,10635,0.041622161865234375,355.84375,0.08045578002929688,9.728K,0.025467872619628906,0,3,0,0,41.68359375,41.54296875,0,0,0,0.0,0,4,40300,training
1754995339.769421,10635,10635,0.041622161865234375,355.84375,0.08045578002929688,9.728K,0.02546548843383789,0,3,0,0,41.68359375,41.54296875,0,0,0,0.0,0,4,40400,training
1754995339.8184052,10635,10635,0.041622161865234375,355.84375,0.08045578002929688,9.728K,0.025174617767333984,0,3,0,0,41.68359375,41.54296875,0,0,0,0.0,0,4,40500,training
1754995339.866763,10635,10635,0.041622161865234375,355.84375,0.08045578002929688,9.728K,0.025396347045898438,0,3,0,0,41.68359375,41.54296875,0,0,0,0.0,0,4,40600,training
1754995339.915103,10635,10635,0.041622161865234375,355.84375,0.08045578002929688,9.728K,0.025823116302490234,0,3,0,0,41.68359375,41.54296875,0,0,0,0.0,0,4,40700,training
1754995339.963317,10635,10635,0.041622161865234375,355.84375,0.08045578002929688,9.728K,0.025720596313476562,0,3,0,0,41.68359375,41.54296875,0,0,0,0.0,0,4,40800,training
1754995340.01164,10635,10635,0.041622161865234375,355.84375,0.08045578002929688,9.728K,0.03019094467163086,0,3,0,0,41.68359375,41.54296875,0,0,0,0.0,0,4,40900,training
1754995340.060724,10635,10635,0.041622161865234375,355.84375,0.08045578002929688,9.728K,0.029041767120361328,0,3,0,0,41.68359375,41.54296875,0,0,0,0.0,0,4,41000,training
1754995340.1085498,10635,10635,0.041622161865234375,355.84375,0.08045578002929688,9.728K,0.02534627914428711,0,3,0,0,41.68359375,41.54296875,0,0,0,0.0,0,4,41100,training
1754995340.1568482,10635,10635,0.041622161865234375,355.84375,0.08045578002929688,9.728K,0.025393962860107422,0,3,0,0,41.68359375,41.54296875,0,0,0,0.0,0,4,41200,training
1754995340.205467,10635,10635,0.041622161865234375,355.84375,0.08045578002929688,9.728K,0.026044845581054688,0,3,0,0,41.68359375,41.54296875,0,0,0,0.0,0,4,41300,training
1754995340.2543411,10635,10635,0.041622161865234375,355.84375,0.08045578002929688,9.728K,0.025746822357177734,0,3,0,0,41.68359375,41.54296875,0,0,0,0.0,0,4,41400,training
1754995340.302242,10635,10635,0.041622161865234375,355.84375,0.08045578002929688,9.728K,0.025289058685302734,0,3,0,0,41.68359375,41.54296875,0,0,0,0.0,0,4,41500,training
1754995340.350231,10635,10635,0.041622161865234375,355.84375,0.08045578002929688,9.728K,0.02557992935180664,0,3,0,0,41.68359375,41.54296875,0,0,0,0.0,0,4,41600,training
1754995340.398636,10635,10635,0.041622161865234375,355.84375,0.08045578002929688,9.728K,0.02591848373413086,0,3,0,0,41.68359375,41.54296875,0,0,0,0.0,0,4,41700,training
1754995340.4473338,10635,10635,0.041622161865234375,355.84375,0.08045578002929688,9.728K,0.0258636474609375,0,3,0,0,41.68359375,41.54296875,0,0,0,0.0,0,4,41800,training
1754995340.515491,10635,10635,0.041622161865234375,355.84375,0.08045578002929688,9.728K,0.025794506072998047,0,3,0,0,41.68359375,41.54296875,0,0,0,0.0,0,5,0,training
1754995340.565411,10635,10635,0.041622161865234375,355.875,0.08045578002929688,9.728K,0.02552509307861328,0,3,0,0,41.68359375,41.54296875,0,0,0,0.0,0,5,100,training
1754995340.613614,10635,10635,0.041622161865234375,355.875,0.08045578002929688,9.728K,0.025491714477539062,0,3,0,0,41.68359375,41.54296875,0,0,0,0.0,0,5,200,training
1754995340.662466,10635,10635,0.041622161865234375,355.875,0.08045578002929688,9.728K,0.02559661865234375,0,3,0,0,41.68359375,41.54296875,0,0,0,0.0,0,5,300,training
1754995340.7111921,10635,10635,0.041622161865234375,355.875,0.08045578002929688,9.728K,0.02971649169921875,0,3,0,0,41.68359375,41.54296875,0,0,0,0.0,0,5,400,training
1754995340.76467,10635,10635,0.041622161865234375,355.890625,0.08045578002929688,9.728K,0.025446414947509766,0,3,0,0,41.68359375,41.54296875,0,0,0,0.0,0,5,500,training
1754995340.8188329,10635,10635,0.041622161865234375,355.890625,0.08045578002929688,9.728K,0.025985240936279297,0,3,0,0,41.68359375,41.54296875,0,0,0,0.0,0,5,600,training
1754995340.867475,10635,10635,0.041622161865234375,355.890625,0.08045578002929688,9.728K,0.02543926239013672,0,3,0,0,41.68359375,41.54296875,0,0,0,0.0,0,5,700,training
1754995340.91585,10635,10635,0.041622161865234375,355.890625,0.08045578002929688,9.728K,0.025322437286376953,0,3,0,0,41.68359375,41.54296875,0,0,0,0.0,0,5,800,training
1754995340.964433,10635,10635,0.041622161865234375,355.890625,0.08045578002929688,9.728K,0.02561807632446289,0,3,0,0,41.68359375,41.54296875,0,0,0,0.0,0,5,900,training
1754995341.012932,10635,10635,0.041622161865234375,355.890625,0.08045578002929688,9.728K,0.02577066421508789,0,3,0,0,41.68359375,41.54296875,0,0,0,0.0,0,5,1000,training
1754995341.0616379,10635,10635,0.041622161865234375,355.890625,0.08045578002929688,9.728K,0.027723312377929688,0,3,0,0,41.68359375,41.54296875,0,0,0,0.0,0,5,1100,training
1754995341.1104052,10635,10635,0.041622161865234375,355.890625,0.08045578002929688,9.728K,0.02852916717529297,0,3,0,0,41.68359375,41.54296875,0,0,0,0.0,0,5,1200,training
1754995341.158867,10635,10635,0.041622161865234375,355.890625,0.08045578002929688,9.728K,0.026357173919677734,0,3,0,0,41.68359375,41.54296875,0,0,0,0.0,0,5,1300,training
1754995341.207297,10635,10635,0.041622161865234375,355.90625,0.08045578002929688,9.728K,0.02534627914428711,0,3,0,0,41.68359375,41.54296875,0,0,0,0.0,0,5,1400,training
1754995341.2553332,10635,10635,0.041622161865234375,355.90625,0.08045578002929688,9.728K,0.025799274444580078,0,3,0,0,41.68359375,41.54296875,0,0,0,0.0,0,5,1500,training
1754995341.303862,10635,10635,0.041622161865234375,355.90625,0.08045578002929688,9.728K,0.02585887908935547,0,3,0,0,41.68359375,41.54296875,0,0,0,0.0,0,5,1600,training
1754995341.352312,10635,10635,0.041622161865234375,355.90625,0.08045578002929688,9.728K,0.02523660659790039,0,3,0,0,41.68359375,41.54296875,0,0,0,0.0,0,5,1700,training
1754995341.400566,10635,10635,0.041622161865234375,355.90625,0.08045578002929688,9.728K,0.02530813217163086,0,3,0,0,41.68359375,41.54296875,0,0,0,0.0,0,5,1800,training
1754995341.44875,10635,10635,0.041622161865234375,355.90625,0.08045578002929688,9.728K,0.0257110595703125,0,3,0,0,41.68359375,41.54296875,0,0,0,0.0,0,5,1900,training
1754995341.4974122,10635,10635,0.041622161865234375,355.90625,0.08045578002929688,9.728K,0.02566814422607422,0,3,0,0,41.68359375,41.54296875,0,0,0,0.0,0,5,2000,training
1754995341.545442,10635,10635,0.041622161865234375,355.90625,0.08045578002929688,9.728K,0.025866031646728516,0,3,0,0,41.68359375,41.54296875,0,0,0,0.0,0,5,2100,training
1754995341.593905,10635,10635,0.041622161865234375,355.90625,0.08045578002929688,9.728K,0.029056072235107422,0,3,0,0,41.68359375,41.54296875,0,0,0,0.0,0,5,2200,training
1754995341.642881,10635,10635,0.041622161865234375,355.90625,0.08045578002929688,9.728K,0.028429031372070312,0,3,0,0,41.68359375,41.54296875,0,0,0,0.0,0,5,2300,training
1754995341.691408,10635,10635,0.041622161865234375,355.90625,0.08045578002929688,9.728K,0.025038719177246094,0,3,0,0,41.68359375,41.54296875,0,0,0,0.0,0,5,2400,training
1754995341.740109,10635,10635,0.041622161865234375,355.90625,0.08045578002929688,9.728K,0.025234222412109375,0,3,0,0,41.68359375,41.54296875,0,0,0,0.0,0,5,2500,training
1754995341.7887099,10635,10635,0.041622161865234375,355.90625,0.08045578002929688,9.728K,0.02576589584350586,0,3,0,0,41.68359375,41.54296875,0,0,0,0.0,0,5,2600,training
1754995341.837285,10635,10635,0.041622161865234375,355.90625,0.08045578002929688,9.728K,0.02536296844482422,0,3,0,0,41.68359375,41.54296875,0,0,0,0.0,0,5,2700,training
1754995341.885768,10635,10635,0.041622161865234375,355.90625,0.08045578002929688,9.728K,0.025446414947509766,0,3,0,0,41.68359375,41.54296875,0,0,0,0.0,0,5,2800,training
1754995341.934054,10635,10635,0.041622161865234375,355.90625,0.08045578002929688,9.728K,0.02584218978881836,0,3,0,0,41.68359375,41.54296875,0,0,0,0.0,0,5,2900,training
1754995341.981921,10635,10635,0.041622161865234375,355.90625,0.08045578002929688,9.728K,0.02557992935180664,0,3,0,0,41.68359375,41.54296875,0,0,0,0.0,0,5,3000,training
1754995342.030564,10635,10635,0.041622161865234375,355.90625,0.08045578002929688,9.728K,0.025663375854492188,0,3,0,0,41.68359375,41.54296875,0,0,0,0.0,0,5,3100,training
1754995342.0785651,10635,10635,0.041622161865234375,355.90625,0.08045578002929688,9.728K,0.027096271514892578,0,3,0,0,41.68359375,41.54296875,0,0,0,0.0,0,5,3200,training
1754995342.12715,10635,10635,0.041622161865234375,355.90625,0.08045578002929688,9.728K,0.028827190399169922,0,3,0,0,41.68359375,41.54296875,0,0,0,0.0,0,5,3300,training
1754995342.1753979,10635,10635,0.041622161865234375,355.9375,0.08045578002929688,9.728K,0.026438236236572266,0,3,0,0,41.68359375,41.54296875,0,0,0,0.0,0,5,3400,training
1754995342.223928,10635,10635,0.041622161865234375,355.9375,0.08045578002929688,9.728K,0.025310516357421875,0,3,0,0,41.68359375,41.54296875,0,0,0,0.0,0,5,3500,training
1754995342.2726998,10635,10635,0.041622161865234375,355.9375,0.08045578002929688,9.728K,0.026001930236816406,0,3,0,0,41.68359375,41.54296875,0,0,0,0.0,0,5,3600,training
1754995342.320967,10635,10635,0.041622161865234375,355.9375,0.08045578002929688,9.728K,0.02538919448852539,0,3,0,0,41.68359375,41.54296875,0,0,0,0.0,0,5,3700,training
1754995342.369479,10635,10635,0.041622161865234375,355.9375,0.08045578002929688,9.728K,0.02542257308959961,0,3,0,0,41.68359375,41.54296875,0,0,0,0.0,0,5,3800,training
1754995342.4174552,10635,10635,0.041622161865234375,355.9375,0.08045578002929688,9.728K,0.025348663330078125,0,3,0,0,41.68359375,41.54296875,0,0,0,0.0,0,5,3900,training
1754995342.466491,10635,10635,0.041622161865234375,355.9375,0.08045578002929688,9.728K,0.02580404281616211,0,3,0,0,41.68359375,41.54296875,0,0,0,0.0,0,5,4000,training
1754995342.515001,10635,10635,0.041622161865234375,355.9375,0.08045578002929688,9.728K,0.025675296783447266,0,3,0,0,41.68359375,41.54296875,0,0,0,0.0,0,5,4100,training
1754995342.563658,10635,10635,0.041622161865234375,355.9375,0.08045578002929688,9.728K,0.025992393493652344,0,3,0,0,41.68359375,41.54296875,0,0,0,0.0,0,5,4200,training
1754995342.611645,10635,10635,0.041622161865234375,355.9375,0.08045578002929688,9.728K,0.027894973754882812,0,3,0,0,41.68359375,41.54296875,0,0,0,0.0,0,5,4300,training
1754995342.6603572,10635,10635,0.041622161865234375,355.9375,0.08045578002929688,9.728K,0.028889179229736328,0,3,0,0,41.68359375,41.54296875,0,0,0,0.0,0,5,4400,training
1754995342.708735,10635,10635,0.041622161865234375,355.9375,0.08045578002929688,9.728K,0.026347637176513672,0,3,0,0,41.68359375,41.54296875,0,0,0,0.0,0,5,4500,training
1754995342.7570078,10635,10635,0.041622161865234375,355.9375,0.08045578002929688,9.728K,0.025250911712646484,0,3,0,0,41.68359375,41.54296875,0,0,0,0.0,0,5,4600,training
1754995342.8060548,10635,10635,0.041622161865234375,355.9375,0.08045578002929688,9.728K,0.025315284729003906,0,3,0,0,41.68359375,41.54296875,0,0,0,0.0,0,5,4700,training
1754995342.85474,10635,10635,0.041622161865234375,355.9375,0.08045578002929688,9.728K,0.02570629119873047,0,3,0,0,41.68359375,41.54296875,0,0,0,0.0,0,5,4800,training
1754995342.903153,10635,10635,0.041622161865234375,355.9375,0.08045578002929688,9.728K,0.026447772979736328,0,3,0,0,41.68359375,41.54296875,0,0,0,0.0,0,5,4900,training
1754995342.9512708,10635,10635,0.041622161865234375,355.96875,0.08045578002929688,9.728K,0.025494098663330078,0,3,0,0,41.68359375,41.54296875,0,0,0,0.0,0,5,5000,training
1754995342.99999,10635,10635,0.041622161865234375,355.96875,0.08045578002929688,9.728K,0.025556087493896484,0,3,0,0,41.68359375,41.54296875,0,0,0,0.0,0,5,5100,training
1754995343.048285,10635,10635,0.041622161865234375,355.96875,0.08045578002929688,9.728K,0.025451183319091797,0,3,0,0,41.68359375,41.54296875,0,0,0,0.0,0,5,5200,training
1754995343.096947,10635,10635,0.041622161865234375,356.0,0.08045578002929688,9.728K,0.02572774887084961,0,3,0,0,41.68359375,41.54296875,0,0,0,0.0,0,5,5300,training
1754995343.144872,10635,10635,0.041622161865234375,356.015625,0.08045578002929688,9.728K,0.025739669799804688,0,3,0,0,41.68359375,41.54296875,0,0,0,0.0,0,5,5400,training
1754995343.193734,10635,10635,0.041622161865234375,356.015625,0.08045578002929688,9.728K,0.029070377349853516,0,3,0,0,41.68359375,41.54296875,0,0,0,0.0,0,5,5500,training
1754995343.2420979,10635,10635,0.041622161865234375,356.015625,0.08045578002929688,9.728K,0.027058124542236328,0,3,0,0,41.68359375,41.54296875,0,0,0,0.0,0,5,5600,training
1754995343.290665,10635,10635,0.041622161865234375,356.015625,0.08045578002929688,9.728K,0.025398731231689453,0,3,0,0,41.68359375,41.54296875,0,0,0,0.0,0,5,5700,training
1754995343.339699,10635,10635,0.041622161865234375,356.015625,0.08045578002929688,9.728K,0.025799274444580078,0,3,0,0,41.68359375,41.54296875,0,0,0,0.0,0,5,5800,training
1754995343.388483,10635,10635,0.041622161865234375,356.015625,0.08045578002929688,9.728K,0.025763511657714844,0,3,0,0,41.68359375,41.54296875,0,0,0,0.0,0,5,5900,training
1754995343.436875,10635,10635,0.041622161865234375,356.015625,0.08045578002929688,9.728K,0.025234222412109375,0,3,0,0,41.68359375,41.54296875,0,0,0,0.0,0,5,6000,training
1754995343.485627,10635,10635,0.041622161865234375,356.015625,0.08045578002929688,9.728K,0.025336742401123047,0,3,0,0,41.68359375,41.54296875,0,0,0,0.0,0,5,6100,training
1754995343.534504,10635,10635,0.041622161865234375,356.015625,0.08045578002929688,9.728K,0.02590179443359375,0,3,0,0,41.68359375,41.54296875,0,0,0,0.0,0,5,6200,training
1754995343.582905,10635,10635,0.041622161865234375,356.015625,0.08045578002929688,9.728K,0.025587081909179688,0,3,0,0,41.68359375,41.54296875,0,0,0,0.0,0,5,6300,training
1754995343.6312609,10635,10635,0.041622161865234375,356.015625,0.08045578002929688,9.728K,0.025441646575927734,0,3,0,0,41.68359375,41.54296875,0,0,0,0.0,0,5,6400,training
1754995343.679187,10635,10635,0.041622161865234375,356.015625,0.08045578002929688,9.728K,0.025377273559570312,0,3,0,0,41.68359375,41.54296875,0,0,0,0.0,0,5,6500,training
1754995343.7274399,10635,10635,0.041622161865234375,356.046875,0.08045578002929688,9.728K,0.02853870391845703,0,3,0,0,41.68359375,41.54296875,0,0,0,0.0,0,5,6600,training
1754995343.7760441,10635,10635,0.041622161865234375,356.046875,0.08045578002929688,9.728K,0.028548240661621094,0,3,0,0,41.68359375,41.54296875,0,0,0,0.0,0,5,6700,training
1754995343.824936,10635,10635,0.041622161865234375,356.046875,0.08045578002929688,9.728K,0.025436878204345703,0,3,0,0,41.68359375,41.54296875,0,0,0,0.0,0,5,6800,training
1754995343.87312,10635,10635,0.041622161865234375,356.046875,0.08045578002929688,9.728K,0.025293827056884766,0,3,0,0,41.68359375,41.54296875,0,0,0,0.0,0,5,6900,training
1754995343.921184,10635,10635,0.041622161865234375,356.046875,0.08045578002929688,9.728K,0.02561330795288086,0,3,0,0,41.68359375,41.54296875,0,0,0,0.0,0,5,7000,training
1754995343.969835,10635,10635,0.041622161865234375,356.046875,0.08045578002929688,9.728K,0.025207996368408203,0,3,0,0,41.68359375,41.54296875,0,0,0,0.0,0,5,7100,training
1754995344.0184581,10635,10635,0.041622161865234375,356.046875,0.08045578002929688,9.728K,0.02550363540649414,0,3,0,0,41.68359375,41.54296875,0,0,0,0.0,0,5,7200,training
1754995344.0671601,10635,10635,0.041622161865234375,356.046875,0.08045578002929688,9.728K,0.026078224182128906,0,3,0,0,41.68359375,41.54296875,0,0,0,0.0,0,5,7300,training
1754995344.115476,10635,10635,0.041622161865234375,356.046875,0.08045578002929688,9.728K,0.025293827056884766,0,3,0,0,41.68359375,41.54296875,0,0,0,0.0,0,5,7400,training
1754995344.163658,10635,10635,0.041622161865234375,356.046875,0.08045578002929688,9.728K,0.02566814422607422,0,3,0,0,41.68359375,41.54296875,0,0,0,0.0,0,5,7500,training
1754995344.212169,10635,10635,0.041622161865234375,356.046875,0.08045578002929688,9.728K,0.02548694610595703,0,3,0,0,41.68359375,41.54296875,0,0,0,0.0,0,5,7600,training
1754995344.261086,10635,10635,0.041622161865234375,356.046875,0.08045578002929688,9.728K,0.028865337371826172,0,3,0,0,41.68359375,41.54296875,0,0,0,0.0,0,5,7700,training
1754995344.310133,10635,10635,0.041622161865234375,356.046875,0.08045578002929688,9.728K,0.029208660125732422,0,3,0,0,41.68359375,41.54296875,0,0,0,0.0,0,5,7800,training
1754995344.358808,10635,10635,0.041622161865234375,356.046875,0.08045578002929688,9.728K,0.026807785034179688,0,3,0,0,41.68359375,41.54296875,0,0,0,0.0,0,5,7900,training
1754995344.4071512,10635,10635,0.041622161865234375,356.046875,0.08045578002929688,9.728K,0.02575397491455078,0,3,0,0,41.68359375,41.54296875,0,0,0,0.0,0,5,8000,training
1754995344.456279,10635,10635,0.041622161865234375,356.078125,0.08045578002929688,9.728K,0.025539398193359375,0,3,0,0,41.68359375,41.54296875,0,0,0,0.0,0,5,8100,training
1754995344.505065,10635,10635,0.041622161865234375,356.078125,0.08045578002929688,9.728K,0.025599002838134766,0,3,0,0,41.68359375,41.54296875,0,0,0,0.0,0,5,8200,training
1754995344.553518,10635,10635,0.041622161865234375,356.078125,0.08045578002929688,9.728K,0.02566814422607422,0,3,0,0,41.68359375,41.54296875,0,0,0,0.0,0,5,8300,training
1754995344.602081,10635,10635,0.041622161865234375,356.078125,0.08045578002929688,9.728K,0.02555370330810547,0,3,0,0,41.68359375,41.54296875,0,0,0,0.0,0,5,8400,training
1754995344.6540082,10635,10635,0.041622161865234375,356.078125,0.08045578002929688,9.728K,0.02554178237915039,0,3,0,0,41.68359375,41.54296875,0,0,0,0.0,0,5,8500,training
1754995344.7024992,10635,10635,0.041622161865234375,356.078125,0.08045578002929688,9.728K,0.025339126586914062,0,3,0,0,41.68359375,41.54296875,0,0,0,0.0,0,5,8600,training
1754995344.751055,10635,10635,0.041622161865234375,356.078125,0.08045578002929688,9.728K,0.025484561920166016,0,3,0,0,41.68359375,41.54296875,0,0,0,0.0,0,5,8700,training
1754995344.799295,10635,10635,0.041622161865234375,356.078125,0.08045578002929688,9.728K,0.02560138702392578,0,3,0,0,41.68359375,41.54296875,0,0,0,0.0,0,5,8800,training
1754995344.848278,10635,10635,0.041622161865234375,356.078125,0.08045578002929688,9.728K,0.025835037231445312,0,3,0,0,41.68359375,41.54296875,0,0,0,0.0,0,5,8900,training
1754995344.896812,10635,10635,0.041622161865234375,356.078125,0.08045578002929688,9.728K,0.02550363540649414,0,3,0,0,41.68359375,41.54296875,0,0,0,0.0,0,5,9000,training
1754995344.945266,10635,10635,0.041622161865234375,356.078125,0.08045578002929688,9.728K,0.02605915069580078,0,3,0,0,41.68359375,41.54296875,0,0,0,0.0,0,5,9100,training
1754995344.994292,10635,10635,0.041622161865234375,356.078125,0.08045578002929688,9.728K,0.028913021087646484,0,3,0,0,41.68359375,41.54296875,0,0,0,0.0,0,5,9200,training
1754995345.043634,10635,10635,0.041622161865234375,356.078125,0.08045578002929688,9.728K,0.031082630157470703,0,3,0,0,41.68359375,41.54296875,0,0,0,0.0,0,5,9300,training
1754995345.092695,10635,10635,0.041622161865234375,356.078125,0.08045578002929688,9.728K,0.028853416442871094,0,3,0,0,41.68359375,41.54296875,0,0,0,0.0,0,5,9400,training
1754995345.141386,10635,10635,0.041622161865234375,356.078125,0.08045578002929688,9.728K,0.025265216827392578,0,3,0,0,41.68359375,41.54296875,0,0,0,0.0,0,5,9500,training
1754995345.1897972,10635,10635,0.041622161865234375,356.078125,0.08045578002929688,9.728K,0.02549886703491211,0,3,0,0,41.68359375,41.54296875,0,0,0,0.0,0,5,9600,training
1754995345.238349,10635,10635,0.041622161865234375,356.078125,0.08045578002929688,9.728K,0.02580404281616211,0,3,0,0,41.68359375,41.54296875,0,0,0,0.0,0,5,9700,training
1754995345.286842,10635,10635,0.041622161865234375,356.078125,0.08045578002929688,9.728K,0.025496482849121094,0,3,0,0,41.68359375,41.54296875,0,0,0,0.0,0,5,9800,training
1754995345.335297,10635,10635,0.041622161865234375,356.078125,0.08045578002929688,9.728K,0.02528667449951172,0,3,0,0,41.68359375,41.54296875,0,0,0,0.0,0,5,9900,training
1754995345.383859,10635,10635,0.041622161865234375,356.078125,0.08045578002929688,9.728K,0.025625228881835938,0,3,0,0,41.68359375,41.54296875,0,0,0,0.0,0,5,10000,training
1754995345.432933,10635,10635,0.041622161865234375,356.078125,0.08045578002929688,9.728K,0.025496482849121094,0,3,0,0,41.68359375,41.54296875,0,0,0,0.0,0,5,10100,training
1754995345.481345,10635,10635,0.041622161865234375,356.09375,0.08045578002929688,9.728K,0.02546072006225586,0,3,0,0,41.68359375,41.54296875,0,0,0,0.0,0,5,10200,training
1754995345.530186,10635,10635,0.041622161865234375,356.09375,0.08045578002929688,9.728K,0.025446414947509766,0,3,0,0,41.68359375,41.54296875,0,0,0,0.0,0,5,10300,training
1754995345.5782871,10635,10635,0.041622161865234375,356.09375,0.08045578002929688,9.728K,0.027530193328857422,0,3,0,0,41.68359375,41.54296875,0,0,0,0.0,0,5,10400,training
1754995345.6267252,10635,10635,0.041622161865234375,356.09375,0.08045578002929688,9.728K,0.028693675994873047,0,3,0,0,41.68359375,41.54296875,0,0,0,0.0,0,5,10500,training
1754995345.67544,10635,10635,0.041622161865234375,356.09375,0.08045578002929688,9.728K,0.026657581329345703,0,3,0,0,41.68359375,41.54296875,0,0,0,0.0,0,5,10600,training
1754995345.7234402,10635,10635,0.041622161865234375,356.09375,0.08045578002929688,9.728K,0.025222301483154297,0,3,0,0,41.68359375,41.54296875,0,0,0,0.0,0,5,10700,training
1754995345.7718668,10635,10635,0.041622161865234375,356.09375,0.08045578002929688,9.728K,0.02618551254272461,0,3,0,0,41.68359375,41.54296875,0,0,0,0.0,0,5,10800,training
1754995345.824697,10635,10635,0.041622161865234375,356.09375,0.08045578002929688,9.728K,0.025370121002197266,0,3,0,0,41.68359375,41.54296875,0,0,0,0.0,0,5,10900,training
1754995345.874028,10635,10635,0.041622161865234375,356.09375,0.08045578002929688,9.728K,0.02542257308959961,0,3,0,0,41.68359375,41.54296875,0,0,0,0.0,0,5,11000,training
1754995345.923279,10635,10635,0.041622161865234375,356.09375,0.08045578002929688,9.728K,0.025365352630615234,0,3,0,0,41.68359375,41.54296875,0,0,0,0.0,0,5,11100,training
1754995345.97219,10635,10635,0.041622161865234375,356.09375,0.08045578002929688,9.728K,0.025789737701416016,0,3,0,0,41.68359375,41.54296875,0,0,0,0.0,0,5,11200,training
1754995346.020821,10635,10635,0.041622161865234375,356.09375,0.08045578002929688,9.728K,0.026047229766845703,0,3,0,0,41.68359375,41.54296875,0,0,0,0.0,0,5,11300,training
1754995346.0687912,10635,10635,0.041622161865234375,356.09375,0.08045578002929688,9.728K,0.025432109832763672,0,3,0,0,41.68359375,41.54296875,0,0,0,0.0,0,5,11400,training
1754995346.117461,10635,10635,0.041622161865234375,356.09375,0.08045578002929688,9.728K,0.02574443817138672,0,3,0,0,41.68359375,41.54296875,0,0,0,0.0,0,5,11500,training
1754995346.1656508,10635,10635,0.041622161865234375,356.09375,0.08045578002929688,9.728K,0.02542734146118164,0,3,0,0,41.68359375,41.54296875,0,0,0,0.0,0,5,11600,training
1754995346.213877,10635,10635,0.041622161865234375,356.09375,0.08045578002929688,9.728K,0.025506019592285156,0,3,0,0,41.68359375,41.54296875,0,0,0,0.0,0,5,11700,training
1754995346.262192,10635,10635,0.041622161865234375,356.09375,0.08045578002929688,9.728K,0.025479793548583984,0,3,0,0,41.68359375,41.54296875,0,0,0,0.0,0,5,11800,training
1754995346.3109918,10635,10635,0.041622161865234375,356.09375,0.08045578002929688,9.728K,0.028705596923828125,0,3,0,0,41.68359375,41.54296875,0,0,0,0.0,0,5,11900,training
1754995346.359875,10635,10635,0.041622161865234375,356.09375,0.08045578002929688,9.728K,0.02870321273803711,0,3,0,0,41.68359375,41.54296875,0,0,0,0.0,0,5,12000,training
1754995346.4076831,10635,10635,0.041622161865234375,356.09375,0.08045578002929688,9.728K,0.025153160095214844,0,3,0,0,41.68359375,41.54296875,0,0,0,0.0,0,5,12100,training
1754995346.455925,10635,10635,0.041622161865234375,356.09375,0.08045578002929688,9.728K,0.0257110595703125,0,3,0,0,41.68359375,41.54296875,0,0,0,0.0,0,5,12200,training
1754995346.504344,10635,10635,0.041622161865234375,356.09375,0.08045578002929688,9.728K,0.025429725646972656,0,3,0,0,41.68359375,41.54296875,0,0,0,0.0,0,5,12300,training
1754995346.55258,10635,10635,0.041622161865234375,356.09375,0.08045578002929688,9.728K,0.025429725646972656,0,3,0,0,41.68359375,41.54296875,0,0,0,0.0,0,5,12400,training
1754995346.6011362,10635,10635,0.041622161865234375,356.09375,0.08045578002929688,9.728K,0.025510787963867188,0,3,0,0,41.68359375,41.54296875,0,0,0,0.0,0,5,12500,training
1754995346.6496909,10635,10635,0.041622161865234375,356.09375,0.08045578002929688,9.728K,0.025494098663330078,0,3,0,0,41.68359375,41.54296875,0,0,0,0.0,0,5,12600,training
1754995346.697962,10635,10635,0.041622161865234375,356.125,0.08045578002929688,9.728K,0.025539398193359375,0,3,0,0,41.68359375,41.54296875,0,0,0,0.0,0,5,12700,training
1754995346.745861,10635,10635,0.041622161865234375,356.125,0.08045578002929688,9.728K,0.025534629821777344,0,3,0,0,41.68359375,41.54296875,0,0,0,0.0,0,5,12800,training
1754995346.794949,10635,10635,0.041622161865234375,356.125,0.08045578002929688,9.728K,0.027313232421875,0,3,0,0,41.68359375,41.54296875,0,0,0,0.0,0,5,12900,training
1754995346.843713,10635,10635,0.041622161865234375,356.125,0.08045578002929688,9.728K,0.029201507568359375,0,3,0,0,41.68359375,41.54296875,0,0,0,0.0,0,5,13000,training
1754995346.89275,10635,10635,0.041622161865234375,356.125,0.08045578002929688,9.728K,0.02881765365600586,0,3,0,0,41.68359375,41.54296875,0,0,0,0.0,0,5,13100,training
1754995346.940734,10635,10635,0.041622161865234375,356.125,0.08045578002929688,9.728K,0.025365352630615234,0,3,0,0,41.68359375,41.54296875,0,0,0,0.0,0,5,13200,training
1754995346.988852,10635,10635,0.041622161865234375,356.125,0.08045578002929688,9.728K,0.025827884674072266,0,3,0,0,41.68359375,41.54296875,0,0,0,0.0,0,5,13300,training
1754995347.037481,10635,10635,0.041622161865234375,356.125,0.08045578002929688,9.728K,0.02563953399658203,0,3,0,0,41.68359375,41.54296875,0,0,0,0.0,0,5,13400,training
1754995347.0863218,10635,10635,0.041622161865234375,356.125,0.08045578002929688,9.728K,0.02519845962524414,0,3,0,0,41.68359375,41.54296875,0,0,0,0.0,0,5,13500,training
1754995347.134651,10635,10635,0.041622161865234375,356.125,0.08045578002929688,9.728K,0.02540111541748047,0,3,0,0,41.68359375,41.54296875,0,0,0,0.0,0,5,13600,training
1754995347.183245,10635,10635,0.041622161865234375,356.125,0.08045578002929688,9.728K,0.025684833526611328,0,3,0,0,41.68359375,41.54296875,0,0,0,0.0,0,5,13700,training
1754995347.231921,10635,10635,0.041622161865234375,356.125,0.08045578002929688,9.728K,0.02541065216064453,0,3,0,0,41.68359375,41.54296875,0,0,0,0.0,0,5,13800,training
1754995347.2804859,10635,10635,0.041622161865234375,356.125,0.08045578002929688,9.728K,0.025336742401123047,0,3,0,0,41.68359375,41.54296875,0,0,0,0.0,0,5,13900,training
1754995347.3286898,10635,10635,0.041622161865234375,356.125,0.08045578002929688,9.728K,0.02607583999633789,0,3,0,0,41.68359375,41.54296875,0,0,0,0.0,0,5,14000,training
1754995347.3775501,10635,10635,0.041622161865234375,356.125,0.08045578002929688,9.728K,0.029168128967285156,0,3,0,0,41.68359375,41.54296875,0,0,0,0.0,0,5,14100,training
1754995347.4257238,10635,10635,0.041622161865234375,356.125,0.08045578002929688,9.728K,0.02790689468383789,0,3,0,0,41.68359375,41.54296875,0,0,0,0.0,0,5,14200,training
1754995347.4738932,10635,10635,0.041622161865234375,356.125,0.08045578002929688,9.728K,0.02573251724243164,0,3,0,0,41.68359375,41.54296875,0,0,0,0.0,0,5,14300,training
1754995347.522209,10635,10635,0.041622161865234375,356.125,0.08045578002929688,9.728K,0.025637149810791016,0,3,0,0,41.68359375,41.54296875,0,0,0,0.0,0,5,14400,training
1754995347.570763,10635,10635,0.041622161865234375,356.140625,0.08045578002929688,9.728K,0.025570392608642578,0,3,0,0,41.68359375,41.54296875,0,0,0,0.0,0,5,14500,training
1754995347.619435,10635,10635,0.041622161865234375,356.140625,0.08045578002929688,9.728K,0.025417804718017578,0,3,0,0,41.68359375,41.54296875,0,0,0,0.0,0,5,14600,training
1754995347.668309,10635,10635,0.041622161865234375,356.140625,0.08045578002929688,9.728K,0.025391578674316406,0,3,0,0,41.68359375,41.54296875,0,0,0,0.0,0,5,14700,training
1754995347.717071,10635,10635,0.041622161865234375,356.140625,0.08045578002929688,9.728K,0.02583026885986328,0,3,0,0,41.68359375,41.54296875,0,0,0,0.0,0,5,14800,training
1754995347.76526,10635,10635,0.041622161865234375,356.140625,0.08045578002929688,9.728K,0.025768280029296875,0,3,0,0,41.68359375,41.54296875,0,0,0,0.0,0,5,14900,training
1754995347.813566,10635,10635,0.041622161865234375,356.140625,0.08045578002929688,9.728K,0.02588033676147461,0,3,0,0,41.68359375,41.54296875,0,0,0,0.0,0,5,15000,training
1754995347.8628962,10635,10635,0.041622161865234375,356.140625,0.08045578002929688,9.728K,0.025510787963867188,0,3,0,0,41.68359375,41.54296875,0,0,0,0.0,0,5,15100,training
1754995347.911031,10635,10635,0.041622161865234375,356.140625,0.08045578002929688,9.728K,0.029108524322509766,0,3,0,0,41.68359375,41.54296875,0,0,0,0.0,0,5,15200,training
1754995347.96058,10635,10635,0.041622161865234375,356.171875,0.08045578002929688,9.728K,0.03209829330444336,0,3,0,0,41.68359375,41.54296875,0,0,0,0.0,0,5,15300,training
1754995348.01206,10635,10635,0.041622161865234375,356.171875,0.08045578002929688,9.728K,0.02561330795288086,0,3,0,0,41.68359375,41.54296875,0,0,0,0.0,0,5,15400,training
1754995348.0603678,10635,10635,0.041622161865234375,356.1875,0.08045578002929688,9.728K,0.02920389175415039,0,3,0,0,41.68359375,41.54296875,0,0,0,0.0,0,5,15500,training
1754995348.1081111,10635,10635,0.041622161865234375,356.1875,0.08045578002929688,9.728K,0.02530813217163086,0,3,0,0,41.68359375,41.54296875,0,0,0,0.0,0,5,15600,training
1754995348.157106,10635,10635,0.041622161865234375,356.1875,0.08045578002929688,9.728K,0.025386810302734375,0,3,0,0,41.68359375,41.54296875,0,0,0,0.0,0,5,15700,training
1754995348.205647,10635,10635,0.041622161865234375,356.1875,0.08045578002929688,9.728K,0.025336742401123047,0,3,0,0,41.68359375,41.54296875,0,0,0,0.0,0,5,15800,training
1754995348.25356,10635,10635,0.041622161865234375,356.1875,0.08045578002929688,9.728K,0.025377273559570312,0,3,0,0,41.68359375,41.54296875,0,0,0,0.0,0,5,15900,training
1754995348.301704,10635,10635,0.041622161865234375,356.1875,0.08045578002929688,9.728K,0.025098323822021484,0,3,0,0,41.68359375,41.54296875,0,0,0,0.0,0,5,16000,training
1754995348.3500009,10635,10635,0.041622161865234375,356.1875,0.08045578002929688,9.728K,0.02538919448852539,0,3,0,0,41.68359375,41.54296875,0,0,0,0.0,0,5,16100,training
1754995348.398779,10635,10635,0.041622161865234375,356.1875,0.08045578002929688,9.728K,0.02629995346069336,0,3,0,0,41.68359375,41.54296875,0,0,0,0.0,0,5,16200,training
1754995348.448679,10635,10635,0.041622161865234375,356.1875,0.08045578002929688,9.728K,0.02748727798461914,0,3,0,0,41.68359375,41.54296875,0,0,0,0.0,0,5,16300,training
1754995348.498658,10635,10635,0.041622161865234375,356.1875,0.08045578002929688,9.728K,0.02552032470703125,0,3,0,0,41.68359375,41.54296875,0,0,0,0.0,0,5,16400,training
1754995348.547589,10635,10635,0.041622161865234375,356.1875,0.08045578002929688,9.728K,0.02565145492553711,0,3,0,0,41.68359375,41.54296875,0,0,0,0.0,0,5,16500,training
1754995348.596092,10635,10635,0.041622161865234375,356.1875,0.08045578002929688,9.728K,0.025379657745361328,0,3,0,0,41.68359375,41.54296875,0,0,0,0.0,0,5,16600,training
1754995348.64482,10635,10635,0.041622161865234375,356.1875,0.08045578002929688,9.728K,0.025925636291503906,0,3,0,0,41.68359375,41.54296875,0,0,0,0.0,0,5,16700,training
1754995348.693592,10635,10635,0.041622161865234375,356.1875,0.08045578002929688,9.728K,0.02860546112060547,0,3,0,0,41.68359375,41.54296875,0,0,0,0.0,0,5,16800,training
1754995348.742313,10635,10635,0.041622161865234375,356.1875,0.08045578002929688,9.728K,0.027294158935546875,0,3,0,0,41.68359375,41.54296875,0,0,0,0.0,0,5,16900,training
1754995348.790646,10635,10635,0.041622161865234375,356.1875,0.08045578002929688,9.728K,0.025141239166259766,0,3,0,0,41.68359375,41.54296875,0,0,0,0.0,0,5,17000,training
1754995348.838681,10635,10635,0.041622161865234375,356.1875,0.08045578002929688,9.728K,0.025317668914794922,0,3,0,0,41.68359375,41.54296875,0,0,0,0.0,0,5,17100,training
1754995348.889632,10635,10635,0.041622161865234375,356.1875,0.08045578002929688,9.728K,0.025467872619628906,0,3,0,0,41.68359375,41.54296875,0,0,0,0.0,0,5,17200,training
1754995348.939444,10635,10635,0.041622161865234375,356.21875,0.08045578002929688,9.728K,0.025396347045898438,0,3,0,0,41.68359375,41.54296875,0,0,0,0.0,0,5,17300,training
1754995348.9936361,10635,10635,0.041622161865234375,356.21875,0.08045578002929688,9.728K,0.031139850616455078,0,3,0,0,41.68359375,41.54296875,0,0,0,0.0,0,5,17400,training
1754995349.043136,10635,10635,0.041622161865234375,356.21875,0.08045578002929688,9.728K,0.029108524322509766,0,3,0,0,41.68359375,41.54296875,0,0,0,0.0,0,5,17500,training
1754995349.091497,10635,10635,0.041622161865234375,356.21875,0.08045578002929688,9.728K,0.025336742401123047,0,3,0,0,41.68359375,41.54296875,0,0,0,0.0,0,5,17600,training
1754995349.140657,10635,10635,0.041622161865234375,356.21875,0.08045578002929688,9.728K,0.02537250518798828,0,3,0,0,41.68359375,41.54296875,0,0,0,0.0,0,5,17700,training
1754995349.1887732,10635,10635,0.041622161865234375,356.21875,0.08045578002929688,9.728K,0.02556324005126953,0,3,0,0,41.68359375,41.54296875,0,0,0,0.0,0,5,17800,training
1754995349.237223,10635,10635,0.041622161865234375,356.21875,0.08045578002929688,9.728K,0.025658607482910156,0,3,0,0,41.68359375,41.54296875,0,0,0,0.0,0,5,17900,training
1754995349.285473,10635,10635,0.041622161865234375,356.21875,0.08045578002929688,9.728K,0.025298595428466797,0,3,0,0,41.68359375,41.54296875,0,0,0,0.0,0,5,18000,training
1754995349.33412,10635,10635,0.041622161865234375,356.21875,0.08045578002929688,9.728K,0.02548694610595703,0,3,0,0,41.68359375,41.54296875,0,0,0,0.0,0,5,18100,training
1754995349.382678,10635,10635,0.041622161865234375,356.21875,0.08045578002929688,9.728K,0.02570629119873047,0,3,0,0,41.68359375,41.54296875,0,0,0,0.0,0,5,18200,training
1754995349.431147,10635,10635,0.041622161865234375,356.21875,0.08045578002929688,9.728K,0.025374889373779297,0,3,0,0,41.68359375,41.54296875,0,0,0,0.0,0,5,18300,training
1754995349.479245,10635,10635,0.041622161865234375,356.21875,0.08045578002929688,9.728K,0.02567291259765625,0,3,0,0,41.68359375,41.54296875,0,0,0,0.0,0,5,18400,training
1754995349.527646,10635,10635,0.041622161865234375,356.21875,0.08045578002929688,9.728K,0.025908946990966797,0,3,0,0,41.68359375,41.54296875,0,0,0,0.0,0,5,18500,training
1754995349.5764081,10635,10635,0.041622161865234375,356.21875,0.08045578002929688,9.728K,0.028431415557861328,0,3,0,0,41.68359375,41.54296875,0,0,0,0.0,0,5,18600,training
1754995349.624654,10635,10635,0.041622161865234375,356.21875,0.08045578002929688,9.728K,0.02554178237915039,0,3,0,0,41.68359375,41.54296875,0,0,0,0.0,0,5,18700,training
1754995349.672794,10635,10635,0.041622161865234375,356.21875,0.08045578002929688,9.728K,0.025725364685058594,0,3,0,0,41.68359375,41.54296875,0,0,0,0.0,0,5,18800,training
1754995349.72105,10635,10635,0.041622161865234375,356.21875,0.08045578002929688,9.728K,0.025775432586669922,0,3,0,0,41.68359375,41.54296875,0,0,0,0.0,0,5,18900,training
1754995349.769464,10635,10635,0.041622161865234375,356.21875,0.08045578002929688,9.728K,0.025186538696289062,0,3,0,0,41.68359375,41.54296875,0,0,0,0.0,0,5,19000,training
1754995349.817878,10635,10635,0.041622161865234375,356.21875,0.08045578002929688,9.728K,0.025587081909179688,0,3,0,0,41.68359375,41.54296875,0,0,0,0.0,0,5,19100,training
1754995349.866539,10635,10635,0.041622161865234375,356.21875,0.08045578002929688,9.728K,0.025517940521240234,0,3,0,0,41.68359375,41.54296875,0,0,0,0.0,0,5,19200,training
1754995349.914768,10635,10635,0.041622161865234375,356.21875,0.08045578002929688,9.728K,0.02569437026977539,0,3,0,0,41.68359375,41.54296875,0,0,0,0.0,0,5,19300,training
1754995349.963011,10635,10635,0.041622161865234375,356.234375,0.08045578002929688,9.728K,0.02588033676147461,0,3,0,0,41.68359375,41.54296875,0,0,0,0.0,0,5,19400,training
1754995350.011223,10635,10635,0.041622161865234375,356.234375,0.08045578002929688,9.728K,0.027027130126953125,0,3,0,0,41.68359375,41.54296875,0,0,0,0.0,0,5,19500,training
1754995350.060235,10635,10635,0.041622161865234375,356.265625,0.08045578002929688,9.728K,0.0286865234375,0,3,0,0,41.68359375,41.54296875,0,0,0,0.0,0,5,19600,training
1754995350.1081889,10635,10635,0.041622161865234375,356.265625,0.08045578002929688,9.728K,0.025432109832763672,0,3,0,0,41.68359375,41.54296875,0,0,0,0.0,0,5,19700,training
1754995350.156862,10635,10635,0.041622161865234375,356.265625,0.08045578002929688,9.728K,0.025382041931152344,0,3,0,0,41.68359375,41.54296875,0,0,0,0.0,0,5,19800,training
1754995350.205098,10635,10635,0.041622161865234375,356.265625,0.08045578002929688,9.728K,0.026144981384277344,0,3,0,0,41.68359375,41.54296875,0,0,0,0.0,0,5,19900,training
1754995350.253748,10635,10635,0.041622161865234375,356.265625,0.08045578002929688,9.728K,0.025377273559570312,0,3,0,0,41.68359375,41.54296875,0,0,0,0.0,0,5,20000,training
1754995350.302,10635,10635,0.041622161865234375,356.265625,0.08045578002929688,9.728K,0.025272369384765625,0,3,0,0,41.68359375,41.54296875,0,0,0,0.0,0,5,20100,training
1754995350.350532,10635,10635,0.041622161865234375,356.265625,0.08045578002929688,9.728K,0.025403499603271484,0,3,0,0,41.68359375,41.54296875,0,0,0,0.0,0,5,20200,training
1754995350.399497,10635,10635,0.041622161865234375,356.265625,0.08045578002929688,9.728K,0.02590656280517578,0,3,0,0,41.68359375,41.54296875,0,0,0,0.0,0,5,20300,training
1754995350.4482932,10635,10635,0.041622161865234375,356.265625,0.08045578002929688,9.728K,0.02557516098022461,0,3,0,0,41.68359375,41.54296875,0,0,0,0.0,0,5,20400,training
1754995350.496829,10635,10635,0.041622161865234375,356.265625,0.08045578002929688,9.728K,0.02616405487060547,0,3,0,0,41.68359375,41.54296875,0,0,0,0.0,0,5,20500,training
1754995350.545099,10635,10635,0.041622161865234375,356.265625,0.08045578002929688,9.728K,0.02599477767944336,0,3,0,0,41.68359375,41.54296875,0,0,0,0.0,0,5,20600,training
1754995350.5936902,10635,10635,0.041622161865234375,356.265625,0.08045578002929688,9.728K,0.028564929962158203,0,3,0,0,41.68359375,41.54296875,0,0,0,0.0,0,5,20700,training
1754995350.64206,10635,10635,0.041622161865234375,356.265625,0.08045578002929688,9.728K,0.026848316192626953,0,3,0,0,41.68359375,41.54296875,0,0,0,0.0,0,5,20800,training
1754995350.6907861,10635,10635,0.041622161865234375,356.265625,0.08045578002929688,9.728K,0.02541065216064453,0,3,0,0,41.68359375,41.54296875,0,0,0,0.0,0,5,20900,training
1754995350.739109,10635,10635,0.041622161865234375,356.265625,0.08045578002929688,9.728K,0.025827884674072266,0,3,0,0,41.68359375,41.54296875,0,0,0,0.0,0,5,21000,training
1754995350.789691,10635,10635,0.041622161865234375,356.265625,0.08045578002929688,9.728K,0.027511119842529297,0,3,0,0,41.68359375,41.54296875,0,0,0,0.0,0,5,21100,training
1754995350.85677,10635,10635,0.041622161865234375,356.265625,0.08045578002929688,9.728K,0.027573108673095703,0,3,0,0,41.68359375,41.54296875,0,0,0,0.0,0,5,21200,training
1754995350.9190788,10635,10635,0.041622161865234375,356.265625,0.08045578002929688,9.728K,0.028216838836669922,0,3,0,0,41.68359375,41.54296875,0,0,0,0.0,0,5,21300,training
1754995350.9865038,10635,10635,0.041622161865234375,356.265625,0.08045578002929688,9.728K,0.03233194351196289,0,3,0,0,41.68359375,41.54296875,0,0,0,0.0,0,5,21400,training
1754995351.0488908,10635,10635,0.041622161865234375,356.265625,0.08045578002929688,9.728K,0.027709007263183594,0,3,0,0,41.68359375,41.54296875,0,0,0,0.0,0,5,21500,training
1754995351.1092422,10635,10635,0.041622161865234375,356.265625,0.08045578002929688,9.728K,0.03274679183959961,0,3,0,0,41.68359375,41.54296875,0,0,0,0.0,0,5,21600,training
1754995351.170756,10635,10635,0.041622161865234375,356.265625,0.08045578002929688,9.728K,0.02907276153564453,0,3,0,0,41.68359375,41.54296875,0,0,0,0.0,0,5,21700,training
1754995351.235602,10635,10635,0.041622161865234375,356.265625,0.08045578002929688,9.728K,0.028023719787597656,0,3,0,0,41.68359375,41.54296875,0,0,0,0.0,0,5,21800,training
1754995351.291817,10635,10635,0.041622161865234375,356.265625,0.08045578002929688,9.728K,0.03062725067138672,0,3,0,0,41.68359375,41.54296875,0,0,0,0.0,0,5,21900,training
1754995351.3549492,10635,10635,0.041622161865234375,356.265625,0.08045578002929688,9.728K,0.02752542495727539,0,3,0,0,41.68359375,41.54296875,0,0,0,0.0,0,5,22000,training
1754995351.411194,10635,10635,0.041622161865234375,356.265625,0.08045578002929688,9.728K,0.03541231155395508,0,3,0,0,41.68359375,41.54296875,0,0,0,0.0,0,5,22100,training
1754995351.477322,10635,10635,0.041622161865234375,356.265625,0.08045578002929688,9.728K,0.0340580940246582,0,3,0,0,41.68359375,41.54296875,0,0,0,0.0,0,5,22200,training
1754995351.533578,10635,10635,0.041622161865234375,356.265625,0.08045578002929688,9.728K,0.028104782104492188,0,3,0,0,41.68359375,41.54296875,0,0,0,0.0,0,5,22300,training
1754995351.597465,10635,10635,0.041622161865234375,356.265625,0.08045578002929688,9.728K,0.02794027328491211,0,3,0,0,41.68359375,41.54296875,0,0,0,0.0,0,5,22400,training
1754995351.6528919,10635,10635,0.041622161865234375,356.265625,0.08045578002929688,9.728K,0.028467178344726562,0,3,0,0,41.68359375,41.54296875,0,0,0,0.0,0,5,22500,training
1754995351.712047,10635,10635,0.041622161865234375,356.265625,0.08045578002929688,9.728K,0.05080223083496094,0,3,0,0,41.68359375,41.54296875,0,0,0,0.0,0,5,22600,training
1754995351.781565,10635,10635,0.041622161865234375,356.265625,0.08045578002929688,9.728K,0.025646686553955078,0,3,0,0,41.68359375,41.54296875,0,0,0,0.0,0,5,22700,training
1754995351.832066,10635,10635,0.041622161865234375,356.265625,0.08045578002929688,9.728K,0.025320053100585938,0,3,0,0,41.68359375,41.54296875,0,0,0,0.0,0,5,22800,training
1754995351.881879,10635,10635,0.041622161865234375,356.265625,0.08045578002929688,9.728K,0.025646686553955078,0,3,0,0,41.68359375,41.54296875,0,0,0,0.0,0,5,22900,training
1754995351.930741,10635,10635,0.041622161865234375,356.265625,0.08045578002929688,9.728K,0.025627613067626953,0,3,0,0,41.68359375,41.54296875,0,0,0,0.0,0,5,23000,training
1754995351.979161,10635,10635,0.041622161865234375,356.265625,0.08045578002929688,9.728K,0.025670528411865234,0,3,0,0,41.68359375,41.54296875,0,0,0,0.0,0,5,23100,training
1754995352.0279229,10635,10635,0.041622161865234375,356.265625,0.08045578002929688,9.728K,0.02578258514404297,0,3,0,0,41.68359375,41.54296875,0,0,0,0.0,0,5,23200,training
1754995352.077122,10635,10635,0.041622161865234375,356.265625,0.08045578002929688,9.728K,0.029065608978271484,0,3,0,0,41.68359375,41.54296875,0,0,0,0.0,0,5,23300,training
1754995352.125679,10635,10635,0.041622161865234375,356.265625,0.08045578002929688,9.728K,0.02872943878173828,0,3,0,0,41.68359375,41.54296875,0,0,0,0.0,0,5,23400,training
1754995352.174881,10635,10635,0.041622161865234375,356.265625,0.08045578002929688,9.728K,0.02596139907836914,0,3,0,0,41.68359375,41.54296875,0,0,0,0.0,0,5,23500,training
1754995352.2238321,10635,10635,0.041622161865234375,356.265625,0.08045578002929688,9.728K,0.025436878204345703,0,3,0,0,41.68359375,41.54296875,0,0,0,0.0,0,5,23600,training
1754995352.2724638,10635,10635,0.041622161865234375,356.265625,0.08045578002929688,9.728K,0.025482177734375,0,3,0,0,41.68359375,41.54296875,0,0,0,0.0,0,5,23700,training
1754995352.320944,10635,10635,0.041622161865234375,356.296875,0.08045578002929688,9.728K,0.02555370330810547,0,3,0,0,41.68359375,41.54296875,0,0,0,0.0,0,5,23800,training
1754995352.36949,10635,10635,0.041622161865234375,356.296875,0.08045578002929688,9.728K,0.025622844696044922,0,3,0,0,41.68359375,41.54296875,0,0,0,0.0,0,5,23900,training
1754995352.418014,10635,10635,0.041622161865234375,356.296875,0.08045578002929688,9.728K,0.025424957275390625,0,3,0,0,41.68359375,41.54296875,0,0,0,0.0,0,5,24000,training
1754995352.4672089,10635,10635,0.041622161865234375,356.296875,0.08045578002929688,9.728K,0.025374889373779297,0,3,0,0,41.68359375,41.54296875,0,0,0,0.0,0,5,24100,training
1754995352.515829,10635,10635,0.041622161865234375,356.3125,0.08045578002929688,9.728K,0.025548934936523438,0,3,0,0,41.68359375,41.54296875,0,0,0,0.0,0,5,24200,training
1754995352.565129,10635,10635,0.041622161865234375,356.3125,0.08045578002929688,9.728K,0.025317668914794922,0,3,0,0,41.68359375,41.54296875,0,0,0,0.0,0,5,24300,training
1754995352.6140969,10635,10635,0.041622161865234375,356.3125,0.08045578002929688,9.728K,0.025756359100341797,0,3,0,0,41.68359375,41.54296875,0,0,0,0.0,0,5,24400,training
1754995352.662722,10635,10635,0.041622161865234375,356.3125,0.08045578002929688,9.728K,0.025370121002197266,0,3,0,0,41.68359375,41.54296875,0,0,0,0.0,0,5,24500,training
1754995352.710589,10635,10635,0.041622161865234375,356.3125,0.08045578002929688,9.728K,0.028913021087646484,0,3,0,0,41.68359375,41.54296875,0,0,0,0.0,0,5,24600,training
1754995352.758625,10635,10635,0.041622161865234375,356.3125,0.08045578002929688,9.728K,0.026841163635253906,0,3,0,0,41.68359375,41.54296875,0,0,0,0.0,0,5,24700,training
1754995352.808512,10635,10635,0.041622161865234375,356.3125,0.08045578002929688,9.728K,0.027158260345458984,0,3,0,0,41.68359375,41.54296875,0,0,0,0.0,0,5,24800,training
1754995352.857462,10635,10635,0.041622161865234375,356.28125,0.08045578002929688,9.728K,0.02585887908935547,0,3,0,0,41.68359375,41.54296875,0,0,0,0.0,0,5,24900,training
1754995352.90798,10635,10635,0.041622161865234375,356.28125,0.08045578002929688,9.728K,0.025463104248046875,0,3,0,0,41.68359375,41.54296875,0,0,0,0.0,0,5,25000,training
1754995352.9579442,10635,10635,0.041622161865234375,356.28125,0.08045578002929688,9.728K,0.025403499603271484,0,3,0,0,41.68359375,41.54296875,0,0,0,0.0,0,5,25100,training
1754995353.005955,10635,10635,0.041622161865234375,356.28125,0.08045578002929688,9.728K,0.02550363540649414,0,3,0,0,41.68359375,41.54296875,0,0,0,0.0,0,5,25200,training
1754995353.054753,10635,10635,0.041622161865234375,356.28125,0.08045578002929688,9.728K,0.025560855865478516,0,3,0,0,41.68359375,41.54296875,0,0,0,0.0,0,5,25300,training
1754995353.1053178,10635,10635,0.041622161865234375,356.28125,0.08045578002929688,9.728K,0.040307044982910156,0,3,0,0,41.68359375,41.54296875,0,0,0,0.0,0,5,25400,training
1754995353.161834,10635,10635,0.041622161865234375,356.28125,0.08045578002929688,9.728K,0.030820369720458984,0,3,0,0,41.68359375,41.54296875,0,0,0,0.0,0,5,25500,training
1754995353.2186098,10635,10635,0.041622161865234375,356.28125,0.08045578002929688,9.728K,0.027396678924560547,0,3,0,0,41.68359375,41.54296875,0,0,0,0.0,0,5,25600,training
1754995353.274771,10635,10635,0.041622161865234375,356.28125,0.08045578002929688,9.728K,0.0319218635559082,0,3,0,0,41.68359375,41.54296875,0,0,0,0.0,0,5,25700,training
1754995353.3465369,10635,10635,0.041622161865234375,356.328125,0.08045578002929688,9.728K,0.027379989624023438,0,3,0,0,41.68359375,41.54296875,0,0,0,0.0,0,5,25800,training
1754995353.4013991,10635,10635,0.041622161865234375,356.328125,0.08045578002929688,9.728K,0.029323101043701172,0,3,0,0,41.68359375,41.54296875,0,0,0,0.0,0,5,25900,training
1754995353.452134,10635,10635,0.041622161865234375,356.328125,0.08045578002929688,9.728K,0.02523660659790039,0,3,0,0,41.68359375,41.54296875,0,0,0,0.0,0,5,26000,training
1754995353.501159,10635,10635,0.041622161865234375,356.328125,0.08045578002929688,9.728K,0.025289058685302734,0,3,0,0,41.68359375,41.54296875,0,0,0,0.0,0,5,26100,training
1754995353.549663,10635,10635,0.041622161865234375,356.328125,0.08045578002929688,9.728K,0.02536773681640625,0,3,0,0,41.68359375,41.54296875,0,0,0,0.0,0,5,26200,training
1754995353.5981991,10635,10635,0.041622161865234375,356.328125,0.08045578002929688,9.728K,0.025813579559326172,0,3,0,0,41.68359375,41.54296875,0,0,0,0.0,0,5,26300,training
1754995353.646533,10635,10635,0.041622161865234375,356.328125,0.08045578002929688,9.728K,0.026068687438964844,0,3,0,0,41.68359375,41.54296875,0,0,0,0.0,0,5,26400,training
1754995353.695198,10635,10635,0.041622161865234375,356.328125,0.08045578002929688,9.728K,0.02574443817138672,0,3,0,0,41.68359375,41.54296875,0,0,0,0.0,0,5,26500,training
1754995353.743555,10635,10635,0.041622161865234375,356.328125,0.08045578002929688,9.728K,0.029320716857910156,0,3,0,0,41.68359375,41.54296875,0,0,0,0.0,0,5,26600,training
1754995353.7923882,10635,10635,0.041622161865234375,356.328125,0.08045578002929688,9.728K,0.02830028533935547,0,3,0,0,41.68359375,41.54296875,0,0,0,0.0,0,5,26700,training
1754995353.8404312,10635,10635,0.041622161865234375,356.328125,0.08045578002929688,9.728K,0.025382041931152344,0,3,0,0,41.68359375,41.54296875,0,0,0,0.0,0,5,26800,training
1754995353.888892,10635,10635,0.041622161865234375,356.328125,0.08045578002929688,9.728K,0.025763511657714844,0,3,0,0,41.68359375,41.54296875,0,0,0,0.0,0,5,26900,training
1754995353.938146,10635,10635,0.041622161865234375,356.328125,0.08045578002929688,9.728K,0.027883052825927734,0,3,0,0,41.68359375,41.54296875,0,0,0,0.0,0,5,27000,training
1754995353.988211,10635,10635,0.041622161865234375,356.328125,0.08045578002929688,9.728K,0.02536773681640625,0,3,0,0,41.68359375,41.54296875,0,0,0,0.0,0,5,27100,training
1754995354.036684,10635,10635,0.041622161865234375,356.328125,0.08045578002929688,9.728K,0.025660991668701172,0,3,0,0,41.68359375,41.54296875,0,0,0,0.0,0,5,27200,training
1754995354.085393,10635,10635,0.041622161865234375,356.328125,0.08045578002929688,9.728K,0.025241374969482422,0,3,0,0,41.68359375,41.54296875,0,0,0,0.0,0,5,27300,training
1754995354.133704,10635,10635,0.041622161865234375,356.328125,0.08045578002929688,9.728K,0.025589466094970703,0,3,0,0,41.68359375,41.54296875,0,0,0,0.0,0,5,27400,training
1754995354.182194,10635,10635,0.041622161865234375,356.328125,0.08045578002929688,9.728K,0.025053024291992188,0,3,0,0,41.68359375,41.54296875,0,0,0,0.0,0,5,27500,training
1754995354.2301471,10635,10635,0.041622161865234375,356.328125,0.08045578002929688,9.728K,0.025632381439208984,0,3,0,0,41.68359375,41.54296875,0,0,0,0.0,0,5,27600,training
1754995354.2781172,10635,10635,0.041622161865234375,356.328125,0.08045578002929688,9.728K,0.025806427001953125,0,3,0,0,41.68359375,41.54296875,0,0,0,0.0,0,5,27700,training
1754995354.3268852,10635,10635,0.041622161865234375,356.359375,0.08045578002929688,9.728K,0.029172897338867188,0,3,0,0,41.68359375,41.54296875,0,0,0,0.0,0,5,27800,training
1754995354.375935,10635,10635,0.041622161865234375,356.359375,0.08045578002929688,9.728K,0.028557777404785156,0,3,0,0,41.68359375,41.54296875,0,0,0,0.0,0,5,27900,training
1754995354.4244428,10635,10635,0.041622161865234375,356.359375,0.08045578002929688,9.728K,0.025634765625,0,3,0,0,41.68359375,41.54296875,0,0,0,0.0,0,5,28000,training
1754995354.4728582,10635,10635,0.041622161865234375,356.359375,0.08045578002929688,9.728K,0.025441646575927734,0,3,0,0,41.68359375,41.54296875,0,0,0,0.0,0,5,28100,training
1754995354.521653,10635,10635,0.041622161865234375,356.359375,0.08045578002929688,9.728K,0.025243759155273438,0,3,0,0,41.68359375,41.54296875,0,0,0,0.0,0,5,28200,training
1754995354.569925,10635,10635,0.041622161865234375,356.359375,0.08045578002929688,9.728K,0.025758743286132812,0,3,0,0,41.68359375,41.54296875,0,0,0,0.0,0,5,28300,training
1754995354.618488,10635,10635,0.041622161865234375,356.359375,0.08045578002929688,9.728K,0.02511739730834961,0,3,0,0,41.68359375,41.54296875,0,0,0,0.0,0,5,28400,training
1754995354.667125,10635,10635,0.041622161865234375,356.375,0.08045578002929688,9.728K,0.025417804718017578,0,3,0,0,41.68359375,41.54296875,0,0,0,0.0,0,5,28500,training
1754995354.715978,10635,10635,0.041622161865234375,356.375,0.08045578002929688,9.728K,0.025560855865478516,0,3,0,0,41.68359375,41.54296875,0,0,0,0.0,0,5,28600,training
1754995354.764194,10635,10635,0.041622161865234375,356.40625,0.08045578002929688,9.728K,0.025947093963623047,0,3,0,0,41.68359375,41.54296875,0,0,0,0.0,0,5,28700,training
1754995354.8125708,10635,10635,0.041622161865234375,356.40625,0.08045578002929688,9.728K,0.02588510513305664,0,3,0,0,41.68359375,41.54296875,0,0,0,0.0,0,5,28800,training
1754995354.860806,10635,10635,0.041622161865234375,356.40625,0.08045578002929688,9.728K,0.028712749481201172,0,3,0,0,41.68359375,41.54296875,0,0,0,0.0,0,5,28900,training
1754995354.909759,10635,10635,0.041622161865234375,356.40625,0.08045578002929688,9.728K,0.02921581268310547,0,3,0,0,41.68359375,41.54296875,0,0,0,0.0,0,5,29000,training
1754995354.9579892,10635,10635,0.041622161865234375,356.40625,0.08045578002929688,9.728K,0.026156902313232422,0,3,0,0,41.68359375,41.54296875,0,0,0,0.0,0,5,29100,training
1754995355.00654,10635,10635,0.041622161865234375,356.40625,0.08045578002929688,9.728K,0.025539398193359375,0,3,0,0,41.68359375,41.54296875,0,0,0,0.0,0,5,29200,training
1754995355.054948,10635,10635,0.041622161865234375,356.40625,0.08045578002929688,9.728K,0.025780200958251953,0,3,0,0,41.68359375,41.54296875,0,0,0,0.0,0,5,29300,training
1754995355.103461,10635,10635,0.041622161865234375,356.40625,0.08045578002929688,9.728K,0.025632381439208984,0,3,0,0,41.68359375,41.54296875,0,0,0,0.0,0,5,29400,training
1754995355.1517498,10635,10635,0.041622161865234375,356.40625,0.08045578002929688,9.728K,0.025284290313720703,0,3,0,0,41.68359375,41.54296875,0,0,0,0.0,0,5,29500,training
1754995355.200524,10635,10635,0.041622161865234375,356.40625,0.08045578002929688,9.728K,0.02552509307861328,0,3,0,0,41.68359375,41.54296875,0,0,0,0.0,0,5,29600,training
1754995355.2497458,10635,10635,0.041622161865234375,356.40625,0.08045578002929688,9.728K,0.025336742401123047,0,3,0,0,41.68359375,41.54296875,0,0,0,0.0,0,5,29700,training
1754995355.298068,10635,10635,0.041622161865234375,356.40625,0.08045578002929688,9.728K,0.025510787963867188,0,3,0,0,41.68359375,41.54296875,0,0,0,0.0,0,5,29800,training
1754995355.346095,10635,10635,0.041622161865234375,356.40625,0.08045578002929688,9.728K,0.02584218978881836,0,3,0,0,41.68359375,41.54296875,0,0,0,0.0,0,5,29900,training
1754995355.394161,10635,10635,0.041622161865234375,356.40625,0.08045578002929688,9.728K,0.02577066421508789,0,3,0,0,41.68359375,41.54296875,0,0,0,0.0,0,5,30000,training
1754995355.443097,10635,10635,0.041622161865234375,356.40625,0.08045578002929688,9.728K,0.029096603393554688,0,3,0,0,41.68359375,41.54296875,0,0,0,0.0,0,5,30100,training
1754995355.491549,10635,10635,0.041622161865234375,356.40625,0.08045578002929688,9.728K,0.02662181854248047,0,3,0,0,41.68359375,41.54296875,0,0,0,0.0,0,5,30200,training
1754995355.54009,10635,10635,0.041622161865234375,356.40625,0.08045578002929688,9.728K,0.025763511657714844,0,3,0,0,41.68359375,41.54296875,0,0,0,0.0,0,5,30300,training
1754995355.588835,10635,10635,0.041622161865234375,356.40625,0.08045578002929688,9.728K,0.025641918182373047,0,3,0,0,41.68359375,41.54296875,0,0,0,0.0,0,5,30400,training
1754995355.6373749,10635,10635,0.041622161865234375,356.4375,0.08045578002929688,9.728K,0.02597808837890625,0,3,0,0,41.68359375,41.54296875,0,0,0,0.0,0,5,30500,training
1754995355.6862578,10635,10635,0.041622161865234375,356.4375,0.08045578002929688,9.728K,0.025615692138671875,0,3,0,0,41.68359375,41.54296875,0,0,0,0.0,0,5,30600,training
1754995355.7343879,10635,10635,0.041622161865234375,356.4375,0.08045578002929688,9.728K,0.025455951690673828,0,3,0,0,41.68359375,41.54296875,0,0,0,0.0,0,5,30700,training
1754995355.784275,10635,10635,0.041622161865234375,356.4375,0.08045578002929688,9.728K,0.027780532836914062,0,3,0,0,41.68359375,41.54296875,0,0,0,0.0,0,5,30800,training
1754995355.836719,10635,10635,0.041622161865234375,356.4375,0.08045578002929688,9.728K,0.025780200958251953,0,3,0,0,41.68359375,41.54296875,0,0,0,0.0,0,5,30900,training
1754995355.885768,10635,10635,0.041622161865234375,356.4375,0.08045578002929688,9.728K,0.025293827056884766,0,3,0,0,41.68359375,41.54296875,0,0,0,0.0,0,5,31000,training
1754995355.934484,10635,10635,0.041622161865234375,356.4375,0.08045578002929688,9.728K,0.02549886703491211,0,3,0,0,41.68359375,41.54296875,0,0,0,0.0,0,5,31100,training
1754995355.982691,10635,10635,0.041622161865234375,356.4375,0.08045578002929688,9.728K,0.025796890258789062,0,3,0,0,41.68359375,41.54296875,0,0,0,0.0,0,5,31200,training
1754995356.031026,10635,10635,0.041622161865234375,356.4375,0.08045578002929688,9.728K,0.02544879913330078,0,3,0,0,41.68359375,41.54296875,0,0,0,0.0,0,5,31300,training
1754995356.080257,10635,10635,0.041622161865234375,356.453125,0.08045578002929688,9.728K,0.025720596313476562,0,3,0,0,41.68359375,41.54296875,0,0,0,0.0,0,5,31400,training
1754995356.128772,10635,10635,0.041622161865234375,356.453125,0.08045578002929688,9.728K,0.025529861450195312,0,3,0,0,41.68359375,41.54296875,0,0,0,0.0,0,5,31500,training
1754995356.177613,10635,10635,0.041622161865234375,356.453125,0.08045578002929688,9.728K,0.025784969329833984,0,3,0,0,41.68359375,41.54296875,0,0,0,0.0,0,5,31600,training
1754995356.226023,10635,10635,0.041622161865234375,356.453125,0.08045578002929688,9.728K,0.028548240661621094,0,3,0,0,41.68359375,41.54296875,0,0,0,0.0,0,5,31700,training
1754995356.274404,10635,10635,0.041622161865234375,356.453125,0.08045578002929688,9.728K,0.025227069854736328,0,3,0,0,41.68359375,41.54296875,0,0,0,0.0,0,5,31800,training
1754995356.3229818,10635,10635,0.041622161865234375,356.453125,0.08045578002929688,9.728K,0.02540111541748047,0,3,0,0,41.68359375,41.54296875,0,0,0,0.0,0,5,31900,training
1754995356.3715358,10635,10635,0.041622161865234375,356.453125,0.08045578002929688,9.728K,0.025310516357421875,0,3,0,0,41.68359375,41.54296875,0,0,0,0.0,0,5,32000,training
1754995356.4202409,10635,10635,0.041622161865234375,356.484375,0.08045578002929688,9.728K,0.025491714477539062,0,3,0,0,41.68359375,41.54296875,0,0,0,0.0,0,5,32100,training
1754995356.468878,10635,10635,0.041622161865234375,356.484375,0.08045578002929688,9.728K,0.025327205657958984,0,3,0,0,41.68359375,41.54296875,0,0,0,0.0,0,5,32200,training
1754995356.5179489,10635,10635,0.041622161865234375,356.484375,0.08045578002929688,9.728K,0.025606155395507812,0,3,0,0,41.68359375,41.54296875,0,0,0,0.0,0,5,32300,training
1754995356.5663831,10635,10635,0.041622161865234375,356.484375,0.08045578002929688,9.728K,0.025768280029296875,0,3,0,0,41.68359375,41.54296875,0,0,0,0.0,0,5,32400,training
1754995356.6148438,10635,10635,0.041622161865234375,356.484375,0.08045578002929688,9.728K,0.025615692138671875,0,3,0,0,41.68359375,41.54296875,0,0,0,0.0,0,5,32500,training
1754995356.662962,10635,10635,0.041622161865234375,356.484375,0.08045578002929688,9.728K,0.025527477264404297,0,3,0,0,41.68359375,41.54296875,0,0,0,0.0,0,5,32600,training
1754995356.71134,10635,10635,0.041622161865234375,356.484375,0.08045578002929688,9.728K,0.025959014892578125,0,3,0,0,41.68359375,41.54296875,0,0,0,0.0,0,5,32700,training
1754995356.760076,10635,10635,0.041622161865234375,356.484375,0.08045578002929688,9.728K,0.028455257415771484,0,3,0,0,41.68359375,41.54296875,0,0,0,0.0,0,5,32800,training
1754995356.808785,10635,10635,0.041622161865234375,356.484375,0.08045578002929688,9.728K,0.02832174301147461,0,3,0,0,41.68359375,41.54296875,0,0,0,0.0,0,5,32900,training
1754995356.8572621,10635,10635,0.041622161865234375,356.484375,0.08045578002929688,9.728K,0.025813579559326172,0,3,0,0,41.68359375,41.54296875,0,0,0,0.0,0,5,33000,training
1754995356.9056928,10635,10635,0.041622161865234375,356.484375,0.08045578002929688,9.728K,0.025603771209716797,0,3,0,0,41.68359375,41.54296875,0,0,0,0.0,0,5,33100,training
1754995356.954912,10635,10635,0.041622161865234375,356.484375,0.08045578002929688,9.728K,0.025718212127685547,0,3,0,0,41.68359375,41.54296875,0,0,0,0.0,0,5,33200,training
1754995357.003377,10635,10635,0.041622161865234375,356.5,0.08045578002929688,9.728K,0.025482177734375,0,3,0,0,41.68359375,41.54296875,0,0,0,0.0,0,5,33300,training
1754995357.052137,10635,10635,0.041622161865234375,356.5,0.08045578002929688,9.728K,0.025391578674316406,0,3,0,0,41.68359375,41.54296875,0,0,0,0.0,0,5,33400,training
1754995357.100938,10635,10635,0.041622161865234375,356.5,0.08045578002929688,9.728K,0.025234222412109375,0,3,0,0,41.68359375,41.54296875,0,0,0,0.0,0,5,33500,training
1754995357.149739,10635,10635,0.041622161865234375,356.5,0.08045578002929688,9.728K,0.02550363540649414,0,3,0,0,41.68359375,41.54296875,0,0,0,0.0,0,5,33600,training
1754995357.1979032,10635,10635,0.041622161865234375,356.5,0.08045578002929688,9.728K,0.025920867919921875,0,3,0,0,41.68359375,41.54296875,0,0,0,0.0,0,5,33700,training
1754995357.246349,10635,10635,0.041622161865234375,356.5,0.08045578002929688,9.728K,0.025665760040283203,0,3,0,0,41.68359375,41.54296875,0,0,0,0.0,0,5,33800,training
1754995357.29405,10635,10635,0.041622161865234375,356.5,0.08045578002929688,9.728K,0.028803348541259766,0,3,0,0,41.68359375,41.54296875,0,0,0,0.0,0,5,33900,training
1754995357.3427892,10635,10635,0.041622161865234375,356.5,0.08045578002929688,9.728K,0.028824806213378906,0,3,0,0,41.68359375,41.54296875,0,0,0,0.0,0,5,34000,training
1754995357.39182,10635,10635,0.041622161865234375,356.53125,0.08045578002929688,9.728K,0.02719879150390625,0,3,0,0,41.68359375,41.54296875,0,0,0,0.0,0,5,34100,training
1754995357.440297,10635,10635,0.041622161865234375,356.53125,0.08045578002929688,9.728K,0.02551555633544922,0,3,0,0,41.68359375,41.54296875,0,0,0,0.0,0,5,34200,training
1754995357.488827,10635,10635,0.041622161865234375,356.53125,0.08045578002929688,9.728K,0.02585887908935547,0,3,0,0,41.68359375,41.54296875,0,0,0,0.0,0,5,34300,training
1754995357.53824,10635,10635,0.041622161865234375,356.53125,0.08045578002929688,9.728K,0.025546550750732422,0,3,0,0,41.68359375,41.54296875,0,0,0,0.0,0,5,34400,training
1754995357.5862882,10635,10635,0.041622161865234375,356.53125,0.08045578002929688,9.728K,0.025320053100585938,0,3,0,0,41.68359375,41.54296875,0,0,0,0.0,0,5,34500,training
1754995357.6351202,10635,10635,0.041622161865234375,356.53125,0.08045578002929688,9.728K,0.025455951690673828,0,3,0,0,41.68359375,41.54296875,0,0,0,0.0,0,5,34600,training
1754995357.6835089,10635,10635,0.041622161865234375,356.53125,0.08045578002929688,9.728K,0.02552509307861328,0,3,0,0,41.68359375,41.54296875,0,0,0,0.0,0,5,34700,training
1754995357.732142,10635,10635,0.041622161865234375,356.53125,0.08045578002929688,9.728K,0.02532958984375,0,3,0,0,41.68359375,41.54296875,0,0,0,0.0,0,5,34800,training
1754995357.78031,10635,10635,0.041622161865234375,356.53125,0.08045578002929688,9.728K,0.025365352630615234,0,3,0,0,41.68359375,41.54296875,0,0,0,0.0,0,5,34900,training
1754995357.829082,10635,10635,0.041622161865234375,356.53125,0.08045578002929688,9.728K,0.025608539581298828,0,3,0,0,41.68359375,41.54296875,0,0,0,0.0,0,5,35000,training
1754995357.877559,10635,10635,0.041622161865234375,356.53125,0.08045578002929688,9.728K,0.025660991668701172,0,3,0,0,41.68359375,41.54296875,0,0,0,0.0,0,5,35100,training
1754995357.927404,10635,10635,0.041622161865234375,356.53125,0.08045578002929688,9.728K,0.029468536376953125,0,3,0,0,41.68359375,41.54296875,0,0,0,0.0,0,5,35200,training
1754995357.9760299,10635,10635,0.041622161865234375,356.53125,0.08045578002929688,9.728K,0.02866506576538086,0,3,0,0,41.68359375,41.54296875,0,0,0,0.0,0,5,35300,training
1754995358.0241852,10635,10635,0.041622161865234375,356.53125,0.08045578002929688,9.728K,0.02533435821533203,0,3,0,0,41.68359375,41.54296875,0,0,0,0.0,0,5,35400,training
1754995358.07219,10635,10635,0.041622161865234375,356.53125,0.08045578002929688,9.728K,0.025467872619628906,0,3,0,0,41.68359375,41.54296875,0,0,0,0.0,0,5,35500,training
1754995358.120065,10635,10635,0.041622161865234375,356.53125,0.08045578002929688,9.728K,0.02527475357055664,0,3,0,0,41.68359375,41.54296875,0,0,0,0.0,0,5,35600,training
1754995358.168,10635,10635,0.041622161865234375,356.53125,0.08045578002929688,9.728K,0.024912357330322266,0,3,0,0,41.68359375,41.54296875,0,0,0,0.0,0,5,35700,training
1754995358.215838,10635,10635,0.041622161865234375,356.53125,0.08045578002929688,9.728K,0.02529621124267578,0,3,0,0,41.68359375,41.54296875,0,0,0,0.0,0,5,35800,training
1754995358.2640672,10635,10635,0.041622161865234375,356.53125,0.08045578002929688,9.728K,0.025570392608642578,0,3,0,0,41.68359375,41.54296875,0,0,0,0.0,0,5,35900,training
1754995358.3117812,10635,10635,0.041622161865234375,356.53125,0.08045578002929688,9.728K,0.02552032470703125,0,3,0,0,41.68359375,41.54296875,0,0,0,0.0,0,5,36000,training
1754995358.359979,10635,10635,0.041622161865234375,356.53125,0.08045578002929688,9.728K,0.02869129180908203,0,3,0,0,41.68359375,41.54296875,0,0,0,0.0,0,5,36100,training
1754995358.408397,10635,10635,0.041622161865234375,356.53125,0.08045578002929688,9.728K,0.027065277099609375,0,3,0,0,41.68359375,41.54296875,0,0,0,0.0,0,5,36200,training
1754995358.456883,10635,10635,0.041622161865234375,356.53125,0.08045578002929688,9.728K,0.02538442611694336,0,3,0,0,41.68359375,41.54296875,0,0,0,0.0,0,5,36300,training
1754995358.505627,10635,10635,0.041622161865234375,356.53125,0.08045578002929688,9.728K,0.02560138702392578,0,3,0,0,41.68359375,41.54296875,0,0,0,0.0,0,5,36400,training
1754995358.5545049,10635,10635,0.041622161865234375,356.53125,0.08045578002929688,9.728K,0.025532245635986328,0,3,0,0,41.68359375,41.54296875,0,0,0,0.0,0,5,36500,training
1754995358.602818,10635,10635,0.041622161865234375,356.53125,0.08045578002929688,9.728K,0.02517223358154297,0,3,0,0,41.68359375,41.54296875,0,0,0,0.0,0,5,36600,training
1754995358.6512582,10635,10635,0.041622161865234375,356.53125,0.08045578002929688,9.728K,0.02519845962524414,0,3,0,0,41.68359375,41.54296875,0,0,0,0.0,0,5,36700,training
1754995358.700435,10635,10635,0.041622161865234375,356.53125,0.08045578002929688,9.728K,0.02521991729736328,0,3,0,0,41.68359375,41.54296875,0,0,0,0.0,0,5,36800,training
1754995358.7487621,10635,10635,0.041622161865234375,356.53125,0.08045578002929688,9.728K,0.025470256805419922,0,3,0,0,41.68359375,41.54296875,0,0,0,0.0,0,5,36900,training
1754995358.797287,10635,10635,0.041622161865234375,356.53125,0.08045578002929688,9.728K,0.025680065155029297,0,3,0,0,41.68359375,41.54296875,0,0,0,0.0,0,5,37000,training
1754995358.845758,10635,10635,0.041622161865234375,356.5625,0.08045578002929688,9.728K,0.025496482849121094,0,3,0,0,41.68359375,41.54296875,0,0,0,0.0,0,5,37100,training
1754995358.89414,10635,10635,0.041622161865234375,356.5625,0.08045578002929688,9.728K,0.02582550048828125,0,3,0,0,41.68359375,41.54296875,0,0,0,0.0,0,5,37200,training
1754995358.943477,10635,10635,0.041622161865234375,356.5625,0.08045578002929688,9.728K,0.029649734497070312,0,3,0,0,41.68359375,41.54296875,0,0,0,0.0,0,5,37300,training
1754995358.991756,10635,10635,0.041622161865234375,356.625,0.08045578002929688,9.728K,0.02689361572265625,0,3,0,0,41.68359375,41.54296875,0,0,0,0.0,0,5,37400,training
1754995359.039828,10635,10635,0.041622161865234375,356.625,0.08045578002929688,9.728K,0.025496482849121094,0,3,0,0,41.68359375,41.54296875,0,0,0,0.0,0,5,37500,training
1754995359.088704,10635,10635,0.041622161865234375,356.625,0.08045578002929688,9.728K,0.025875568389892578,0,3,0,0,41.68359375,41.54296875,0,0,0,0.0,0,5,37600,training
1754995359.137609,10635,10635,0.041622161865234375,356.625,0.08045578002929688,9.728K,0.025510787963867188,0,3,0,0,41.68359375,41.54296875,0,0,0,0.0,0,5,37700,training
1754995359.185905,10635,10635,0.041622161865234375,356.625,0.08045578002929688,9.728K,0.025424957275390625,0,3,0,0,41.68359375,41.54296875,0,0,0,0.0,0,5,37800,training
1754995359.234315,10635,10635,0.041622161865234375,356.625,0.08045578002929688,9.728K,0.025424957275390625,0,3,0,0,41.68359375,41.54296875,0,0,0,0.0,0,5,37900,training
1754995359.283286,10635,10635,0.041622161865234375,356.625,0.08045578002929688,9.728K,0.025649070739746094,0,3,0,0,41.68359375,41.54296875,0,0,0,0.0,0,5,38000,training
1754995359.331763,10635,10635,0.041622161865234375,356.625,0.08045578002929688,9.728K,0.025548934936523438,0,3,0,0,41.68359375,41.54296875,0,0,0,0.0,0,5,38100,training
1754995359.380276,10635,10635,0.041622161865234375,356.640625,0.08045578002929688,9.728K,0.02544403076171875,0,3,0,0,41.68359375,41.54296875,0,0,0,0.0,0,5,38200,training
1754995359.4288378,10635,10635,0.041622161865234375,356.640625,0.08045578002929688,9.728K,0.02574443817138672,0,3,0,0,41.68359375,41.54296875,0,0,0,0.0,0,5,38300,training
1754995359.4774468,10635,10635,0.041622161865234375,356.640625,0.08045578002929688,9.728K,0.028662681579589844,0,3,0,0,41.68359375,41.54296875,0,0,0,0.0,0,5,38400,training
1754995359.52622,10635,10635,0.041622161865234375,356.640625,0.08045578002929688,9.728K,0.028710365295410156,0,3,0,0,41.68359375,41.54296875,0,0,0,0.0,0,5,38500,training
1754995359.574802,10635,10635,0.041622161865234375,356.640625,0.08045578002929688,9.728K,0.026597976684570312,0,3,0,0,41.68359375,41.54296875,0,0,0,0.0,0,5,38600,training
1754995359.6231868,10635,10635,0.041622161865234375,356.640625,0.08045578002929688,9.728K,0.02546072006225586,0,3,0,0,41.68359375,41.54296875,0,0,0,0.0,0,5,38700,training
1754995359.672565,10635,10635,0.041622161865234375,356.640625,0.08045578002929688,9.728K,0.025470256805419922,0,3,0,0,41.68359375,41.54296875,0,0,0,0.0,0,5,38800,training
1754995359.7208169,10635,10635,0.041622161865234375,356.640625,0.08045578002929688,9.728K,0.025916099548339844,0,3,0,0,41.68359375,41.54296875,0,0,0,0.0,0,5,38900,training
1754995359.769341,10635,10635,0.041622161865234375,356.640625,0.08045578002929688,9.728K,0.025599002838134766,0,3,0,0,41.68359375,41.54296875,0,0,0,0.0,0,5,39000,training
1754995359.817628,10635,10635,0.041622161865234375,356.640625,0.08045578002929688,9.728K,0.02521514892578125,0,3,0,0,41.68359375,41.54296875,0,0,0,0.0,0,5,39100,training
1754995359.86717,10635,10635,0.041622161865234375,356.640625,0.08045578002929688,9.728K,0.025663375854492188,0,3,0,0,41.68359375,41.54296875,0,0,0,0.0,0,5,39200,training
1754995359.915197,10635,10635,0.041622161865234375,356.640625,0.08045578002929688,9.728K,0.025403499603271484,0,3,0,0,41.68359375,41.54296875,0,0,0,0.0,0,5,39300,training
1754995359.964001,10635,10635,0.041622161865234375,356.640625,0.08045578002929688,9.728K,0.025494098663330078,0,3,0,0,41.68359375,41.54296875,0,0,0,0.0,0,5,39400,training
1754995360.012643,10635,10635,0.041622161865234375,356.640625,0.08045578002929688,9.728K,0.0258636474609375,0,3,0,0,41.68359375,41.54296875,0,0,0,0.0,0,5,39500,training
1754995360.0610418,10635,10635,0.041622161865234375,356.640625,0.08045578002929688,9.728K,0.025622844696044922,0,3,0,0,41.68359375,41.54296875,0,0,0,0.0,0,5,39600,training
1754995360.109589,10635,10635,0.041622161865234375,356.640625,0.08045578002929688,9.728K,0.028989315032958984,0,3,0,0,41.68359375,41.54296875,0,0,0,0.0,0,5,39700,training
1754995360.158284,10635,10635,0.041622161865234375,356.640625,0.08045578002929688,9.728K,0.027568340301513672,0,3,0,0,41.68359375,41.54296875,0,0,0,0.0,0,5,39800,training
1754995360.207432,10635,10635,0.041622161865234375,356.640625,0.08045578002929688,9.728K,0.025599002838134766,0,3,0,0,41.68359375,41.54296875,0,0,0,0.0,0,5,39900,training
1754995360.255903,10635,10635,0.041622161865234375,356.640625,0.08045578002929688,9.728K,0.025424957275390625,0,3,0,0,41.68359375,41.54296875,0,0,0,0.0,0,5,40000,training
1754995360.304624,10635,10635,0.041622161865234375,356.640625,0.08045578002929688,9.728K,0.025568008422851562,0,3,0,0,41.68359375,41.54296875,0,0,0,0.0,0,5,40100,training
1754995360.353318,10635,10635,0.041622161865234375,356.640625,0.08045578002929688,9.728K,0.025434494018554688,0,3,0,0,41.68359375,41.54296875,0,0,0,0.0,0,5,40200,training
1754995360.402587,10635,10635,0.041622161865234375,356.640625,0.08045578002929688,9.728K,0.025899410247802734,0,3,0,0,41.68359375,41.54296875,0,0,0,0.0,0,5,40300,training
1754995360.4518669,10635,10635,0.041622161865234375,356.640625,0.08045578002929688,9.728K,0.02532958984375,0,3,0,0,41.68359375,41.54296875,0,0,0,0.0,0,5,40400,training
1754995360.5003479,10635,10635,0.041622161865234375,356.640625,0.08045578002929688,9.728K,0.025548934936523438,0,3,0,0,41.68359375,41.54296875,0,0,0,0.0,0,5,40500,training
1754995360.548627,10635,10635,0.041622161865234375,356.640625,0.08045578002929688,9.728K,0.02542734146118164,0,3,0,0,41.68359375,41.54296875,0,0,0,0.0,0,5,40600,training
1754995360.597423,10635,10635,0.041622161865234375,356.640625,0.08045578002929688,9.728K,0.025763511657714844,0,3,0,0,41.68359375,41.54296875,0,0,0,0.0,0,5,40700,training
1754995360.6454022,10635,10635,0.041622161865234375,356.640625,0.08045578002929688,9.728K,0.025527477264404297,0,3,0,0,41.68359375,41.54296875,0,0,0,0.0,0,5,40800,training
1754995360.693897,10635,10635,0.041622161865234375,356.671875,0.08045578002929688,9.728K,0.025777816772460938,0,3,0,0,41.68359375,41.54296875,0,0,0,0.0,0,5,40900,training
1754995360.742572,10635,10635,0.041622161865234375,356.671875,0.08045578002929688,9.728K,0.02870798110961914,0,3,0,0,41.68359375,41.54296875,0,0,0,0.0,0,5,41000,training
1754995360.7937129,10635,10635,0.041622161865234375,356.671875,0.08045578002929688,9.728K,0.03239631652832031,0,3,0,0,41.68359375,41.54296875,0,0,0,0.0,0,5,41100,training
1754995360.849805,10635,10635,0.041622161865234375,356.671875,0.08045578002929688,9.728K,0.027618408203125,0,3,0,0,41.68359375,41.54296875,0,0,0,0.0,0,5,41200,training
1754995360.911822,10635,10635,0.041622161865234375,356.671875,0.08045578002929688,9.728K,0.028858184814453125,0,3,0,0,41.68359375,41.54296875,0,0,0,0.0,0,5,41300,training
1754995360.974504,10635,10635,0.041622161865234375,356.671875,0.08045578002929688,9.728K,0.027964115142822266,0,3,0,0,41.68359375,41.54296875,0,0,0,0.0,0,5,41400,training
1754995361.036615,10635,10635,0.041622161865234375,356.671875,0.08045578002929688,9.728K,0.02817392349243164,0,3,0,0,41.68359375,41.54296875,0,0,0,0.0,0,5,41500,training
1754995361.099603,10635,10635,0.041622161865234375,356.671875,0.08045578002929688,9.728K,0.027630329132080078,0,3,0,0,41.68359375,41.54296875,0,0,0,0.0,0,5,41600,training
1754995361.1568482,10635,10635,0.041622161865234375,356.671875,0.08045578002929688,9.728K,0.027964115142822266,0,3,0,0,41.68359375,41.54296875,0,0,0,0.0,0,5,41700,training
1754995361.2123032,10635,10635,0.041622161865234375,356.671875,0.08045578002929688,9.728K,0.029876232147216797,0,3,0,0,41.68359375,41.54296875,0,0,0,0.0,0,5,41800,training
1754995361.2857869,10635,10635,0.041622161865234375,356.65625,0.08045578002929688,9.728K,0.027632713317871094,0,3,0,0,41.68359375,41.54296875,0,0,0,0.0,0,6,0,training
1754995361.3420002,10635,10635,0.041622161865234375,356.671875,0.08045578002929688,9.728K,0.032291412353515625,0,3,0,0,41.68359375,41.54296875,0,0,0,0.0,0,6,100,training
1754995361.3975549,10635,10635,0.041622161865234375,356.671875,0.08045578002929688,9.728K,0.02796173095703125,0,3,0,0,41.68359375,41.54296875,0,0,0,0.0,0,6,200,training
1754995361.451401,10635,10635,0.041622161865234375,356.671875,0.08045578002929688,9.728K,0.02572774887084961,0,3,0,0,41.68359375,41.54296875,0,0,0,0.0,0,6,300,training
1754995361.501934,10635,10635,0.041622161865234375,356.671875,0.08045578002929688,9.728K,0.025327205657958984,0,3,0,0,41.68359375,41.54296875,0,0,0,0.0,0,6,400,training
1754995361.550308,10635,10635,0.041622161865234375,356.6875,0.08045578002929688,9.728K,0.02552032470703125,0,3,0,0,41.68359375,41.54296875,0,0,0,0.0,0,6,500,training
1754995361.603339,10635,10635,0.041622161865234375,356.6875,0.08045578002929688,9.728K,0.025589466094970703,0,3,0,0,41.68359375,41.54296875,0,0,0,0.0,0,6,600,training
1754995361.651762,10635,10635,0.041622161865234375,356.6875,0.08045578002929688,9.728K,0.02528667449951172,0,3,0,0,41.68359375,41.54296875,0,0,0,0.0,0,6,700,training
1754995361.700296,10635,10635,0.041622161865234375,356.6875,0.08045578002929688,9.728K,0.02542257308959961,0,3,0,0,41.68359375,41.54296875,0,0,0,0.0,0,6,800,training
1754995361.748968,10635,10635,0.041622161865234375,356.6875,0.08045578002929688,9.728K,0.025393962860107422,0,3,0,0,41.68359375,41.54296875,0,0,0,0.0,0,6,900,training
1754995361.797906,10635,10635,0.041622161865234375,356.6875,0.08045578002929688,9.728K,0.025382041931152344,0,3,0,0,41.68359375,41.54296875,0,0,0,0.0,0,6,1000,training
1754995361.846307,10635,10635,0.041622161865234375,356.6875,0.08045578002929688,9.728K,0.025737285614013672,0,3,0,0,41.68359375,41.54296875,0,0,0,0.0,0,6,1100,training
1754995361.89462,10635,10635,0.041622161865234375,356.6875,0.08045578002929688,9.728K,0.02590179443359375,0,3,0,0,41.68359375,41.54296875,0,0,0,0.0,0,6,1200,training
1754995361.9430459,10635,10635,0.041622161865234375,356.6875,0.08045578002929688,9.728K,0.029218196868896484,0,3,0,0,41.68359375,41.54296875,0,0,0,0.0,0,6,1300,training
1754995361.992046,10635,10635,0.041622161865234375,356.6875,0.08045578002929688,9.728K,0.028200149536132812,0,3,0,0,41.68359375,41.54296875,0,0,0,0.0,0,6,1400,training
1754995362.040541,10635,10635,0.041622161865234375,356.6875,0.08045578002929688,9.728K,0.02527475357055664,0,3,0,0,41.68359375,41.54296875,0,0,0,0.0,0,6,1500,training
1754995362.0888069,10635,10635,0.041622161865234375,356.6875,0.08045578002929688,9.728K,0.025660991668701172,0,3,0,0,41.68359375,41.54296875,0,0,0,0.0,0,6,1600,training
1754995362.13764,10635,10635,0.041622161865234375,356.6875,0.08045578002929688,9.728K,0.02612590789794922,0,3,0,0,41.68359375,41.54296875,0,0,0,0.0,0,6,1700,training
1754995362.186214,10635,10635,0.041622161865234375,356.6875,0.08045578002929688,9.728K,0.025415420532226562,0,3,0,0,41.68359375,41.54296875,0,0,0,0.0,0,6,1800,training
1754995362.234933,10635,10635,0.041622161865234375,356.6875,0.08045578002929688,9.728K,0.025420188903808594,0,3,0,0,41.68359375,41.54296875,0,0,0,0.0,0,6,1900,training
1754995362.283424,10635,10635,0.041622161865234375,356.6875,0.08045578002929688,9.728K,0.02582073211669922,0,3,0,0,41.68359375,41.54296875,0,0,0,0.0,0,6,2000,training
1754995362.332066,10635,10635,0.041622161865234375,356.6875,0.08045578002929688,9.728K,0.025720596313476562,0,3,0,0,41.68359375,41.54296875,0,0,0,0.0,0,6,2100,training
1754995362.38036,10635,10635,0.041622161865234375,356.6875,0.08045578002929688,9.728K,0.02557992935180664,0,3,0,0,41.68359375,41.54296875,0,0,0,0.0,0,6,2200,training
1754995362.428393,10635,10635,0.041622161865234375,356.6875,0.08045578002929688,9.728K,0.025546550750732422,0,3,0,0,41.68359375,41.54296875,0,0,0,0.0,0,6,2300,training
1754995362.476843,10635,10635,0.041622161865234375,356.6875,0.08045578002929688,9.728K,0.02849578857421875,0,3,0,0,41.68359375,41.54296875,0,0,0,0.0,0,6,2400,training
1754995362.529375,10635,10635,0.041622161865234375,356.6875,0.08045578002929688,9.728K,0.028035640716552734,0,3,0,0,41.68359375,41.54296875,0,0,0,0.0,0,6,2500,training
1754995362.588786,10635,10635,0.041622161865234375,356.71875,0.08045578002929688,9.728K,0.025632381439208984,0,3,0,0,41.68359375,41.54296875,0,0,0,0.0,0,6,2600,training
1754995362.6376052,10635,10635,0.041622161865234375,356.71875,0.08045578002929688,9.728K,0.025548934936523438,0,3,0,0,41.68359375,41.54296875,0,0,0,0.0,0,6,2700,training
1754995362.686956,10635,10635,0.041622161865234375,356.71875,0.08045578002929688,9.728K,0.025968551635742188,0,3,0,0,41.68359375,41.54296875,0,0,0,0.0,0,6,2800,training
1754995362.735308,10635,10635,0.041622161865234375,356.71875,0.08045578002929688,9.728K,0.02561807632446289,0,3,0,0,41.68359375,41.54296875,0,0,0,0.0,0,6,2900,training
1754995362.783991,10635,10635,0.041622161865234375,356.71875,0.08045578002929688,9.728K,0.025856494903564453,0,3,0,0,41.68359375,41.54296875,0,0,0,0.0,0,6,3000,training
1754995362.8325691,10635,10635,0.041622161865234375,356.71875,0.08045578002929688,9.728K,0.025718212127685547,0,3,0,0,41.68359375,41.54296875,0,0,0,0.0,0,6,3100,training
1754995362.882024,10635,10635,0.041622161865234375,356.71875,0.08045578002929688,9.728K,0.02517223358154297,0,3,0,0,41.68359375,41.54296875,0,0,0,0.0,0,6,3200,training
1754995362.930749,10635,10635,0.041622161865234375,356.71875,0.08045578002929688,9.728K,0.025572776794433594,0,3,0,0,41.68359375,41.54296875,0,0,0,0.0,0,6,3300,training
1754995362.979622,10635,10635,0.041622161865234375,356.71875,0.08045578002929688,9.728K,0.025546550750732422,0,3,0,0,41.68359375,41.54296875,0,0,0,0.0,0,6,3400,training
1754995363.027534,10635,10635,0.041622161865234375,356.734375,0.08045578002929688,9.728K,0.028264522552490234,0,3,0,0,41.68359375,41.54296875,0,0,0,0.0,0,6,3500,training
1754995363.076202,10635,10635,0.041622161865234375,356.734375,0.08045578002929688,9.728K,0.02874612808227539,0,3,0,0,41.68359375,41.54296875,0,0,0,0.0,0,6,3600,training
1754995363.125244,10635,10635,0.041622161865234375,356.734375,0.08045578002929688,9.728K,0.028471946716308594,0,3,0,0,41.68359375,41.54296875,0,0,0,0.0,0,6,3700,training
1754995363.17327,10635,10635,0.041622161865234375,356.734375,0.08045578002929688,9.728K,0.025088787078857422,0,3,0,0,41.68359375,41.54296875,0,0,0,0.0,0,6,3800,training
1754995363.2214148,10635,10635,0.041622161865234375,356.734375,0.08045578002929688,9.728K,0.025839805603027344,0,3,0,0,41.68359375,41.54296875,0,0,0,0.0,0,6,3900,training
1754995363.270029,10635,10635,0.041622161865234375,356.734375,0.08045578002929688,9.728K,0.025603771209716797,0,3,0,0,41.68359375,41.54296875,0,0,0,0.0,0,6,4000,training
1754995363.318092,10635,10635,0.041622161865234375,356.734375,0.08045578002929688,9.728K,0.02578258514404297,0,3,0,0,41.68359375,41.54296875,0,0,0,0.0,0,6,4100,training
1754995363.3665988,10635,10635,0.041622161865234375,356.734375,0.08045578002929688,9.728K,0.025446414947509766,0,3,0,0,41.68359375,41.54296875,0,0,0,0.0,0,6,4200,training
1754995363.414919,10635,10635,0.041622161865234375,356.734375,0.08045578002929688,9.728K,0.025293827056884766,0,3,0,0,41.68359375,41.54296875,0,0,0,0.0,0,6,4300,training
1754995363.462968,10635,10635,0.041622161865234375,356.734375,0.08045578002929688,9.728K,0.025997161865234375,0,3,0,0,41.68359375,41.54296875,0,0,0,0.0,0,6,4400,training
1754995363.511301,10635,10635,0.041622161865234375,356.734375,0.08045578002929688,9.728K,0.025773048400878906,0,3,0,0,41.68359375,41.54296875,0,0,0,0.0,0,6,4500,training
1754995363.560138,10635,10635,0.041622161865234375,356.734375,0.08045578002929688,9.728K,0.02925395965576172,0,3,0,0,41.68359375,41.54296875,0,0,0,0.0,0,6,4600,training
1754995363.6081269,10635,10635,0.041622161865234375,356.734375,0.08045578002929688,9.728K,0.0269317626953125,0,3,0,0,41.68359375,41.54296875,0,0,0,0.0,0,6,4700,training
1754995363.656644,10635,10635,0.041622161865234375,356.734375,0.08045578002929688,9.728K,0.025141239166259766,0,3,0,0,41.68359375,41.54296875,0,0,0,0.0,0,6,4800,training
1754995363.7054138,10635,10635,0.041622161865234375,356.796875,0.08045578002929688,9.728K,0.025417804718017578,0,3,0,0,41.68359375,41.54296875,0,0,0,0.0,0,6,4900,training
1754995363.753952,10635,10635,0.041622161865234375,356.796875,0.08045578002929688,9.728K,0.02599954605102539,0,3,0,0,41.68359375,41.54296875,0,0,0,0.0,0,6,5000,training
1754995363.802512,10635,10635,0.041622161865234375,356.828125,0.08045578002929688,9.728K,0.025544166564941406,0,3,0,0,41.68359375,41.54296875,0,0,0,0.0,0,6,5100,training
1754995363.8510652,10635,10635,0.041622161865234375,356.828125,0.08045578002929688,9.728K,0.025436878204345703,0,3,0,0,41.68359375,41.54296875,0,0,0,0.0,0,6,5200,training
1754995363.9005399,10635,10635,0.041622161865234375,356.828125,0.08045578002929688,9.728K,0.025577545166015625,0,3,0,0,41.68359375,41.54296875,0,0,0,0.0,0,6,5300,training
1754995363.9493032,10635,10635,0.041622161865234375,356.84375,0.08045578002929688,9.728K,0.025229454040527344,0,3,0,0,41.68359375,41.54296875,0,0,0,0.0,0,6,5400,training
1754995363.9988108,10635,10635,0.041622161865234375,356.84375,0.08045578002929688,9.728K,0.02538442611694336,0,3,0,0,41.68359375,41.54296875,0,0,0,0.0,0,6,5500,training
1754995364.047248,10635,10635,0.041622161865234375,356.84375,0.08045578002929688,9.728K,0.025606155395507812,0,3,0,0,41.68359375,41.54296875,0,0,0,0.0,0,6,5600,training
1754995364.0955021,10635,10635,0.041622161865234375,356.84375,0.08045578002929688,9.728K,0.02572774887084961,0,3,0,0,41.68359375,41.54296875,0,0,0,0.0,0,6,5700,training
1754995364.144091,10635,10635,0.041622161865234375,356.84375,0.08045578002929688,9.728K,0.027620792388916016,0,3,0,0,41.68359375,41.54296875,0,0,0,0.0,0,6,5800,training
1754995364.193148,10635,10635,0.041622161865234375,356.84375,0.08045578002929688,9.728K,0.028324127197265625,0,3,0,0,41.68359375,41.54296875,0,0,0,0.0,0,6,5900,training
1754995364.24144,10635,10635,0.041622161865234375,356.84375,0.08045578002929688,9.728K,0.027201175689697266,0,3,0,0,41.68359375,41.54296875,0,0,0,0.0,0,6,6000,training
1754995364.289958,10635,10635,0.041622161865234375,356.84375,0.08045578002929688,9.728K,0.025489330291748047,0,3,0,0,41.68359375,41.54296875,0,0,0,0.0,0,6,6100,training
1754995364.33836,10635,10635,0.041622161865234375,356.84375,0.08045578002929688,9.728K,0.02547740936279297,0,3,0,0,41.68359375,41.54296875,0,0,0,0.0,0,6,6200,training
1754995364.386975,10635,10635,0.041622161865234375,356.84375,0.08045578002929688,9.728K,0.02580881118774414,0,3,0,0,41.68359375,41.54296875,0,0,0,0.0,0,6,6300,training
1754995364.436053,10635,10635,0.041622161865234375,356.84375,0.08045578002929688,9.728K,0.025494098663330078,0,3,0,0,41.68359375,41.54296875,0,0,0,0.0,0,6,6400,training
1754995364.484738,10635,10635,0.041622161865234375,356.84375,0.08045578002929688,9.728K,0.02532482147216797,0,3,0,0,41.68359375,41.54296875,0,0,0,0.0,0,6,6500,training
1754995364.532919,10635,10635,0.041622161865234375,356.84375,0.08045578002929688,9.728K,0.025451183319091797,0,3,0,0,41.68359375,41.54296875,0,0,0,0.0,0,6,6600,training
1754995364.581352,10635,10635,0.041622161865234375,356.84375,0.08045578002929688,9.728K,0.025277137756347656,0,3,0,0,41.68359375,41.54296875,0,0,0,0.0,0,6,6700,training
1754995364.6297972,10635,10635,0.041622161865234375,356.84375,0.08045578002929688,9.728K,0.025539398193359375,0,3,0,0,41.68359375,41.54296875,0,0,0,0.0,0,6,6800,training
1754995364.677949,10635,10635,0.041622161865234375,356.84375,0.08045578002929688,9.728K,0.025851726531982422,0,3,0,0,41.68359375,41.54296875,0,0,0,0.0,0,6,6900,training
1754995364.7280908,10635,10635,0.041622161865234375,356.84375,0.08045578002929688,9.728K,0.025856494903564453,0,3,0,0,41.68359375,41.54296875,0,0,0,0.0,0,6,7000,training
1754995364.7774441,10635,10635,0.041622161865234375,356.84375,0.08045578002929688,9.728K,0.02593994140625,0,3,0,0,41.68359375,41.54296875,0,0,0,0.0,0,6,7100,training
1754995364.82605,10635,10635,0.041622161865234375,356.84375,0.08045578002929688,9.728K,0.02830982208251953,0,3,0,0,41.68359375,41.54296875,0,0,0,0.0,0,6,7200,training
1754995364.8752918,10635,10635,0.041622161865234375,356.84375,0.08045578002929688,9.728K,0.02805948257446289,0,3,0,0,41.68359375,41.54296875,0,0,0,0.0,0,6,7300,training
1754995364.923306,10635,10635,0.041622161865234375,356.84375,0.08045578002929688,9.728K,0.025403499603271484,0,3,0,0,41.68359375,41.54296875,0,0,0,0.0,0,6,7400,training
1754995364.971977,10635,10635,0.041622161865234375,356.84375,0.08045578002929688,9.728K,0.025489330291748047,0,3,0,0,41.68359375,41.54296875,0,0,0,0.0,0,6,7500,training
1754995365.0212212,10635,10635,0.041622161865234375,356.84375,0.08045578002929688,9.728K,0.025684833526611328,0,3,0,0,41.68359375,41.54296875,0,0,0,0.0,0,6,7600,training
1754995365.069528,10635,10635,0.041622161865234375,356.84375,0.08045578002929688,9.728K,0.025491714477539062,0,3,0,0,41.68359375,41.54296875,0,0,0,0.0,0,6,7700,training
1754995365.11951,10635,10635,0.041622161865234375,356.84375,0.08045578002929688,9.728K,0.025734901428222656,0,3,0,0,41.68359375,41.54296875,0,0,0,0.0,0,6,7800,training
1754995365.1677701,10635,10635,0.041622161865234375,356.84375,0.08045578002929688,9.728K,0.025436878204345703,0,3,0,0,41.68359375,41.54296875,0,0,0,0.0,0,6,7900,training
1754995365.2168021,10635,10635,0.041622161865234375,356.84375,0.08045578002929688,9.728K,0.025260448455810547,0,3,0,0,41.68359375,41.54296875,0,0,0,0.0,0,6,8000,training
1754995365.265693,10635,10635,0.041622161865234375,356.859375,0.08045578002929688,9.728K,0.025310516357421875,0,3,0,0,41.68359375,41.54296875,0,0,0,0.0,0,6,8100,training
1754995365.314063,10635,10635,0.041622161865234375,356.890625,0.08045578002929688,9.728K,0.025548934936523438,0,3,0,0,41.68359375,41.54296875,0,0,0,0.0,0,6,8200,training
1754995365.362412,10635,10635,0.041622161865234375,356.890625,0.08045578002929688,9.728K,0.025482177734375,0,3,0,0,41.68359375,41.54296875,0,0,0,0.0,0,6,8300,training
1754995365.410917,10635,10635,0.041622161865234375,356.890625,0.08045578002929688,9.728K,0.02572774887084961,0,3,0,0,41.68359375,41.54296875,0,0,0,0.0,0,6,8400,training
1754995365.4599712,10635,10635,0.041622161865234375,356.890625,0.08045578002929688,9.728K,0.02953052520751953,0,3,0,0,41.68359375,41.54296875,0,0,0,0.0,0,6,8500,training
1754995365.508348,10635,10635,0.041622161865234375,356.890625,0.08045578002929688,9.728K,0.02746105194091797,0,3,0,0,41.68359375,41.54296875,0,0,0,0.0,0,6,8600,training
1754995365.5565681,10635,10635,0.041622161865234375,356.890625,0.08045578002929688,9.728K,0.02546548843383789,0,3,0,0,41.68359375,41.54296875,0,0,0,0.0,0,6,8700,training
1754995365.605221,10635,10635,0.041622161865234375,356.890625,0.08045578002929688,9.728K,0.02547740936279297,0,3,0,0,41.68359375,41.54296875,0,0,0,0.0,0,6,8800,training
1754995365.653193,10635,10635,0.041622161865234375,356.890625,0.08045578002929688,9.728K,0.025701522827148438,0,3,0,0,41.68359375,41.54296875,0,0,0,0.0,0,6,8900,training
1754995365.704567,10635,10635,0.041622161865234375,356.921875,0.08045578002929688,9.728K,0.027616024017333984,0,3,0,0,41.68359375,41.54296875,0,0,0,0.0,0,6,9000,training
1754995365.755748,10635,10635,0.041622161865234375,356.921875,0.08045578002929688,9.728K,0.025494098663330078,0,3,0,0,41.68359375,41.54296875,0,0,0,0.0,0,6,9100,training
1754995365.949899,10635,10635,0.041622161865234375,356.921875,0.08045578002929688,9.728K,0.02506256103515625,0,3,0,0,41.68359375,41.54296875,0,0,0,0.0,0,6,9200,training
1754995365.9987478,10635,10635,0.041622161865234375,356.921875,0.08045578002929688,9.728K,0.025682449340820312,0,3,0,0,41.68359375,41.54296875,0,0,0,0.0,0,6,9300,training
1754995366.046879,10635,10635,0.041622161865234375,356.921875,0.08045578002929688,9.728K,0.025899410247802734,0,3,0,0,41.68359375,41.54296875,0,0,0,0.0,0,6,9400,training
1754995366.0958002,10635,10635,0.041622161865234375,356.921875,0.08045578002929688,9.728K,0.02570629119873047,0,3,0,0,41.68359375,41.54296875,0,0,0,0.0,0,6,9500,training
1754995366.1442602,10635,10635,0.041622161865234375,356.921875,0.08045578002929688,9.728K,0.02593994140625,0,3,0,0,41.68359375,41.54296875,0,0,0,0.0,0,6,9600,training
1754995366.1926012,10635,10635,0.041622161865234375,356.921875,0.08045578002929688,9.728K,0.029239654541015625,0,3,0,0,41.68359375,41.54296875,0,0,0,0.0,0,6,9700,training
1754995366.241389,10635,10635,0.041622161865234375,356.921875,0.08045578002929688,9.728K,0.027451515197753906,0,3,0,0,41.68359375,41.54296875,0,0,0,0.0,0,6,9800,training
1754995366.289744,10635,10635,0.041622161865234375,356.921875,0.08045578002929688,9.728K,0.02527475357055664,0,3,0,0,41.68359375,41.54296875,0,0,0,0.0,0,6,9900,training
1754995366.338509,10635,10635,0.041622161865234375,356.921875,0.08045578002929688,9.728K,0.025696754455566406,0,3,0,0,41.68359375,41.54296875,0,0,0,0.0,0,6,10000,training
1754995366.387157,10635,10635,0.041622161865234375,356.921875,0.08045578002929688,9.728K,0.02565622329711914,0,3,0,0,41.68359375,41.54296875,0,0,0,0.0,0,6,10100,training
1754995366.43568,10635,10635,0.041622161865234375,356.9375,0.08045578002929688,9.728K,0.02532958984375,0,3,0,0,41.68359375,41.54296875,0,0,0,0.0,0,6,10200,training
1754995366.484371,10635,10635,0.041622161865234375,356.9375,0.08045578002929688,9.728K,0.025608539581298828,0,3,0,0,41.68359375,41.54296875,0,0,0,0.0,0,6,10300,training
1754995366.5328,10635,10635,0.041622161865234375,356.9375,0.08045578002929688,9.728K,0.02552032470703125,0,3,0,0,41.68359375,41.54296875,0,0,0,0.0,0,6,10400,training
1754995366.581345,10635,10635,0.041622161865234375,356.9375,0.08045578002929688,9.728K,0.02561807632446289,0,3,0,0,41.68359375,41.54296875,0,0,0,0.0,0,6,10500,training
1754995366.629886,10635,10635,0.041622161865234375,356.9375,0.08045578002929688,9.728K,0.025687217712402344,0,3,0,0,41.68359375,41.54296875,0,0,0,0.0,0,6,10600,training
1754995366.677825,10635,10635,0.041622161865234375,356.9375,0.08045578002929688,9.728K,0.02561807632446289,0,3,0,0,41.68359375,41.54296875,0,0,0,0.0,0,6,10700,training
1754995366.726509,10635,10635,0.041622161865234375,356.9375,0.08045578002929688,9.728K,0.028824806213378906,0,3,0,0,41.68359375,41.54296875,0,0,0,0.0,0,6,10800,training
1754995366.775176,10635,10635,0.041622161865234375,356.9375,0.08045578002929688,9.728K,0.028693675994873047,0,3,0,0,41.68359375,41.54296875,0,0,0,0.0,0,6,10900,training
1754995366.824157,10635,10635,0.041622161865234375,356.9375,0.08045578002929688,9.728K,0.02521514892578125,0,3,0,0,41.68359375,41.54296875,0,0,0,0.0,0,6,11000,training
1754995366.872614,10635,10635,0.041622161865234375,356.9375,0.08045578002929688,9.728K,0.025429725646972656,0,3,0,0,41.68359375,41.54296875,0,0,0,0.0,0,6,11100,training
1754995366.921259,10635,10635,0.041622161865234375,356.9375,0.08045578002929688,9.728K,0.025796890258789062,0,3,0,0,41.68359375,41.54296875,0,0,0,0.0,0,6,11200,training
1754995366.97012,10635,10635,0.041622161865234375,356.9375,0.08045578002929688,9.728K,0.02595663070678711,0,3,0,0,41.68359375,41.54296875,0,0,0,0.0,0,6,11300,training
1754995367.019061,10635,10635,0.041622161865234375,356.9375,0.08045578002929688,9.728K,0.025141239166259766,0,3,0,0,41.68359375,41.54296875,0,0,0,0.0,0,6,11400,training
1754995367.067162,10635,10635,0.041622161865234375,356.9375,0.08045578002929688,9.728K,0.025327205657958984,0,3,0,0,41.68359375,41.54296875,0,0,0,0.0,0,6,11500,training
1754995367.1160362,10635,10635,0.041622161865234375,356.9375,0.08045578002929688,9.728K,0.027010440826416016,0,3,0,0,41.68359375,41.54296875,0,0,0,0.0,0,6,11600,training
1754995367.16462,10635,10635,0.041622161865234375,356.9375,0.08045578002929688,9.728K,0.02559185028076172,0,3,0,0,41.68359375,41.54296875,0,0,0,0.0,0,6,11700,training
1754995367.213223,10635,10635,0.041622161865234375,356.9375,0.08045578002929688,9.728K,0.02573251724243164,0,3,0,0,41.68359375,41.54296875,0,0,0,0.0,0,6,11800,training
1754995367.261844,10635,10635,0.041622161865234375,356.9375,0.08045578002929688,9.728K,0.025544166564941406,0,3,0,0,41.68359375,41.54296875,0,0,0,0.0,0,6,11900,training
1754995367.310225,10635,10635,0.041622161865234375,356.9375,0.08045578002929688,9.728K,0.027437210083007812,0,3,0,0,41.68359375,41.54296875,0,0,0,0.0,0,6,12000,training
1754995367.359005,10635,10635,0.041622161865234375,356.9375,0.08045578002929688,9.728K,0.028874874114990234,0,3,0,0,41.68359375,41.54296875,0,0,0,0.0,0,6,12100,training
1754995367.407409,10635,10635,0.041622161865234375,356.9375,0.08045578002929688,9.728K,0.025246143341064453,0,3,0,0,41.68359375,41.54296875,0,0,0,0.0,0,6,12200,training
1754995367.45589,10635,10635,0.041622161865234375,356.9375,0.08045578002929688,9.728K,0.025608539581298828,0,3,0,0,41.68359375,41.54296875,0,0,0,0.0,0,6,12300,training
1754995367.504874,10635,10635,0.041622161865234375,356.9375,0.08045578002929688,9.728K,0.025932788848876953,0,3,0,0,41.68359375,41.54296875,0,0,0,0.0,0,6,12400,training
1754995367.553377,10635,10635,0.041622161865234375,356.9375,0.08045578002929688,9.728K,0.025794506072998047,0,3,0,0,41.68359375,41.54296875,0,0,0,0.0,0,6,12500,training
1754995367.6018538,10635,10635,0.041622161865234375,356.96875,0.08045578002929688,9.728K,0.025377273559570312,0,3,0,0,41.68359375,41.54296875,0,0,0,0.0,0,6,12600,training
1754995367.6511328,10635,10635,0.041622161865234375,356.96875,0.08045578002929688,9.728K,0.025534629821777344,0,3,0,0,41.68359375,41.54296875,0,0,0,0.0,0,6,12700,training
1754995367.699681,10635,10635,0.041622161865234375,356.96875,0.08045578002929688,9.728K,0.025622844696044922,0,3,0,0,41.68359375,41.54296875,0,0,0,0.0,0,6,12800,training
1754995367.747941,10635,10635,0.041622161865234375,356.96875,0.08045578002929688,9.728K,0.025510787963867188,0,3,0,0,41.68359375,41.54296875,0,0,0,0.0,0,6,12900,training
1754995367.7967548,10635,10635,0.041622161865234375,356.96875,0.08045578002929688,9.728K,0.025615692138671875,0,3,0,0,41.68359375,41.54296875,0,0,0,0.0,0,6,13000,training
1754995367.8446898,10635,10635,0.041622161865234375,356.96875,0.08045578002929688,9.728K,0.025794506072998047,0,3,0,0,41.68359375,41.54296875,0,0,0,0.0,0,6,13100,training
1754995367.8933592,10635,10635,0.041622161865234375,356.96875,0.08045578002929688,9.728K,0.028657913208007812,0,3,0,0,41.68359375,41.54296875,0,0,0,0.0,0,6,13200,training
1754995367.942039,10635,10635,0.041622161865234375,356.96875,0.08045578002929688,9.728K,0.02897024154663086,0,3,0,0,41.68359375,41.54296875,0,0,0,0.0,0,6,13300,training
1754995367.9912078,10635,10635,0.041622161865234375,356.96875,0.08045578002929688,9.728K,0.026702880859375,0,3,0,0,41.68359375,41.54296875,0,0,0,0.0,0,6,13400,training
1754995368.040538,10635,10635,0.041622161865234375,356.96875,0.08045578002929688,9.728K,0.025279521942138672,0,3,0,0,41.68359375,41.54296875,0,0,0,0.0,0,6,13500,training
1754995368.088754,10635,10635,0.041622161865234375,356.96875,0.08045578002929688,9.728K,0.025429725646972656,0,3,0,0,41.68359375,41.54296875,0,0,0,0.0,0,6,13600,training
1754995368.1374452,10635,10635,0.041622161865234375,356.96875,0.08045578002929688,9.728K,0.025691986083984375,0,3,0,0,41.68359375,41.54296875,0,0,0,0.0,0,6,13700,training
1754995368.185855,10635,10635,0.041622161865234375,356.96875,0.08045578002929688,9.728K,0.02525806427001953,0,3,0,0,41.68359375,41.54296875,0,0,0,0.0,0,6,13800,training
1754995368.2343738,10635,10635,0.041622161865234375,356.96875,0.08045578002929688,9.728K,0.025429725646972656,0,3,0,0,41.68359375,41.54296875,0,0,0,0.0,0,6,13900,training
1754995368.283009,10635,10635,0.041622161865234375,356.96875,0.08045578002929688,9.728K,0.02560138702392578,0,3,0,0,41.68359375,41.54296875,0,0,0,0.0,0,6,14000,training
1754995368.330944,10635,10635,0.041622161865234375,356.96875,0.08045578002929688,9.728K,0.025467872619628906,0,3,0,0,41.68359375,41.54296875,0,0,0,0.0,0,6,14100,training
1754995368.379919,10635,10635,0.041622161865234375,356.96875,0.08045578002929688,9.728K,0.02528667449951172,0,3,0,0,41.68359375,41.54296875,0,0,0,0.0,0,6,14200,training
1754995368.428261,10635,10635,0.041622161865234375,356.96875,0.08045578002929688,9.728K,0.025174617767333984,0,3,0,0,41.68359375,41.54296875,0,0,0,0.0,0,6,14300,training
1754995368.477261,10635,10635,0.041622161865234375,356.96875,0.08045578002929688,9.728K,0.027322769165039062,0,3,0,0,41.68359375,41.54296875,0,0,0,0.0,0,6,14400,training
1754995368.52612,10635,10635,0.041622161865234375,356.984375,0.08045578002929688,9.728K,0.02870321273803711,0,3,0,0,41.68359375,41.54296875,0,0,0,0.0,0,6,14500,training
1754995368.575288,10635,10635,0.041622161865234375,356.984375,0.08045578002929688,9.728K,0.028622150421142578,0,3,0,0,41.68359375,41.54296875,0,0,0,0.0,0,6,14600,training
1754995368.623585,10635,10635,0.041622161865234375,356.984375,0.08045578002929688,9.728K,0.025327205657958984,0,3,0,0,41.68359375,41.54296875,0,0,0,0.0,0,6,14700,training
1754995368.6722062,10635,10635,0.041622161865234375,356.984375,0.08045578002929688,9.728K,0.02538919448852539,0,3,0,0,41.68359375,41.54296875,0,0,0,0.0,0,6,14800,training
1754995368.720938,10635,10635,0.041622161865234375,356.984375,0.08045578002929688,9.728K,0.02557516098022461,0,3,0,0,41.68359375,41.54296875,0,0,0,0.0,0,6,14900,training
1754995368.769279,10635,10635,0.041622161865234375,356.984375,0.08045578002929688,9.728K,0.025584697723388672,0,3,0,0,41.68359375,41.54296875,0,0,0,0.0,0,6,15000,training
1754995368.817528,10635,10635,0.041622161865234375,356.984375,0.08045578002929688,9.728K,0.025417804718017578,0,3,0,0,41.68359375,41.54296875,0,0,0,0.0,0,6,15100,training
1754995368.866215,10635,10635,0.041622161865234375,356.984375,0.08045578002929688,9.728K,0.02563953399658203,0,3,0,0,41.68359375,41.54296875,0,0,0,0.0,0,6,15200,training
1754995368.9142442,10635,10635,0.041622161865234375,356.984375,0.08045578002929688,9.728K,0.025432109832763672,0,3,0,0,41.68359375,41.54296875,0,0,0,0.0,0,6,15300,training
1754995368.963178,10635,10635,0.041622161865234375,357.015625,0.08045578002929688,9.728K,0.02546548843383789,0,3,0,0,41.68359375,41.54296875,0,0,0,0.0,0,6,15400,training
1754995369.012392,10635,10635,0.041622161865234375,357.015625,0.08045578002929688,9.728K,0.025784969329833984,0,3,0,0,41.68359375,41.54296875,0,0,0,0.0,0,6,15500,training
1754995369.0607412,10635,10635,0.041622161865234375,357.046875,0.08045578002929688,9.728K,0.02714395523071289,0,3,0,0,41.68359375,41.54296875,0,0,0,0.0,0,6,15600,training
1754995369.109406,10635,10635,0.041622161865234375,357.046875,0.08045578002929688,9.728K,0.02874135971069336,0,3,0,0,41.68359375,41.54296875,0,0,0,0.0,0,6,15700,training
1754995369.158817,10635,10635,0.041622161865234375,357.046875,0.08045578002929688,9.728K,0.028929710388183594,0,3,0,0,41.68359375,41.54296875,0,0,0,0.0,0,6,15800,training
1754995369.2073758,10635,10635,0.041622161865234375,357.046875,0.08045578002929688,9.728K,0.025675296783447266,0,3,0,0,41.68359375,41.54296875,0,0,0,0.0,0,6,15900,training
1754995369.256054,10635,10635,0.041622161865234375,357.046875,0.08045578002929688,9.728K,0.025546550750732422,0,3,0,0,41.68359375,41.54296875,0,0,0,0.0,0,6,16000,training
1754995369.304492,10635,10635,0.041622161865234375,357.046875,0.08045578002929688,9.728K,0.025916099548339844,0,3,0,0,41.68359375,41.54296875,0,0,0,0.0,0,6,16100,training
1754995369.352996,10635,10635,0.041622161865234375,357.046875,0.08045578002929688,9.728K,0.02569437026977539,0,3,0,0,41.68359375,41.54296875,0,0,0,0.0,0,6,16200,training
1754995369.401483,10635,10635,0.041622161865234375,357.046875,0.08045578002929688,9.728K,0.02537250518798828,0,3,0,0,41.68359375,41.54296875,0,0,0,0.0,0,6,16300,training
1754995369.450243,10635,10635,0.041622161865234375,357.046875,0.08045578002929688,9.728K,0.025606155395507812,0,3,0,0,41.68359375,41.54296875,0,0,0,0.0,0,6,16400,training
1754995369.498462,10635,10635,0.041622161865234375,357.046875,0.08045578002929688,9.728K,0.025823116302490234,0,3,0,0,41.68359375,41.54296875,0,0,0,0.0,0,6,16500,training
1754995369.5471518,10635,10635,0.041622161865234375,357.046875,0.08045578002929688,9.728K,0.025238990783691406,0,3,0,0,41.68359375,41.54296875,0,0,0,0.0,0,6,16600,training
1754995369.595125,10635,10635,0.041622161865234375,357.046875,0.08045578002929688,9.728K,0.025649070739746094,0,3,0,0,41.68359375,41.54296875,0,0,0,0.0,0,6,16700,training
1754995369.643643,10635,10635,0.041622161865234375,357.046875,0.08045578002929688,9.728K,0.028688907623291016,0,3,0,0,41.68359375,41.54296875,0,0,0,0.0,0,6,16800,training
1754995369.691942,10635,10635,0.041622161865234375,357.046875,0.08045578002929688,9.728K,0.028393268585205078,0,3,0,0,41.68359375,41.54296875,0,0,0,0.0,0,6,16900,training
1754995369.73979,10635,10635,0.041622161865234375,357.046875,0.08045578002929688,9.728K,0.025255680084228516,0,3,0,0,41.68359375,41.54296875,0,0,0,0.0,0,6,17000,training
1754995369.788021,10635,10635,0.041622161865234375,357.046875,0.08045578002929688,9.728K,0.025353431701660156,0,3,0,0,41.68359375,41.54296875,0,0,0,0.0,0,6,17100,training
1754995369.8360362,10635,10635,0.041622161865234375,357.046875,0.08045578002929688,9.728K,0.025229454040527344,0,3,0,0,41.68359375,41.54296875,0,0,0,0.0,0,6,17200,training
1754995369.8848,10635,10635,0.041622161865234375,357.046875,0.08045578002929688,9.728K,0.025064945220947266,0,3,0,0,41.68359375,41.54296875,0,0,0,0.0,0,6,17300,training
1754995369.932959,10635,10635,0.041622161865234375,357.046875,0.08045578002929688,9.728K,0.02536296844482422,0,3,0,0,41.68359375,41.54296875,0,0,0,0.0,0,6,17400,training
1754995369.981046,10635,10635,0.041622161865234375,357.046875,0.08045578002929688,9.728K,0.02574443817138672,0,3,0,0,41.68359375,41.54296875,0,0,0,0.0,0,6,17500,training
1754995370.029112,10635,10635,0.041622161865234375,357.046875,0.08045578002929688,9.728K,0.025234222412109375,0,3,0,0,41.68359375,41.54296875,0,0,0,0.0,0,6,17600,training
1754995370.076493,10635,10635,0.041622161865234375,357.046875,0.08045578002929688,9.728K,0.028660297393798828,0,3,0,0,41.68359375,41.54296875,0,0,0,0.0,0,6,17700,training
1754995370.124932,10635,10635,0.041622161865234375,357.046875,0.08045578002929688,9.728K,0.028269290924072266,0,3,0,0,41.68359375,41.54296875,0,0,0,0.0,0,6,17800,training
1754995370.172524,10635,10635,0.041622161865234375,357.046875,0.08045578002929688,9.728K,0.025510787963867188,0,3,0,0,41.68359375,41.54296875,0,0,0,0.0,0,6,17900,training
1754995370.2211049,10635,10635,0.041622161865234375,357.046875,0.08045578002929688,9.728K,0.025396347045898438,0,3,0,0,41.68359375,41.54296875,0,0,0,0.0,0,6,18000,training
1754995370.269022,10635,10635,0.041622161865234375,357.046875,0.08045578002929688,9.728K,0.025300979614257812,0,3,0,0,41.68359375,41.54296875,0,0,0,0.0,0,6,18100,training
1754995370.317339,10635,10635,0.041622161865234375,357.046875,0.08045578002929688,9.728K,0.025510787963867188,0,3,0,0,41.68359375,41.54296875,0,0,0,0.0,0,6,18200,training
1754995370.36556,10635,10635,0.041622161865234375,357.046875,0.08045578002929688,9.728K,0.025272369384765625,0,3,0,0,41.68359375,41.54296875,0,0,0,0.0,0,6,18300,training
1754995370.425212,10635,10635,0.041622161865234375,357.046875,0.08045578002929688,9.728K,0.035173892974853516,0,3,0,0,41.68359375,41.54296875,0,0,0,0.0,0,6,18400,training
1754995370.493263,10635,10635,0.041622161865234375,357.046875,0.08045578002929688,9.728K,0.03895998001098633,0,3,0,0,41.68359375,41.54296875,0,0,0,0.0,0,6,18500,training
1754995370.570637,10635,10635,0.041622161865234375,357.0625,0.08045578002929688,9.728K,0.03317832946777344,0,3,0,0,41.68359375,41.54296875,0,0,0,0.0,0,6,18600,training
1754995370.779506,10635,10635,0.041622161865234375,357.0625,0.08045578002929688,9.728K,0.029549598693847656,0,3,0,0,41.68359375,41.54296875,0,0,0,0.0,0,6,18700,training
1754995370.839047,10635,10635,0.041622161865234375,357.09375,0.08045578002929688,9.728K,0.03007650375366211,0,3,0,0,41.68359375,41.54296875,0,0,0,0.0,0,6,18800,training
1754995370.895714,10635,10635,0.041622161865234375,357.09375,0.08045578002929688,9.728K,0.029442310333251953,0,3,0,0,41.68359375,41.54296875,0,0,0,0.0,0,6,18900,training
1754995370.9502132,10635,10635,0.041622161865234375,357.09375,0.08045578002929688,9.728K,0.027670860290527344,0,3,0,0,41.68359375,41.54296875,0,0,0,0.0,0,6,19000,training
1754995371.0063229,10635,10635,0.041622161865234375,357.09375,0.08045578002929688,9.728K,0.02874135971069336,0,3,0,0,41.68359375,41.54296875,0,0,0,0.0,0,6,19100,training
1754995371.064188,10635,10635,0.041622161865234375,357.09375,0.08045578002929688,9.728K,0.027413368225097656,0,3,0,0,41.68359375,41.54296875,0,0,0,0.0,0,6,19200,training
1754995371.120097,10635,10635,0.041622161865234375,357.09375,0.08045578002929688,9.728K,0.029075145721435547,0,3,0,0,41.68359375,41.54296875,0,0,0,0.0,0,6,19300,training
1754995371.177741,10635,10635,0.041622161865234375,357.09375,0.08045578002929688,9.728K,0.02825021743774414,0,3,0,0,41.68359375,41.54296875,0,0,0,0.0,0,6,19400,training
1754995371.2280881,10635,10635,0.041622161865234375,357.109375,0.08045578002929688,9.728K,0.025577545166015625,0,3,0,0,41.68359375,41.54296875,0,0,0,0.0,0,6,19500,training
1754995371.276973,10635,10635,0.041622161865234375,357.109375,0.08045578002929688,9.728K,0.027797222137451172,0,3,0,0,41.68359375,41.54296875,0,0,0,0.0,0,6,19600,training
1754995371.326147,10635,10635,0.041622161865234375,357.109375,0.08045578002929688,9.728K,0.029320716857910156,0,3,0,0,41.68359375,41.54296875,0,0,0,0.0,0,6,19700,training
1754995371.374541,10635,10635,0.041622161865234375,357.109375,0.08045578002929688,9.728K,0.026831626892089844,0,3,0,0,41.68359375,41.54296875,0,0,0,0.0,0,6,19800,training
1754995371.4253209,10635,10635,0.041622161865234375,357.109375,0.08045578002929688,9.728K,0.028526782989501953,0,3,0,0,41.68359375,41.54296875,0,0,0,0.0,0,6,19900,training
1754995371.473689,10635,10635,0.041622161865234375,357.109375,0.08045578002929688,9.728K,0.025246143341064453,0,3,0,0,41.68359375,41.54296875,0,0,0,0.0,0,6,20000,training
1754995371.5219588,10635,10635,0.041622161865234375,357.109375,0.08045578002929688,9.728K,0.025708675384521484,0,3,0,0,41.68359375,41.54296875,0,0,0,0.0,0,6,20100,training
1754995371.570817,10635,10635,0.041622161865234375,357.109375,0.08045578002929688,9.728K,0.025582313537597656,0,3,0,0,41.68359375,41.54296875,0,0,0,0.0,0,6,20200,training
1754995371.619431,10635,10635,0.041622161865234375,357.109375,0.08045578002929688,9.728K,0.025606155395507812,0,3,0,0,41.68359375,41.54296875,0,0,0,0.0,0,6,20300,training
1754995371.667635,10635,10635,0.041622161865234375,357.109375,0.08045578002929688,9.728K,0.02556324005126953,0,3,0,0,41.68359375,41.54296875,0,0,0,0.0,0,6,20400,training
1754995371.716032,10635,10635,0.041622161865234375,357.109375,0.08045578002929688,9.728K,0.025506019592285156,0,3,0,0,41.68359375,41.54296875,0,0,0,0.0,0,6,20500,training
1754995371.764493,10635,10635,0.041622161865234375,357.109375,0.08045578002929688,9.728K,0.025436878204345703,0,3,0,0,41.68359375,41.54296875,0,0,0,0.0,0,6,20600,training
1754995371.813309,10635,10635,0.041622161865234375,357.109375,0.08045578002929688,9.728K,0.026142597198486328,0,3,0,0,41.68359375,41.54296875,0,0,0,0.0,0,6,20700,training
1754995371.861485,10635,10635,0.041622161865234375,357.109375,0.08045578002929688,9.728K,0.025622844696044922,0,3,0,0,41.68359375,41.54296875,0,0,0,0.0,0,6,20800,training
1754995371.910271,10635,10635,0.041622161865234375,357.109375,0.08045578002929688,9.728K,0.027725696563720703,0,3,0,0,41.68359375,41.54296875,0,0,0,0.0,0,6,20900,training
1754995371.9585762,10635,10635,0.041622161865234375,357.109375,0.08045578002929688,9.728K,0.02899169921875,0,3,0,0,41.68359375,41.54296875,0,0,0,0.0,0,6,21000,training
1754995372.006997,10635,10635,0.041622161865234375,357.109375,0.08045578002929688,9.728K,0.025360584259033203,0,3,0,0,41.68359375,41.54296875,0,0,0,0.0,0,6,21100,training
1754995372.056299,10635,10635,0.041622161865234375,357.109375,0.08045578002929688,9.728K,0.025343894958496094,0,3,0,0,41.68359375,41.54296875,0,0,0,0.0,0,6,21200,training
1754995372.104583,10635,10635,0.041622161865234375,357.109375,0.08045578002929688,9.728K,0.025556087493896484,0,3,0,0,41.68359375,41.54296875,0,0,0,0.0,0,6,21300,training
1754995372.153546,10635,10635,0.041622161865234375,357.109375,0.08045578002929688,9.728K,0.025606155395507812,0,3,0,0,41.68359375,41.54296875,0,0,0,0.0,0,6,21400,training
1754995372.2020109,10635,10635,0.041622161865234375,357.109375,0.08045578002929688,9.728K,0.025494098663330078,0,3,0,0,41.68359375,41.54296875,0,0,0,0.0,0,6,21500,training
1754995372.250687,10635,10635,0.041622161865234375,357.109375,0.08045578002929688,9.728K,0.025343894958496094,0,3,0,0,41.68359375,41.54296875,0,0,0,0.0,0,6,21600,training
1754995372.299393,10635,10635,0.041622161865234375,357.140625,0.08045578002929688,9.728K,0.02553701400756836,0,3,0,0,41.68359375,41.54296875,0,0,0,0.0,0,6,21700,training
1754995372.347986,10635,10635,0.041622161865234375,357.140625,0.08045578002929688,9.728K,0.02542257308959961,0,3,0,0,41.68359375,41.54296875,0,0,0,0.0,0,6,21800,training
1754995372.396928,10635,10635,0.041622161865234375,357.140625,0.08045578002929688,9.728K,0.025730133056640625,0,3,0,0,41.68359375,41.54296875,0,0,0,0.0,0,6,21900,training
1754995372.445057,10635,10635,0.041622161865234375,357.140625,0.08045578002929688,9.728K,0.02561330795288086,0,3,0,0,41.68359375,41.54296875,0,0,0,0.0,0,6,22000,training
1754995372.493835,10635,10635,0.041622161865234375,357.140625,0.08045578002929688,9.728K,0.02744436264038086,0,3,0,0,41.68359375,41.54296875,0,0,0,0.0,0,6,22100,training
1754995372.543054,10635,10635,0.041622161865234375,357.140625,0.08045578002929688,9.728K,0.029208660125732422,0,3,0,0,41.68359375,41.54296875,0,0,0,0.0,0,6,22200,training
1754995372.5919008,10635,10635,0.041622161865234375,357.140625,0.08045578002929688,9.728K,0.029118061065673828,0,3,0,0,41.68359375,41.54296875,0,0,0,0.0,0,6,22300,training
1754995372.640693,10635,10635,0.041622161865234375,357.140625,0.08045578002929688,9.728K,0.02565145492553711,0,3,0,0,41.68359375,41.54296875,0,0,0,0.0,0,6,22400,training
1754995372.689273,10635,10635,0.041622161865234375,357.140625,0.08045578002929688,9.728K,0.025408267974853516,0,3,0,0,41.68359375,41.54296875,0,0,0,0.0,0,6,22500,training
1754995372.738108,10635,10635,0.041622161865234375,357.140625,0.08045578002929688,9.728K,0.02552032470703125,0,3,0,0,41.68359375,41.54296875,0,0,0,0.0,0,6,22600,training
1754995372.787075,10635,10635,0.041622161865234375,357.140625,0.08045578002929688,9.728K,0.02557992935180664,0,3,0,0,41.68359375,41.54296875,0,0,0,0.0,0,6,22700,training
1754995372.835428,10635,10635,0.041622161865234375,357.140625,0.08045578002929688,9.728K,0.025501251220703125,0,3,0,0,41.68359375,41.54296875,0,0,0,0.0,0,6,22800,training
1754995372.883708,10635,10635,0.041622161865234375,357.140625,0.08045578002929688,9.728K,0.02554178237915039,0,3,0,0,41.68359375,41.54296875,0,0,0,0.0,0,6,22900,training
1754995372.9323719,10635,10635,0.041622161865234375,357.140625,0.08045578002929688,9.728K,0.025641918182373047,0,3,0,0,41.68359375,41.54296875,0,0,0,0.0,0,6,23000,training
1754995372.9808168,10635,10635,0.041622161865234375,357.140625,0.08045578002929688,9.728K,0.025501251220703125,0,3,0,0,41.68359375,41.54296875,0,0,0,0.0,0,6,23100,training
1754995373.029393,10635,10635,0.041622161865234375,357.140625,0.08045578002929688,9.728K,0.025603771209716797,0,3,0,0,41.68359375,41.54296875,0,0,0,0.0,0,6,23200,training
1754995373.0776021,10635,10635,0.041622161865234375,357.140625,0.08045578002929688,9.728K,0.02577066421508789,0,3,0,0,41.68359375,41.54296875,0,0,0,0.0,0,6,23300,training
1754995373.126637,10635,10635,0.041622161865234375,357.140625,0.08045578002929688,9.728K,0.029022693634033203,0,3,0,0,41.68359375,41.54296875,0,0,0,0.0,0,6,23400,training
1754995373.175719,10635,10635,0.041622161865234375,357.140625,0.08045578002929688,9.728K,0.029156208038330078,0,3,0,0,41.68359375,41.54296875,0,0,0,0.0,0,6,23500,training
1754995373.2240388,10635,10635,0.041622161865234375,357.15625,0.08045578002929688,9.728K,0.026192665100097656,0,3,0,0,41.68359375,41.54296875,0,0,0,0.0,0,6,23600,training
1754995373.272861,10635,10635,0.041622161865234375,357.15625,0.08045578002929688,9.728K,0.025544166564941406,0,3,0,0,41.68359375,41.54296875,0,0,0,0.0,0,6,23700,training
1754995373.321185,10635,10635,0.041622161865234375,357.15625,0.08045578002929688,9.728K,0.025758743286132812,0,3,0,0,41.68359375,41.54296875,0,0,0,0.0,0,6,23800,training
1754995373.3697028,10635,10635,0.041622161865234375,357.15625,0.08045578002929688,9.728K,0.025713443756103516,0,3,0,0,41.68359375,41.54296875,0,0,0,0.0,0,6,23900,training
1754995373.4180841,10635,10635,0.041622161865234375,357.15625,0.08045578002929688,9.728K,0.02521991729736328,0,3,0,0,41.68359375,41.54296875,0,0,0,0.0,0,6,24000,training
1754995373.466553,10635,10635,0.041622161865234375,357.15625,0.08045578002929688,9.728K,0.025551319122314453,0,3,0,0,41.68359375,41.54296875,0,0,0,0.0,0,6,24100,training
1754995373.5147321,10635,10635,0.041622161865234375,357.15625,0.08045578002929688,9.728K,0.025343894958496094,0,3,0,0,41.68359375,41.54296875,0,0,0,0.0,0,6,24200,training
1754995373.563453,10635,10635,0.041622161865234375,357.15625,0.08045578002929688,9.728K,0.025815963745117188,0,3,0,0,41.68359375,41.54296875,0,0,0,0.0,0,6,24300,training
1754995373.612053,10635,10635,0.041622161865234375,357.15625,0.08045578002929688,9.728K,0.025794506072998047,0,3,0,0,41.68359375,41.54296875,0,0,0,0.0,0,6,24400,training
1754995373.660318,10635,10635,0.041622161865234375,357.15625,0.08045578002929688,9.728K,0.027239322662353516,0,3,0,0,41.68359375,41.54296875,0,0,0,0.0,0,6,24500,training
1754995373.7122931,10635,10635,0.041622161865234375,357.1875,0.08045578002929688,9.728K,0.025908946990966797,0,3,0,0,41.68359375,41.54296875,0,0,0,0.0,0,6,24600,training
1754995373.760709,10635,10635,0.041622161865234375,357.1875,0.08045578002929688,9.728K,0.027358531951904297,0,3,0,0,41.68359375,41.54296875,0,0,0,0.0,0,6,24700,training
1754995373.80934,10635,10635,0.041622161865234375,357.1875,0.08045578002929688,9.728K,0.028815269470214844,0,3,0,0,41.68359375,41.54296875,0,0,0,0.0,0,6,24800,training
1754995373.857742,10635,10635,0.041622161865234375,357.1875,0.08045578002929688,9.728K,0.026531219482421875,0,3,0,0,41.68359375,41.54296875,0,0,0,0.0,0,6,24900,training
1754995373.906198,10635,10635,0.041622161865234375,357.1875,0.08045578002929688,9.728K,0.025246143341064453,0,3,0,0,41.68359375,41.54296875,0,0,0,0.0,0,6,25000,training
1754995373.954696,10635,10635,0.041622161865234375,357.1875,0.08045578002929688,9.728K,0.025463104248046875,0,3,0,0,41.68359375,41.54296875,0,0,0,0.0,0,6,25100,training
1754995374.0033998,10635,10635,0.041622161865234375,357.1875,0.08045578002929688,9.728K,0.025737285614013672,0,3,0,0,41.68359375,41.54296875,0,0,0,0.0,0,6,25200,training
1754995374.051827,10635,10635,0.041622161865234375,357.1875,0.08045578002929688,9.728K,0.025584697723388672,0,3,0,0,41.68359375,41.54296875,0,0,0,0.0,0,6,25300,training
1754995374.100559,10635,10635,0.041622161865234375,357.1875,0.08045578002929688,9.728K,0.02562999725341797,0,3,0,0,41.68359375,41.54296875,0,0,0,0.0,0,6,25400,training
1754995374.1491342,10635,10635,0.041622161865234375,357.203125,0.08045578002929688,9.728K,0.02565622329711914,0,3,0,0,41.68359375,41.54296875,0,0,0,0.0,0,6,25500,training
1754995374.1979918,10635,10635,0.041622161865234375,357.203125,0.08045578002929688,9.728K,0.025730133056640625,0,3,0,0,41.68359375,41.54296875,0,0,0,0.0,0,6,25600,training
1754995374.2468328,10635,10635,0.041622161865234375,357.203125,0.08045578002929688,9.728K,0.025365352630615234,0,3,0,0,41.68359375,41.54296875,0,0,0,0.0,0,6,25700,training
1754995374.2950761,10635,10635,0.041622161865234375,357.21875,0.08045578002929688,9.728K,0.025513172149658203,0,3,0,0,41.68359375,41.54296875,0,0,0,0.0,0,6,25800,training
1754995374.343199,10635,10635,0.041622161865234375,357.21875,0.08045578002929688,9.728K,0.028731822967529297,0,3,0,0,41.68359375,41.54296875,0,0,0,0.0,0,6,25900,training
1754995374.392361,10635,10635,0.041622161865234375,357.21875,0.08045578002929688,9.728K,0.029273033142089844,0,3,0,0,41.68359375,41.54296875,0,0,0,0.0,0,6,26000,training
1754995374.4405801,10635,10635,0.041622161865234375,357.21875,0.08045578002929688,9.728K,0.02628803253173828,0,3,0,0,41.68359375,41.54296875,0,0,0,0.0,0,6,26100,training
1754995374.488991,10635,10635,0.041622161865234375,357.21875,0.08045578002929688,9.728K,0.025391578674316406,0,3,0,0,41.68359375,41.54296875,0,0,0,0.0,0,6,26200,training
1754995374.537486,10635,10635,0.041622161865234375,357.21875,0.08045578002929688,9.728K,0.025684833526611328,0,3,0,0,41.68359375,41.54296875,0,0,0,0.0,0,6,26300,training
1754995374.585431,10635,10635,0.041622161865234375,357.21875,0.08045578002929688,9.728K,0.025482177734375,0,3,0,0,41.68359375,41.54296875,0,0,0,0.0,0,6,26400,training
1754995374.633583,10635,10635,0.041622161865234375,357.21875,0.08045578002929688,9.728K,0.025763511657714844,0,3,0,0,41.68359375,41.54296875,0,0,0,0.0,0,6,26500,training
1754995374.681997,10635,10635,0.041622161865234375,357.21875,0.08045578002929688,9.728K,0.025341510772705078,0,3,0,0,41.68359375,41.54296875,0,0,0,0.0,0,6,26600,training
1754995374.729795,10635,10635,0.041622161865234375,357.21875,0.08045578002929688,9.728K,0.025594234466552734,0,3,0,0,41.68359375,41.54296875,0,0,0,0.0,0,6,26700,training
1754995374.7774122,10635,10635,0.041622161865234375,357.21875,0.08045578002929688,9.728K,0.02547740936279297,0,3,0,0,41.68359375,41.54296875,0,0,0,0.0,0,6,26800,training
1754995374.826568,10635,10635,0.041622161865234375,357.21875,0.08045578002929688,9.728K,0.029079914093017578,0,3,0,0,41.68359375,41.54296875,0,0,0,0.0,0,6,26900,training
1754995374.8753002,10635,10635,0.041622161865234375,357.21875,0.08045578002929688,9.728K,0.028483867645263672,0,3,0,0,41.68359375,41.54296875,0,0,0,0.0,0,6,27000,training
1754995374.9235148,10635,10635,0.041622161865234375,357.21875,0.08045578002929688,9.728K,0.02538442611694336,0,3,0,0,41.68359375,41.54296875,0,0,0,0.0,0,6,27100,training
1754995374.9723918,10635,10635,0.041622161865234375,357.21875,0.08045578002929688,9.728K,0.025658607482910156,0,3,0,0,41.68359375,41.54296875,0,0,0,0.0,0,6,27200,training
1754995375.021035,10635,10635,0.041622161865234375,357.21875,0.08045578002929688,9.728K,0.025653839111328125,0,3,0,0,41.68359375,41.54296875,0,0,0,0.0,0,6,27300,training
1754995375.069212,10635,10635,0.041622161865234375,357.21875,0.08045578002929688,9.728K,0.025839805603027344,0,3,0,0,41.68359375,41.54296875,0,0,0,0.0,0,6,27400,training
1754995375.118379,10635,10635,0.041622161865234375,357.25,0.08045578002929688,9.728K,0.025255680084228516,0,3,0,0,41.68359375,41.54296875,0,0,0,0.0,0,6,27500,training
1754995375.166878,10635,10635,0.041622161865234375,357.25,0.08045578002929688,9.728K,0.02516031265258789,0,3,0,0,41.68359375,41.54296875,0,0,0,0.0,0,6,27600,training
1754995375.215487,10635,10635,0.041622161865234375,357.25,0.08045578002929688,9.728K,0.025472640991210938,0,3,0,0,41.68359375,41.54296875,0,0,0,0.0,0,6,27700,training
1754995375.2646542,10635,10635,0.041622161865234375,357.25,0.08045578002929688,9.728K,0.025279521942138672,0,3,0,0,41.68359375,41.54296875,0,0,0,0.0,0,6,27800,training
1754995375.313169,10635,10635,0.041622161865234375,357.25,0.08045578002929688,9.728K,0.0257110595703125,0,3,0,0,41.68359375,41.54296875,0,0,0,0.0,0,6,27900,training
1754995375.361631,10635,10635,0.041622161865234375,357.25,0.08045578002929688,9.728K,0.025708675384521484,0,3,0,0,41.68359375,41.54296875,0,0,0,0.0,0,6,28000,training
1754995375.410159,10635,10635,0.041622161865234375,357.28125,0.08045578002929688,9.728K,0.028710365295410156,0,3,0,0,41.68359375,41.54296875,0,0,0,0.0,0,6,28100,training
1754995375.458997,10635,10635,0.041622161865234375,357.28125,0.08045578002929688,9.728K,0.029163360595703125,0,3,0,0,41.68359375,41.54296875,0,0,0,0.0,0,6,28200,training
1754995375.5079622,10635,10635,0.041622161865234375,357.28125,0.08045578002929688,9.728K,0.0275421142578125,0,3,0,0,41.68359375,41.54296875,0,0,0,0.0,0,6,28300,training
1754995375.556936,10635,10635,0.041622161865234375,357.28125,0.08045578002929688,9.728K,0.027379989624023438,0,3,0,0,41.68359375,41.54296875,0,0,0,0.0,0,6,28400,training
1754995375.605665,10635,10635,0.041622161865234375,357.296875,0.08045578002929688,9.728K,0.025568008422851562,0,3,0,0,41.68359375,41.54296875,0,0,0,0.0,0,6,28500,training
1754995375.6552162,10635,10635,0.041622161865234375,357.296875,0.08045578002929688,9.728K,0.025708675384521484,0,3,0,0,41.68359375,41.54296875,0,0,0,0.0,0,6,28600,training
1754995375.7040079,10635,10635,0.041622161865234375,357.296875,0.08045578002929688,9.728K,0.025682449340820312,0,3,0,0,41.68359375,41.54296875,0,0,0,0.0,0,6,28700,training
1754995375.752778,10635,10635,0.041622161865234375,357.296875,0.08045578002929688,9.728K,0.025675296783447266,0,3,0,0,41.68359375,41.54296875,0,0,0,0.0,0,6,28800,training
1754995375.80476,10635,10635,0.041622161865234375,357.296875,0.08045578002929688,9.728K,0.02786397933959961,0,3,0,0,41.68359375,41.54296875,0,0,0,0.0,0,6,28900,training
1754995375.854783,10635,10635,0.041622161865234375,357.296875,0.08045578002929688,9.728K,0.025556087493896484,0,3,0,0,41.68359375,41.54296875,0,0,0,0.0,0,6,29000,training
1754995375.903757,10635,10635,0.041622161865234375,357.296875,0.08045578002929688,9.728K,0.025622844696044922,0,3,0,0,41.68359375,41.54296875,0,0,0,0.0,0,6,29100,training
1754995375.952204,10635,10635,0.041622161865234375,357.296875,0.08045578002929688,9.728K,0.025408267974853516,0,3,0,0,41.68359375,41.54296875,0,0,0,0.0,0,6,29200,training
1754995376.000618,10635,10635,0.041622161865234375,357.296875,0.08045578002929688,9.728K,0.025393962860107422,0,3,0,0,41.68359375,41.54296875,0,0,0,0.0,0,6,29300,training
1754995376.049224,10635,10635,0.041622161865234375,357.296875,0.08045578002929688,9.728K,0.025436878204345703,0,3,0,0,41.68359375,41.54296875,0,0,0,0.0,0,6,29400,training
1754995376.0981278,10635,10635,0.041622161865234375,357.296875,0.08045578002929688,9.728K,0.025799274444580078,0,3,0,0,41.68359375,41.54296875,0,0,0,0.0,0,6,29500,training
1754995376.146967,10635,10635,0.041622161865234375,357.296875,0.08045578002929688,9.728K,0.028448104858398438,0,3,0,0,41.68359375,41.54296875,0,0,0,0.0,0,6,29600,training
1754995376.195334,10635,10635,0.041622161865234375,357.296875,0.08045578002929688,9.728K,0.02569437026977539,0,3,0,0,41.68359375,41.54296875,0,0,0,0.0,0,6,29700,training
1754995376.2437088,10635,10635,0.041622161865234375,357.296875,0.08045578002929688,9.728K,0.02602100372314453,0,3,0,0,41.68359375,41.54296875,0,0,0,0.0,0,6,29800,training
1754995376.292185,10635,10635,0.041622161865234375,357.296875,0.08045578002929688,9.728K,0.029168128967285156,0,3,0,0,41.68359375,41.54296875,0,0,0,0.0,0,6,29900,training
1754995376.340749,10635,10635,0.041622161865234375,357.296875,0.08045578002929688,9.728K,0.026853084564208984,0,3,0,0,41.68359375,41.54296875,0,0,0,0.0,0,6,30000,training
1754995376.3894231,10635,10635,0.041622161865234375,357.296875,0.08045578002929688,9.728K,0.025429725646972656,0,3,0,0,41.68359375,41.54296875,0,0,0,0.0,0,6,30100,training
1754995376.438317,10635,10635,0.041622161865234375,357.296875,0.08045578002929688,9.728K,0.02557516098022461,0,3,0,0,41.68359375,41.54296875,0,0,0,0.0,0,6,30200,training
1754995376.489024,10635,10635,0.041622161865234375,357.296875,0.08045578002929688,9.728K,0.027871131896972656,0,3,0,0,41.68359375,41.54296875,0,0,0,0.0,0,6,30300,training
1754995376.552046,10635,10635,0.041622161865234375,357.265625,0.08045578002929688,9.728K,0.02704620361328125,0,3,0,0,41.68359375,41.54296875,0,0,0,0.0,0,6,30400,training
1754995376.602533,10635,10635,0.041622161865234375,357.265625,0.08045578002929688,9.728K,0.025365352630615234,0,3,0,0,41.68359375,41.54296875,0,0,0,0.0,0,6,30500,training
1754995376.650733,10635,10635,0.041622161865234375,357.265625,0.08045578002929688,9.728K,0.025331974029541016,0,3,0,0,41.68359375,41.54296875,0,0,0,0.0,0,6,30600,training
1754995376.6993952,10635,10635,0.041622161865234375,357.265625,0.08045578002929688,9.728K,0.025644302368164062,0,3,0,0,41.68359375,41.54296875,0,0,0,0.0,0,6,30700,training
1754995376.748308,10635,10635,0.041622161865234375,357.265625,0.08045578002929688,9.728K,0.025532245635986328,0,3,0,0,41.68359375,41.54296875,0,0,0,0.0,0,6,30800,training
1754995376.7969,10635,10635,0.041622161865234375,357.265625,0.08045578002929688,9.728K,0.025758743286132812,0,3,0,0,41.68359375,41.54296875,0,0,0,0.0,0,6,30900,training
1754995376.8452952,10635,10635,0.041622161865234375,357.265625,0.08045578002929688,9.728K,0.025877952575683594,0,3,0,0,41.68359375,41.54296875,0,0,0,0.0,0,6,31000,training
1754995376.893638,10635,10635,0.041622161865234375,357.265625,0.08045578002929688,9.728K,0.028123855590820312,0,3,0,0,41.68359375,41.54296875,0,0,0,0.0,0,6,31100,training
1754995376.942324,10635,10635,0.041622161865234375,357.265625,0.08045578002929688,9.728K,0.028979778289794922,0,3,0,0,41.68359375,41.54296875,0,0,0,0.0,0,6,31200,training
1754995376.9913611,10635,10635,0.041622161865234375,357.265625,0.08045578002929688,9.728K,0.027866363525390625,0,3,0,0,41.68359375,41.54296875,0,0,0,0.0,0,6,31300,training
1754995377.039511,10635,10635,0.041622161865234375,357.265625,0.08045578002929688,9.728K,0.025551319122314453,0,3,0,0,41.68359375,41.54296875,0,0,0,0.0,0,6,31400,training
1754995377.0878131,10635,10635,0.041622161865234375,357.265625,0.08045578002929688,9.728K,0.025658607482910156,0,3,0,0,41.68359375,41.54296875,0,0,0,0.0,0,6,31500,training
1754995377.137429,10635,10635,0.041622161865234375,357.265625,0.08045578002929688,9.728K,0.026199817657470703,0,3,0,0,41.68359375,41.54296875,0,0,0,0.0,0,6,31600,training
1754995377.186204,10635,10635,0.041622161865234375,357.265625,0.08045578002929688,9.728K,0.02554178237915039,0,3,0,0,41.68359375,41.54296875,0,0,0,0.0,0,6,31700,training
1754995377.234765,10635,10635,0.041622161865234375,357.265625,0.08045578002929688,9.728K,0.025234222412109375,0,3,0,0,41.68359375,41.54296875,0,0,0,0.0,0,6,31800,training
1754995377.283346,10635,10635,0.041622161865234375,357.265625,0.08045578002929688,9.728K,0.025696754455566406,0,3,0,0,41.68359375,41.54296875,0,0,0,0.0,0,6,31900,training
1754995377.3321018,10635,10635,0.041622161865234375,357.265625,0.08045578002929688,9.728K,0.025436878204345703,0,3,0,0,41.68359375,41.54296875,0,0,0,0.0,0,6,32000,training
1754995377.380671,10635,10635,0.041622161865234375,357.265625,0.08045578002929688,9.728K,0.025491714477539062,0,3,0,0,41.68359375,41.54296875,0,0,0,0.0,0,6,32100,training
1754995377.4295738,10635,10635,0.041622161865234375,357.265625,0.08045578002929688,9.728K,0.025663375854492188,0,3,0,0,41.68359375,41.54296875,0,0,0,0.0,0,6,32200,training
1754995377.4778051,10635,10635,0.041622161865234375,357.265625,0.08045578002929688,9.728K,0.02519845962524414,0,3,0,0,41.68359375,41.54296875,0,0,0,0.0,0,6,32300,training
1754995377.526242,10635,10635,0.041622161865234375,357.265625,0.08045578002929688,9.728K,0.029621124267578125,0,3,0,0,41.68359375,41.54296875,0,0,0,0.0,0,6,32400,training
1754995377.5749419,10635,10635,0.041622161865234375,357.265625,0.08045578002929688,9.728K,0.02916097640991211,0,3,0,0,41.68359375,41.54296875,0,0,0,0.0,0,6,32500,training
1754995377.623841,10635,10635,0.041622161865234375,357.265625,0.08045578002929688,9.728K,0.0262451171875,0,3,0,0,41.68359375,41.54296875,0,0,0,0.0,0,6,32600,training
1754995377.6727738,10635,10635,0.041622161865234375,357.265625,0.08045578002929688,9.728K,0.025467872619628906,0,3,0,0,41.68359375,41.54296875,0,0,0,0.0,0,6,32700,training
1754995377.7215931,10635,10635,0.041622161865234375,357.265625,0.08045578002929688,9.728K,0.025255680084228516,0,3,0,0,41.68359375,41.54296875,0,0,0,0.0,0,6,32800,training
1754995377.770562,10635,10635,0.041622161865234375,357.265625,0.08045578002929688,9.728K,0.02562999725341797,0,3,0,0,41.68359375,41.54296875,0,0,0,0.0,0,6,32900,training
1754995377.8190908,10635,10635,0.041622161865234375,357.265625,0.08045578002929688,9.728K,0.025551319122314453,0,3,0,0,41.68359375,41.54296875,0,0,0,0.0,0,6,33000,training
1754995377.8672562,10635,10635,0.041622161865234375,357.265625,0.08045578002929688,9.728K,0.025544166564941406,0,3,0,0,41.68359375,41.54296875,0,0,0,0.0,0,6,33100,training
1754995377.915586,10635,10635,0.041622161865234375,357.296875,0.08045578002929688,9.728K,0.025546550750732422,0,3,0,0,41.68359375,41.54296875,0,0,0,0.0,0,6,33200,training
1754995377.964171,10635,10635,0.041622161865234375,357.3125,0.08045578002929688,9.728K,0.02556324005126953,0,3,0,0,41.68359375,41.54296875,0,0,0,0.0,0,6,33300,training
1754995378.013502,10635,10635,0.041622161865234375,357.3125,0.08045578002929688,9.728K,0.025675296783447266,0,3,0,0,41.68359375,41.54296875,0,0,0,0.0,0,6,33400,training
1754995378.0626,10635,10635,0.041622161865234375,357.34375,0.08045578002929688,9.728K,0.025734901428222656,0,3,0,0,41.68359375,41.54296875,0,0,0,0.0,0,6,33500,training
1754995378.1108449,10635,10635,0.041622161865234375,357.34375,0.08045578002929688,9.728K,0.027799606323242188,0,3,0,0,41.68359375,41.54296875,0,0,0,0.0,0,6,33600,training
1754995378.159942,10635,10635,0.041622161865234375,357.34375,0.08045578002929688,9.728K,0.025756359100341797,0,3,0,0,41.68359375,41.54296875,0,0,0,0.0,0,6,33700,training
1754995378.208009,10635,10635,0.041622161865234375,357.34375,0.08045578002929688,9.728K,0.02865314483642578,0,3,0,0,41.68359375,41.54296875,0,0,0,0.0,0,6,33800,training
1754995378.256185,10635,10635,0.041622161865234375,357.34375,0.08045578002929688,9.728K,0.025200843811035156,0,3,0,0,41.68359375,41.54296875,0,0,0,0.0,0,6,33900,training
1754995378.30511,10635,10635,0.041622161865234375,357.34375,0.08045578002929688,9.728K,0.025882720947265625,0,3,0,0,41.68359375,41.54296875,0,0,0,0.0,0,6,34000,training
1754995378.353657,10635,10635,0.041622161865234375,357.34375,0.08045578002929688,9.728K,0.025806427001953125,0,3,0,0,41.68359375,41.54296875,0,0,0,0.0,0,6,34100,training
1754995378.4028559,10635,10635,0.041622161865234375,357.34375,0.08045578002929688,9.728K,0.025634765625,0,3,0,0,41.68359375,41.54296875,0,0,0,0.0,0,6,34200,training
1754995378.451508,10635,10635,0.041622161865234375,357.34375,0.08045578002929688,9.728K,0.025627613067626953,0,3,0,0,41.68359375,41.54296875,0,0,0,0.0,0,6,34300,training
1754995378.500242,10635,10635,0.041622161865234375,357.34375,0.08045578002929688,9.728K,0.025358200073242188,0,3,0,0,41.68359375,41.54296875,0,0,0,0.0,0,6,34400,training
1754995378.548915,10635,10635,0.041622161865234375,357.375,0.08045578002929688,9.728K,0.02533435821533203,0,3,0,0,41.68359375,41.54296875,0,0,0,0.0,0,6,34500,training
1754995378.597249,10635,10635,0.041622161865234375,357.375,0.08045578002929688,9.728K,0.02555370330810547,0,3,0,0,41.68359375,41.54296875,0,0,0,0.0,0,6,34600,training
1754995378.6456761,10635,10635,0.041622161865234375,357.375,0.08045578002929688,9.728K,0.025815963745117188,0,3,0,0,41.68359375,41.54296875,0,0,0,0.0,0,6,34700,training
1754995378.694261,10635,10635,0.041622161865234375,357.375,0.08045578002929688,9.728K,0.025472640991210938,0,3,0,0,41.68359375,41.54296875,0,0,0,0.0,0,6,34800,training
1754995378.742858,10635,10635,0.041622161865234375,357.375,0.08045578002929688,9.728K,0.029795169830322266,0,3,0,0,41.68359375,41.54296875,0,0,0,0.0,0,6,34900,training
1754995378.7916958,10635,10635,0.041622161865234375,357.375,0.08045578002929688,9.728K,0.028865337371826172,0,3,0,0,41.68359375,41.54296875,0,0,0,0.0,0,6,35000,training
1754995378.83995,10635,10635,0.041622161865234375,357.375,0.08045578002929688,9.728K,0.025548934936523438,0,3,0,0,41.68359375,41.54296875,0,0,0,0.0,0,6,35100,training
1754995378.888439,10635,10635,0.041622161865234375,357.375,0.08045578002929688,9.728K,0.025382041931152344,0,3,0,0,41.68359375,41.54296875,0,0,0,0.0,0,6,35200,training
1754995378.936605,10635,10635,0.041622161865234375,357.375,0.08045578002929688,9.728K,0.025632381439208984,0,3,0,0,41.68359375,41.54296875,0,0,0,0.0,0,6,35300,training
1754995378.985004,10635,10635,0.041622161865234375,357.375,0.08045578002929688,9.728K,0.02542257308959961,0,3,0,0,41.68359375,41.54296875,0,0,0,0.0,0,6,35400,training
1754995379.033323,10635,10635,0.041622161865234375,357.390625,0.08045578002929688,9.728K,0.025377273559570312,0,3,0,0,41.68359375,41.54296875,0,0,0,0.0,0,6,35500,training
1754995379.081971,10635,10635,0.041622161865234375,357.390625,0.08045578002929688,9.728K,0.025396347045898438,0,3,0,0,41.68359375,41.54296875,0,0,0,0.0,0,6,35600,training
1754995379.1311512,10635,10635,0.041622161865234375,357.390625,0.08045578002929688,9.728K,0.025467872619628906,0,3,0,0,41.68359375,41.54296875,0,0,0,0.0,0,6,35700,training
1754995379.179811,10635,10635,0.041622161865234375,357.390625,0.08045578002929688,9.728K,0.025718212127685547,0,3,0,0,41.68359375,41.54296875,0,0,0,0.0,0,6,35800,training
1754995379.228126,10635,10635,0.041622161865234375,357.390625,0.08045578002929688,9.728K,0.02593994140625,0,3,0,0,41.68359375,41.54296875,0,0,0,0.0,0,6,35900,training
1754995379.2763789,10635,10635,0.041622161865234375,357.390625,0.08045578002929688,9.728K,0.028867721557617188,0,3,0,0,41.68359375,41.54296875,0,0,0,0.0,0,6,36000,training
1754995379.325113,10635,10635,0.041622161865234375,357.390625,0.08045578002929688,9.728K,0.02835988998413086,0,3,0,0,41.68359375,41.54296875,0,0,0,0.0,0,6,36100,training
1754995379.37418,10635,10635,0.041622161865234375,357.390625,0.08045578002929688,9.728K,0.02708911895751953,0,3,0,0,41.68359375,41.54296875,0,0,0,0.0,0,6,36200,training
1754995379.422729,10635,10635,0.041622161865234375,357.390625,0.08045578002929688,9.728K,0.025508403778076172,0,3,0,0,41.68359375,41.54296875,0,0,0,0.0,0,6,36300,training
1754995379.4717262,10635,10635,0.041622161865234375,357.390625,0.08045578002929688,9.728K,0.02536296844482422,0,3,0,0,41.68359375,41.54296875,0,0,0,0.0,0,6,36400,training
1754995379.520121,10635,10635,0.041622161865234375,357.390625,0.08045578002929688,9.728K,0.025608539581298828,0,3,0,0,41.68359375,41.54296875,0,0,0,0.0,0,6,36500,training
1754995379.568476,10635,10635,0.041622161865234375,357.390625,0.08045578002929688,9.728K,0.025510787963867188,0,3,0,0,41.68359375,41.54296875,0,0,0,0.0,0,6,36600,training
1754995379.6174452,10635,10635,0.041622161865234375,357.390625,0.08045578002929688,9.728K,0.025424957275390625,0,3,0,0,41.68359375,41.54296875,0,0,0,0.0,0,6,36700,training
1754995379.6658502,10635,10635,0.041622161865234375,357.390625,0.08045578002929688,9.728K,0.025691986083984375,0,3,0,0,41.68359375,41.54296875,0,0,0,0.0,0,6,36800,training
1754995379.714263,10635,10635,0.041622161865234375,357.390625,0.08045578002929688,9.728K,0.025484561920166016,0,3,0,0,41.68359375,41.54296875,0,0,0,0.0,0,6,36900,training
1754995379.763176,10635,10635,0.041622161865234375,357.390625,0.08045578002929688,9.728K,0.025777816772460938,0,3,0,0,41.68359375,41.54296875,0,0,0,0.0,0,6,37000,training
1754995379.81166,10635,10635,0.041622161865234375,357.421875,0.08045578002929688,9.728K,0.02592325210571289,0,3,0,0,41.68359375,41.54296875,0,0,0,0.0,0,6,37100,training
1754995379.860141,10635,10635,0.041622161865234375,357.421875,0.08045578002929688,9.728K,0.030562877655029297,0,3,0,0,41.68359375,41.54296875,0,0,0,0.0,0,6,37200,training
1754995379.909085,10635,10635,0.041622161865234375,357.421875,0.08045578002929688,9.728K,0.029382705688476562,0,3,0,0,41.68359375,41.54296875,0,0,0,0.0,0,6,37300,training
1754995379.957983,10635,10635,0.041622161865234375,357.421875,0.08045578002929688,9.728K,0.02838134765625,0,3,0,0,41.68359375,41.54296875,0,0,0,0.0,0,6,37400,training
1754995380.00611,10635,10635,0.041622161865234375,357.421875,0.08045578002929688,9.728K,0.025398731231689453,0,3,0,0,41.68359375,41.54296875,0,0,0,0.0,0,6,37500,training
1754995380.05624,10635,10635,0.041622161865234375,357.4375,0.08045578002929688,9.728K,0.025370121002197266,0,3,0,0,41.68359375,41.54296875,0,0,0,0.0,0,6,37600,training
1754995380.104363,10635,10635,0.041622161865234375,357.4375,0.08045578002929688,9.728K,0.025708675384521484,0,3,0,0,41.68359375,41.54296875,0,0,0,0.0,0,6,37700,training
1754995380.152843,10635,10635,0.041622161865234375,357.4375,0.08045578002929688,9.728K,0.02571582794189453,0,3,0,0,41.68359375,41.54296875,0,0,0,0.0,0,6,37800,training
1754995380.201251,10635,10635,0.041622161865234375,357.4375,0.08045578002929688,9.728K,0.025472640991210938,0,3,0,0,41.68359375,41.54296875,0,0,0,0.0,0,6,37900,training
1754995380.249231,10635,10635,0.041622161865234375,357.46875,0.08045578002929688,9.728K,0.025556087493896484,0,3,0,0,41.68359375,41.54296875,0,0,0,0.0,0,6,38000,training
1754995380.29757,10635,10635,0.041622161865234375,357.46875,0.08045578002929688,9.728K,0.025222301483154297,0,3,0,0,41.68359375,41.54296875,0,0,0,0.0,0,6,38100,training
1754995380.345906,10635,10635,0.041622161865234375,357.46875,0.08045578002929688,9.728K,0.025386810302734375,0,3,0,0,41.68359375,41.54296875,0,0,0,0.0,0,6,38200,training
1754995380.394302,10635,10635,0.041622161865234375,357.46875,0.08045578002929688,9.728K,0.025608539581298828,0,3,0,0,41.68359375,41.54296875,0,0,0,0.0,0,6,38300,training
1754995380.443151,10635,10635,0.041622161865234375,357.46875,0.08045578002929688,9.728K,0.025794506072998047,0,3,0,0,41.68359375,41.54296875,0,0,0,0.0,0,6,38400,training
1754995380.491958,10635,10635,0.041622161865234375,357.46875,0.08045578002929688,9.728K,0.028836727142333984,0,3,0,0,41.68359375,41.54296875,0,0,0,0.0,0,6,38500,training
1754995380.540216,10635,10635,0.041622161865234375,357.46875,0.08045578002929688,9.728K,0.02532482147216797,0,3,0,0,41.68359375,41.54296875,0,0,0,0.0,0,6,38600,training
1754995380.5894568,10635,10635,0.041622161865234375,357.46875,0.08045578002929688,9.728K,0.025641918182373047,0,3,0,0,41.68359375,41.54296875,0,0,0,0.0,0,6,38700,training
1754995380.6382139,10635,10635,0.041622161865234375,357.5,0.08045578002929688,9.728K,0.02550363540649414,0,3,0,0,41.68359375,41.54296875,0,0,0,0.0,0,6,38800,training
1754995380.686802,10635,10635,0.041622161865234375,357.5,0.08045578002929688,9.728K,0.02552032470703125,0,3,0,0,41.68359375,41.54296875,0,0,0,0.0,0,6,38900,training
1754995380.735208,10635,10635,0.041622161865234375,357.5,0.08045578002929688,9.728K,0.025424957275390625,0,3,0,0,41.68359375,41.54296875,0,0,0,0.0,0,6,39000,training
1754995380.783904,10635,10635,0.041622161865234375,357.53125,0.08045578002929688,9.728K,0.02755880355834961,0,3,0,0,41.68359375,41.54296875,0,0,0,0.0,0,6,39100,training
1754995380.838926,10635,10635,0.041622161865234375,357.53125,0.08045578002929688,9.728K,0.02681732177734375,0,3,0,0,41.68359375,41.54296875,0,0,0,0.0,0,6,39200,training
1754995380.8893309,10635,10635,0.041622161865234375,357.53125,0.08045578002929688,9.728K,0.02533435821533203,0,3,0,0,41.68359375,41.54296875,0,0,0,0.0,0,6,39300,training
1754995380.937671,10635,10635,0.041622161865234375,357.53125,0.08045578002929688,9.728K,0.025801658630371094,0,3,0,0,41.68359375,41.54296875,0,0,0,0.0,0,6,39400,training
1754995380.9867399,10635,10635,0.041622161865234375,357.53125,0.08045578002929688,9.728K,0.025472640991210938,0,3,0,0,41.68359375,41.54296875,0,0,0,0.0,0,6,39500,training
1754995381.034343,10635,10635,0.041622161865234375,357.53125,0.08045578002929688,9.728K,0.02528667449951172,0,3,0,0,41.68359375,41.54296875,0,0,0,0.0,0,6,39600,training
1754995381.081996,10635,10635,0.041622161865234375,357.53125,0.08045578002929688,9.728K,0.025582313537597656,0,3,0,0,41.68359375,41.54296875,0,0,0,0.0,0,6,39700,training
1754995381.130481,10635,10635,0.041622161865234375,357.53125,0.08045578002929688,9.728K,0.025768280029296875,0,3,0,0,41.68359375,41.54296875,0,0,0,0.0,0,6,39800,training
1754995381.179293,10635,10635,0.041622161865234375,357.53125,0.08045578002929688,9.728K,0.02559661865234375,0,3,0,0,41.68359375,41.54296875,0,0,0,0.0,0,6,39900,training
1754995381.2278411,10635,10635,0.041622161865234375,357.53125,0.08045578002929688,9.728K,0.025761127471923828,0,3,0,0,41.68359375,41.54296875,0,0,0,0.0,0,6,40000,training
1754995381.2762072,10635,10635,0.041622161865234375,357.53125,0.08045578002929688,9.728K,0.028984546661376953,0,3,0,0,41.68359375,41.54296875,0,0,0,0.0,0,6,40100,training
1754995381.325075,10635,10635,0.041622161865234375,357.53125,0.08045578002929688,9.728K,0.028700828552246094,0,3,0,0,41.68359375,41.54296875,0,0,0,0.0,0,6,40200,training
1754995381.373541,10635,10635,0.041622161865234375,357.53125,0.08045578002929688,9.728K,0.025458335876464844,0,3,0,0,41.68359375,41.54296875,0,0,0,0.0,0,6,40300,training
1754995381.422013,10635,10635,0.041622161865234375,357.53125,0.08045578002929688,9.728K,0.02574920654296875,0,3,0,0,41.68359375,41.54296875,0,0,0,0.0,0,6,40400,training
1754995381.471054,10635,10635,0.041622161865234375,357.53125,0.08045578002929688,9.728K,0.025489330291748047,0,3,0,0,41.68359375,41.54296875,0,0,0,0.0,0,6,40500,training
1754995381.519354,10635,10635,0.041622161865234375,357.53125,0.08045578002929688,9.728K,0.025577545166015625,0,3,0,0,41.68359375,41.54296875,0,0,0,0.0,0,6,40600,training
1754995381.567518,10635,10635,0.041622161865234375,357.53125,0.08045578002929688,9.728K,0.025484561920166016,0,3,0,0,41.68359375,41.54296875,0,0,0,0.0,0,6,40700,training
1754995381.616189,10635,10635,0.041622161865234375,357.53125,0.08045578002929688,9.728K,0.025546550750732422,0,3,0,0,41.68359375,41.54296875,0,0,0,0.0,0,6,40800,training
1754995381.664674,10635,10635,0.041622161865234375,357.53125,0.08045578002929688,9.728K,0.025169849395751953,0,3,0,0,41.68359375,41.54296875,0,0,0,0.0,0,6,40900,training
1754995381.712783,10635,10635,0.041622161865234375,357.53125,0.08045578002929688,9.728K,0.02529621124267578,0,3,0,0,41.68359375,41.54296875,0,0,0,0.0,0,6,41000,training
1754995381.76043,10635,10635,0.041622161865234375,357.53125,0.08045578002929688,9.728K,0.025429725646972656,0,3,0,0,41.68359375,41.54296875,0,0,0,0.0,0,6,41100,training
1754995381.808316,10635,10635,0.041622161865234375,357.53125,0.08045578002929688,9.728K,0.02863168716430664,0,3,0,0,41.68359375,41.54296875,0,0,0,0.0,0,6,41200,training
1754995381.85687,10635,10635,0.041622161865234375,357.53125,0.08045578002929688,9.728K,0.025284290313720703,0,3,0,0,41.68359375,41.54296875,0,0,0,0.0,0,6,41300,training
1754995381.907242,10635,10635,0.041622161865234375,357.53125,0.08045578002929688,9.728K,0.026884078979492188,0,3,0,0,41.68359375,41.54296875,0,0,0,0.0,0,6,41400,training
1754995381.956845,10635,10635,0.041622161865234375,357.53125,0.08045578002929688,9.728K,0.02532482147216797,0,3,0,0,41.68359375,41.54296875,0,0,0,0.0,0,6,41500,training
1754995382.008864,10635,10635,0.041622161865234375,357.53125,0.08045578002929688,9.728K,0.034368038177490234,0,3,0,0,41.68359375,41.54296875,0,0,0,0.0,0,6,41600,training
1754995382.0633779,10635,10635,0.041622161865234375,357.53125,0.08045578002929688,9.728K,0.030281543731689453,0,3,0,0,41.68359375,41.54296875,0,0,0,0.0,0,6,41700,training
1754995382.118996,10635,10635,0.041622161865234375,357.5625,0.08045578002929688,9.728K,0.029754638671875,0,3,0,0,41.68359375,41.54296875,0,0,0,0.0,0,6,41800,training
1754995382.196362,10635,10635,0.041622161865234375,357.546875,0.08045578002929688,9.728K,0.02979278564453125,0,3,0,0,41.68359375,41.54296875,0,0,0,0.0,0,7,0,training
1754995382.2532248,10635,10635,0.041622161865234375,357.546875,0.08045578002929688,9.728K,0.029306411743164062,0,3,0,0,41.68359375,41.54296875,0,0,0,0.0,0,7,100,training
1754995382.309529,10635,10635,0.041622161865234375,357.5625,0.08045578002929688,9.728K,0.03582477569580078,0,3,0,0,41.68359375,41.54296875,0,0,0,0.0,0,7,200,training
1754995382.364911,10635,10635,0.041622161865234375,357.5625,0.08045578002929688,9.728K,0.029883384704589844,0,3,0,0,41.68359375,41.54296875,0,0,0,0.0,0,7,300,training
1754995382.419799,10635,10635,0.041622161865234375,357.5625,0.08045578002929688,9.728K,0.029273033142089844,0,3,0,0,41.68359375,41.54296875,0,0,0,0.0,0,7,400,training
1754995382.474441,10635,10635,0.041622161865234375,357.578125,0.08045578002929688,9.728K,0.03556966781616211,0,3,0,0,41.68359375,41.54296875,0,0,0,0.0,0,7,500,training
1754995382.528936,10635,10635,0.041622161865234375,357.578125,0.08045578002929688,9.728K,0.029561519622802734,0,3,0,0,41.68359375,41.54296875,0,0,0,0.0,0,7,600,training
1754995382.588725,10635,10635,0.041622161865234375,357.578125,0.08045578002929688,9.728K,0.02995014190673828,0,3,0,0,41.68359375,41.54296875,0,0,0,0.0,0,7,700,training
1754995382.645495,10635,10635,0.041622161865234375,357.578125,0.08045578002929688,9.728K,0.02956867218017578,0,3,0,0,41.68359375,41.54296875,0,0,0,0.0,0,7,800,training
1754995382.701695,10635,10635,0.041622161865234375,357.578125,0.08045578002929688,9.728K,0.029630661010742188,0,3,0,0,41.68359375,41.54296875,0,0,0,0.0,0,7,900,training
1754995382.756213,10635,10635,0.041622161865234375,357.578125,0.08045578002929688,9.728K,0.029995441436767578,0,3,0,0,41.68359375,41.54296875,0,0,0,0.0,0,7,1000,training
1754995382.813855,10635,10635,0.041622161865234375,357.578125,0.08045578002929688,9.728K,0.02975940704345703,0,3,0,0,41.68359375,41.54296875,0,0,0,0.0,0,7,1100,training
1754995382.86912,10635,10635,0.041622161865234375,357.578125,0.08045578002929688,9.728K,0.029609203338623047,0,3,0,0,41.68359375,41.54296875,0,0,0,0.0,0,7,1200,training
1754995382.924659,10635,10635,0.041622161865234375,357.578125,0.08045578002929688,9.728K,0.035250186920166016,0,3,0,0,41.68359375,41.54296875,0,0,0,0.0,0,7,1300,training
1754995382.980235,10635,10635,0.041622161865234375,357.578125,0.08045578002929688,9.728K,0.02933502197265625,0,3,0,0,41.68359375,41.54296875,0,0,0,0.0,0,7,1400,training
1754995383.0355651,10635,10635,0.041622161865234375,357.578125,0.08045578002929688,9.728K,0.032961368560791016,0,3,0,0,41.68359375,41.54296875,0,0,0,0.0,0,7,1500,training
1754995383.094651,10635,10635,0.041622161865234375,357.578125,0.08045578002929688,9.728K,0.032291412353515625,0,3,0,0,41.68359375,41.54296875,0,0,0,0.0,0,7,1600,training
1754995383.152744,10635,10635,0.041622161865234375,357.578125,0.08045578002929688,9.728K,0.0313878059387207,0,3,0,0,41.68359375,41.54296875,0,0,0,0.0,0,7,1700,training
1754995383.209064,10635,10635,0.041622161865234375,357.578125,0.08045578002929688,9.728K,0.03653526306152344,0,3,0,0,41.68359375,41.54296875,0,0,0,0.0,0,7,1800,training
1754995383.264701,10635,10635,0.041622161865234375,357.578125,0.08045578002929688,9.728K,0.029001235961914062,0,3,0,0,41.68359375,41.54296875,0,0,0,0.0,0,7,1900,training
1754995383.318597,10635,10635,0.041622161865234375,357.578125,0.08045578002929688,9.728K,0.025522708892822266,0,3,0,0,41.68359375,41.54296875,0,0,0,0.0,0,7,2000,training
1754995383.3671649,10635,10635,0.041622161865234375,357.578125,0.08045578002929688,9.728K,0.02542257308959961,0,3,0,0,41.68359375,41.54296875,0,0,0,0.0,0,7,2100,training
1754995383.415948,10635,10635,0.041622161865234375,357.578125,0.08045578002929688,9.728K,0.025646686553955078,0,3,0,0,41.68359375,41.54296875,0,0,0,0.0,0,7,2200,training
1754995383.464533,10635,10635,0.041622161865234375,357.609375,0.08045578002929688,9.728K,0.025491714477539062,0,3,0,0,41.68359375,41.54296875,0,0,0,0.0,0,7,2300,training
1754995383.513216,10635,10635,0.041622161865234375,357.609375,0.08045578002929688,9.728K,0.025806427001953125,0,3,0,0,41.68359375,41.54296875,0,0,0,0.0,0,7,2400,training
1754995383.561731,10635,10635,0.041622161865234375,357.609375,0.08045578002929688,9.728K,0.025527477264404297,0,3,0,0,41.68359375,41.54296875,0,0,0,0.0,0,7,2500,training
1754995383.610406,10635,10635,0.041622161865234375,357.609375,0.08045578002929688,9.728K,0.02677440643310547,0,3,0,0,41.68359375,41.54296875,0,0,0,0.0,0,7,2600,training
1754995383.658963,10635,10635,0.041622161865234375,357.609375,0.08045578002929688,9.728K,0.029153823852539062,0,3,0,0,41.68359375,41.54296875,0,0,0,0.0,0,7,2700,training
1754995383.7078989,10635,10635,0.041622161865234375,357.609375,0.08045578002929688,9.728K,0.02813577651977539,0,3,0,0,41.68359375,41.54296875,0,0,0,0.0,0,7,2800,training
1754995383.7560508,10635,10635,0.041622161865234375,357.609375,0.08045578002929688,9.728K,0.025396347045898438,0,3,0,0,41.68359375,41.54296875,0,0,0,0.0,0,7,2900,training
1754995383.804092,10635,10635,0.041622161865234375,357.609375,0.08045578002929688,9.728K,0.02591848373413086,0,3,0,0,41.68359375,41.54296875,0,0,0,0.0,0,7,3000,training
1754995383.852573,10635,10635,0.041622161865234375,357.609375,0.08045578002929688,9.728K,0.02546072006225586,0,3,0,0,41.68359375,41.54296875,0,0,0,0.0,0,7,3100,training
1754995383.900604,10635,10635,0.041622161865234375,357.609375,0.08045578002929688,9.728K,0.0252532958984375,0,3,0,0,41.68359375,41.54296875,0,0,0,0.0,0,7,3200,training
1754995383.9495082,10635,10635,0.041622161865234375,357.609375,0.08045578002929688,9.728K,0.02593994140625,0,3,0,0,41.68359375,41.54296875,0,0,0,0.0,0,7,3300,training
1754995383.998226,10635,10635,0.041622161865234375,357.609375,0.08045578002929688,9.728K,0.02557992935180664,0,3,0,0,41.68359375,41.54296875,0,0,0,0.0,0,7,3400,training
1754995384.0471182,10635,10635,0.041622161865234375,357.609375,0.08045578002929688,9.728K,0.025496482849121094,0,3,0,0,41.68359375,41.54296875,0,0,0,0.0,0,7,3500,training
1754995384.095986,10635,10635,0.041622161865234375,357.609375,0.08045578002929688,9.728K,0.02549886703491211,0,3,0,0,41.68359375,41.54296875,0,0,0,0.0,0,7,3600,training
1754995384.144245,10635,10635,0.041622161865234375,357.609375,0.08045578002929688,9.728K,0.025632381439208984,0,3,0,0,41.68359375,41.54296875,0,0,0,0.0,0,7,3700,training
1754995384.1933372,10635,10635,0.041622161865234375,357.609375,0.08045578002929688,9.728K,0.02717733383178711,0,3,0,0,41.68359375,41.54296875,0,0,0,0.0,0,7,3800,training
1754995384.2422872,10635,10635,0.041622161865234375,357.609375,0.08045578002929688,9.728K,0.02874612808227539,0,3,0,0,41.68359375,41.54296875,0,0,0,0.0,0,7,3900,training
1754995384.290443,10635,10635,0.041622161865234375,357.609375,0.08045578002929688,9.728K,0.02679586410522461,0,3,0,0,41.68359375,41.54296875,0,0,0,0.0,0,7,4000,training
1754995384.338621,10635,10635,0.041622161865234375,357.609375,0.08045578002929688,9.728K,0.025713443756103516,0,3,0,0,41.68359375,41.54296875,0,0,0,0.0,0,7,4100,training
1754995384.387236,10635,10635,0.041622161865234375,357.609375,0.08045578002929688,9.728K,0.02590179443359375,0,3,0,0,41.68359375,41.54296875,0,0,0,0.0,0,7,4200,training
1754995384.435698,10635,10635,0.041622161865234375,357.609375,0.08045578002929688,9.728K,0.0254058837890625,0,3,0,0,41.68359375,41.54296875,0,0,0,0.0,0,7,4300,training
1754995384.484212,10635,10635,0.041622161865234375,357.609375,0.08045578002929688,9.728K,0.025489330291748047,0,3,0,0,41.68359375,41.54296875,0,0,0,0.0,0,7,4400,training
1754995384.533029,10635,10635,0.041622161865234375,357.609375,0.08045578002929688,9.728K,0.025482177734375,0,3,0,0,41.68359375,41.54296875,0,0,0,0.0,0,7,4500,training
1754995384.582548,10635,10635,0.041622161865234375,357.609375,0.08045578002929688,9.728K,0.025141239166259766,0,3,0,0,41.68359375,41.54296875,0,0,0,0.0,0,7,4600,training
1754995384.63102,10635,10635,0.041622161865234375,357.609375,0.08045578002929688,9.728K,0.025331974029541016,0,3,0,0,41.68359375,41.54296875,0,0,0,0.0,0,7,4700,training
1754995384.67935,10635,10635,0.041622161865234375,357.609375,0.08045578002929688,9.728K,0.02556324005126953,0,3,0,0,41.68359375,41.54296875,0,0,0,0.0,0,7,4800,training
1754995384.728522,10635,10635,0.041622161865234375,357.609375,0.08045578002929688,9.728K,0.02563953399658203,0,3,0,0,41.68359375,41.54296875,0,0,0,0.0,0,7,4900,training
1754995384.777272,10635,10635,0.041622161865234375,357.609375,0.08045578002929688,9.728K,0.025584697723388672,0,3,0,0,41.68359375,41.54296875,0,0,0,0.0,0,7,5000,training
1754995384.8258739,10635,10635,0.041622161865234375,357.609375,0.08045578002929688,9.728K,0.028569698333740234,0,3,0,0,41.68359375,41.54296875,0,0,0,0.0,0,7,5100,training
1754995384.874521,10635,10635,0.041622161865234375,357.609375,0.08045578002929688,9.728K,0.02782583236694336,0,3,0,0,41.68359375,41.54296875,0,0,0,0.0,0,7,5200,training
1754995384.92299,10635,10635,0.041622161865234375,357.609375,0.08045578002929688,9.728K,0.0252532958984375,0,3,0,0,41.68359375,41.54296875,0,0,0,0.0,0,7,5300,training
1754995384.971534,10635,10635,0.041622161865234375,357.625,0.08045578002929688,9.728K,0.025517940521240234,0,3,0,0,41.68359375,41.54296875,0,0,0,0.0,0,7,5400,training
1754995385.020577,10635,10635,0.041622161865234375,357.625,0.08045578002929688,9.728K,0.025417804718017578,0,3,0,0,41.68359375,41.54296875,0,0,0,0.0,0,7,5500,training
1754995385.0692239,10635,10635,0.041622161865234375,357.640625,0.08045578002929688,9.728K,0.025382041931152344,0,3,0,0,41.68359375,41.54296875,0,0,0,0.0,0,7,5600,training
1754995385.117887,10635,10635,0.041622161865234375,357.640625,0.08045578002929688,9.728K,0.02526998519897461,0,3,0,0,41.68359375,41.54296875,0,0,0,0.0,0,7,5700,training
1754995385.166443,10635,10635,0.041622161865234375,357.640625,0.08045578002929688,9.728K,0.02551555633544922,0,3,0,0,41.68359375,41.54296875,0,0,0,0.0,0,7,5800,training
1754995385.21548,10635,10635,0.041622161865234375,357.640625,0.08045578002929688,9.728K,0.025622844696044922,0,3,0,0,41.68359375,41.54296875,0,0,0,0.0,0,7,5900,training
1754995385.263869,10635,10635,0.041622161865234375,357.640625,0.08045578002929688,9.728K,0.02517223358154297,0,3,0,0,41.68359375,41.54296875,0,0,0,0.0,0,7,6000,training
1754995385.312809,10635,10635,0.041622161865234375,357.671875,0.08045578002929688,9.728K,0.025649070739746094,0,3,0,0,41.68359375,41.54296875,0,0,0,0.0,0,7,6100,training
1754995385.361685,10635,10635,0.041622161865234375,357.671875,0.08045578002929688,9.728K,0.02561807632446289,0,3,0,0,41.68359375,41.54296875,0,0,0,0.0,0,7,6200,training
1754995385.409784,10635,10635,0.041622161865234375,357.671875,0.08045578002929688,9.728K,0.025539398193359375,0,3,0,0,41.68359375,41.54296875,0,0,0,0.0,0,7,6300,training
1754995385.458225,10635,10635,0.041622161865234375,357.671875,0.08045578002929688,9.728K,0.02887725830078125,0,3,0,0,41.68359375,41.54296875,0,0,0,0.0,0,7,6400,training
1754995385.506547,10635,10635,0.041622161865234375,357.671875,0.08045578002929688,9.728K,0.025186538696289062,0,3,0,0,41.68359375,41.54296875,0,0,0,0.0,0,7,6500,training
1754995385.5546958,10635,10635,0.041622161865234375,357.671875,0.08045578002929688,9.728K,0.025207996368408203,0,3,0,0,41.68359375,41.54296875,0,0,0,0.0,0,7,6600,training
1754995385.60318,10635,10635,0.041622161865234375,357.671875,0.08045578002929688,9.728K,0.025911331176757812,0,3,0,0,41.68359375,41.54296875,0,0,0,0.0,0,7,6700,training
1754995385.6513011,10635,10635,0.041622161865234375,357.671875,0.08045578002929688,9.728K,0.025343894958496094,0,3,0,0,41.68359375,41.54296875,0,0,0,0.0,0,7,6800,training
1754995385.69964,10635,10635,0.041622161865234375,357.671875,0.08045578002929688,9.728K,0.025756359100341797,0,3,0,0,41.68359375,41.54296875,0,0,0,0.0,0,7,6900,training
1754995385.7483468,10635,10635,0.041622161865234375,357.671875,0.08045578002929688,9.728K,0.025360584259033203,0,3,0,0,41.68359375,41.54296875,0,0,0,0.0,0,7,7000,training
1754995385.7986932,10635,10635,0.041622161865234375,357.671875,0.08045578002929688,9.728K,0.027670860290527344,0,3,0,0,41.68359375,41.54296875,0,0,0,0.0,0,7,7100,training
1754995385.851817,10635,10635,0.041622161865234375,357.671875,0.08045578002929688,9.728K,0.027363300323486328,0,3,0,0,41.68359375,41.54296875,0,0,0,0.0,0,7,7200,training
1754995385.9061298,10635,10635,0.041622161865234375,357.671875,0.08045578002929688,9.728K,0.02838611602783203,0,3,0,0,41.68359375,41.54296875,0,0,0,0.0,0,7,7300,training
1754995385.9610019,10635,10635,0.041622161865234375,357.671875,0.08045578002929688,9.728K,0.028254985809326172,0,3,0,0,41.68359375,41.54296875,0,0,0,0.0,0,7,7400,training
1754995386.016068,10635,10635,0.041622161865234375,357.671875,0.08045578002929688,9.728K,0.027592182159423828,0,3,0,0,41.68359375,41.54296875,0,0,0,0.0,0,7,7500,training
1754995386.070477,10635,10635,0.041622161865234375,357.671875,0.08045578002929688,9.728K,0.029294490814208984,0,3,0,0,41.68359375,41.54296875,0,0,0,0.0,0,7,7600,training
1754995386.12577,10635,10635,0.041622161865234375,357.671875,0.08045578002929688,9.728K,0.0351715087890625,0,3,0,0,41.68359375,41.54296875,0,0,0,0.0,0,7,7700,training
1754995386.176765,10635,10635,0.041622161865234375,357.671875,0.08045578002929688,9.728K,0.025687217712402344,0,3,0,0,41.68359375,41.54296875,0,0,0,0.0,0,7,7800,training
1754995386.225852,10635,10635,0.041622161865234375,357.671875,0.08045578002929688,9.728K,0.02849578857421875,0,3,0,0,41.68359375,41.54296875,0,0,0,0.0,0,7,7900,training
1754995386.2746098,10635,10635,0.041622161865234375,357.671875,0.08045578002929688,9.728K,0.028955936431884766,0,3,0,0,41.68359375,41.54296875,0,0,0,0.0,0,7,8000,training
1754995386.323074,10635,10635,0.041622161865234375,357.671875,0.08045578002929688,9.728K,0.025298595428466797,0,3,0,0,41.68359375,41.54296875,0,0,0,0.0,0,7,8100,training
1754995386.371776,10635,10635,0.041622161865234375,357.671875,0.08045578002929688,9.728K,0.025570392608642578,0,3,0,0,41.68359375,41.54296875,0,0,0,0.0,0,7,8200,training
1754995386.4203641,10635,10635,0.041622161865234375,357.671875,0.08045578002929688,9.728K,0.025565624237060547,0,3,0,0,41.68359375,41.54296875,0,0,0,0.0,0,7,8300,training
1754995386.468962,10635,10635,0.041622161865234375,357.671875,0.08045578002929688,9.728K,0.025434494018554688,0,3,0,0,41.68359375,41.54296875,0,0,0,0.0,0,7,8400,training
1754995386.518074,10635,10635,0.041622161865234375,357.671875,0.08045578002929688,9.728K,0.025539398193359375,0,3,0,0,41.68359375,41.54296875,0,0,0,0.0,0,7,8500,training
1754995386.566377,10635,10635,0.041622161865234375,357.671875,0.08045578002929688,9.728K,0.02568960189819336,0,3,0,0,41.68359375,41.54296875,0,0,0,0.0,0,7,8600,training
1754995386.619464,10635,10635,0.041622161865234375,357.671875,0.08045578002929688,9.728K,0.025799274444580078,0,3,0,0,41.68359375,41.54296875,0,0,0,0.0,0,7,8700,training
1754995386.667798,10635,10635,0.041622161865234375,357.671875,0.08045578002929688,9.728K,0.02549886703491211,0,3,0,0,41.68359375,41.54296875,0,0,0,0.0,0,7,8800,training
1754995386.716518,10635,10635,0.041622161865234375,357.671875,0.08045578002929688,9.728K,0.02593517303466797,0,3,0,0,41.68359375,41.54296875,0,0,0,0.0,0,7,8900,training
1754995386.7647848,10635,10635,0.041622161865234375,357.671875,0.08045578002929688,9.728K,0.025663375854492188,0,3,0,0,41.68359375,41.54296875,0,0,0,0.0,0,7,9000,training
1754995386.8131561,10635,10635,0.041622161865234375,357.671875,0.08045578002929688,9.728K,0.02552509307861328,0,3,0,0,41.68359375,41.54296875,0,0,0,0.0,0,7,9100,training
1754995386.8615339,10635,10635,0.041622161865234375,357.671875,0.08045578002929688,9.728K,0.02570629119873047,0,3,0,0,41.68359375,41.54296875,0,0,0,0.0,0,7,9200,training
1754995386.9095428,10635,10635,0.041622161865234375,357.703125,0.08045578002929688,9.728K,0.02884387969970703,0,3,0,0,41.68359375,41.54296875,0,0,0,0.0,0,7,9300,training
1754995386.958528,10635,10635,0.041622161865234375,357.703125,0.08045578002929688,9.728K,0.029499530792236328,0,3,0,0,41.68359375,41.54296875,0,0,0,0.0,0,7,9400,training
1754995387.0069911,10635,10635,0.041622161865234375,357.703125,0.08045578002929688,9.728K,0.02592325210571289,0,3,0,0,41.68359375,41.54296875,0,0,0,0.0,0,7,9500,training
1754995387.055496,10635,10635,0.041622161865234375,357.71875,0.08045578002929688,9.728K,0.025403499603271484,0,3,0,0,41.68359375,41.54296875,0,0,0,0.0,0,7,9600,training
1754995387.103849,10635,10635,0.041622161865234375,357.71875,0.08045578002929688,9.728K,0.025835037231445312,0,3,0,0,41.68359375,41.54296875,0,0,0,0.0,0,7,9700,training
1754995387.1521559,10635,10635,0.041622161865234375,357.71875,0.08045578002929688,9.728K,0.02540111541748047,0,3,0,0,41.68359375,41.54296875,0,0,0,0.0,0,7,9800,training
1754995387.200217,10635,10635,0.041622161865234375,357.71875,0.08045578002929688,9.728K,0.025131702423095703,0,3,0,0,41.68359375,41.54296875,0,0,0,0.0,0,7,9900,training
1754995387.249174,10635,10635,0.041622161865234375,357.71875,0.08045578002929688,9.728K,0.025479793548583984,0,3,0,0,41.68359375,41.54296875,0,0,0,0.0,0,7,10000,training
1754995387.298399,10635,10635,0.041622161865234375,357.71875,0.08045578002929688,9.728K,0.025568008422851562,0,3,0,0,41.68359375,41.54296875,0,0,0,0.0,0,7,10100,training
1754995387.347332,10635,10635,0.041622161865234375,357.71875,0.08045578002929688,9.728K,0.025470256805419922,0,3,0,0,41.68359375,41.54296875,0,0,0,0.0,0,7,10200,training
1754995387.395363,10635,10635,0.041622161865234375,357.71875,0.08045578002929688,9.728K,0.025570392608642578,0,3,0,0,41.68359375,41.54296875,0,0,0,0.0,0,7,10300,training
1754995387.4433799,10635,10635,0.041622161865234375,357.71875,0.08045578002929688,9.728K,0.027263164520263672,0,3,0,0,41.68359375,41.54296875,0,0,0,0.0,0,7,10400,training
1754995387.492207,10635,10635,0.041622161865234375,357.71875,0.08045578002929688,9.728K,0.02889394760131836,0,3,0,0,41.68359375,41.54296875,0,0,0,0.0,0,7,10500,training
1754995387.5409012,10635,10635,0.041622161865234375,357.71875,0.08045578002929688,9.728K,0.029566287994384766,0,3,0,0,41.68359375,41.54296875,0,0,0,0.0,0,7,10600,training
1754995387.589275,10635,10635,0.041622161865234375,357.71875,0.08045578002929688,9.728K,0.02535104751586914,0,3,0,0,41.68359375,41.54296875,0,0,0,0.0,0,7,10700,training
1754995387.638242,10635,10635,0.041622161865234375,357.71875,0.08045578002929688,9.728K,0.02552509307861328,0,3,0,0,41.68359375,41.54296875,0,0,0,0.0,0,7,10800,training
1754995387.6866822,10635,10635,0.041622161865234375,357.71875,0.08045578002929688,9.728K,0.02551555633544922,0,3,0,0,41.68359375,41.54296875,0,0,0,0.0,0,7,10900,training
1754995387.73526,10635,10635,0.041622161865234375,357.71875,0.08045578002929688,9.728K,0.02544879913330078,0,3,0,0,41.68359375,41.54296875,0,0,0,0.0,0,7,11000,training
1754995387.783819,10635,10635,0.041622161865234375,357.75,0.08045578002929688,9.728K,0.025184154510498047,0,3,0,0,41.68359375,41.54296875,0,0,0,0.0,0,7,11100,training
1754995387.832392,10635,10635,0.041622161865234375,357.75,0.08045578002929688,9.728K,0.025627613067626953,0,3,0,0,41.68359375,41.54296875,0,0,0,0.0,0,7,11200,training
1754995387.881442,10635,10635,0.041622161865234375,357.75,0.08045578002929688,9.728K,0.02549886703491211,0,3,0,0,41.68359375,41.54296875,0,0,0,0.0,0,7,11300,training
1754995387.930277,10635,10635,0.041622161865234375,357.75,0.08045578002929688,9.728K,0.025463104248046875,0,3,0,0,41.68359375,41.54296875,0,0,0,0.0,0,7,11400,training
1754995387.978318,10635,10635,0.041622161865234375,357.78125,0.08045578002929688,9.728K,0.025634765625,0,3,0,0,41.68359375,41.54296875,0,0,0,0.0,0,7,11500,training
1754995388.026539,10635,10635,0.041622161865234375,357.78125,0.08045578002929688,9.728K,0.025599002838134766,0,3,0,0,41.68359375,41.54296875,0,0,0,0.0,0,7,11600,training
1754995388.074906,10635,10635,0.041622161865234375,357.78125,0.08045578002929688,9.728K,0.02862691879272461,0,3,0,0,41.68359375,41.54296875,0,0,0,0.0,0,7,11700,training
1754995388.123656,10635,10635,0.041622161865234375,357.78125,0.08045578002929688,9.728K,0.028696060180664062,0,3,0,0,41.68359375,41.54296875,0,0,0,0.0,0,7,11800,training
1754995388.172105,10635,10635,0.041622161865234375,357.78125,0.08045578002929688,9.728K,0.025298595428466797,0,3,0,0,41.68359375,41.54296875,0,0,0,0.0,0,7,11900,training
1754995388.220972,10635,10635,0.041622161865234375,357.78125,0.08045578002929688,9.728K,0.025832653045654297,0,3,0,0,41.68359375,41.54296875,0,0,0,0.0,0,7,12000,training
1754995388.269584,10635,10635,0.041622161865234375,357.78125,0.08045578002929688,9.728K,0.025839805603027344,0,3,0,0,41.68359375,41.54296875,0,0,0,0.0,0,7,12100,training
1754995388.3178282,10635,10635,0.041622161865234375,357.78125,0.08045578002929688,9.728K,0.02544879913330078,0,3,0,0,41.68359375,41.54296875,0,0,0,0.0,0,7,12200,training
1754995388.366824,10635,10635,0.041622161865234375,357.78125,0.08045578002929688,9.728K,0.025470256805419922,0,3,0,0,41.68359375,41.54296875,0,0,0,0.0,0,7,12300,training
1754995388.415505,10635,10635,0.041622161865234375,357.78125,0.08045578002929688,9.728K,0.025470256805419922,0,3,0,0,41.68359375,41.54296875,0,0,0,0.0,0,7,12400,training
1754995388.463935,10635,10635,0.041622161865234375,357.78125,0.08045578002929688,9.728K,0.025229454040527344,0,3,0,0,41.68359375,41.54296875,0,0,0,0.0,0,7,12500,training
1754995388.512576,10635,10635,0.041622161865234375,357.78125,0.08045578002929688,9.728K,0.025441646575927734,0,3,0,0,41.68359375,41.54296875,0,0,0,0.0,0,7,12600,training
1754995388.560799,10635,10635,0.041622161865234375,357.78125,0.08045578002929688,9.728K,0.025339126586914062,0,3,0,0,41.68359375,41.54296875,0,0,0,0.0,0,7,12700,training
1754995388.6093981,10635,10635,0.041622161865234375,357.78125,0.08045578002929688,9.728K,0.029175281524658203,0,3,0,0,41.68359375,41.54296875,0,0,0,0.0,0,7,12800,training
1754995388.658134,10635,10635,0.041622161865234375,357.78125,0.08045578002929688,9.728K,0.028362274169921875,0,3,0,0,41.68359375,41.54296875,0,0,0,0.0,0,7,12900,training
1754995388.706393,10635,10635,0.041622161865234375,357.78125,0.08045578002929688,9.728K,0.025222301483154297,0,3,0,0,41.68359375,41.54296875,0,0,0,0.0,0,7,13000,training
1754995388.7553,10635,10635,0.041622161865234375,357.78125,0.08045578002929688,9.728K,0.02541065216064453,0,3,0,0,41.68359375,41.54296875,0,0,0,0.0,0,7,13100,training
1754995388.8044548,10635,10635,0.041622161865234375,357.78125,0.08045578002929688,9.728K,0.025658607482910156,0,3,0,0,41.68359375,41.54296875,0,0,0,0.0,0,7,13200,training
1754995388.853121,10635,10635,0.041622161865234375,357.78125,0.08045578002929688,9.728K,0.02537250518798828,0,3,0,0,41.68359375,41.54296875,0,0,0,0.0,0,7,13300,training
1754995388.901271,10635,10635,0.041622161865234375,357.78125,0.08045578002929688,9.728K,0.02531290054321289,0,3,0,0,41.68359375,41.54296875,0,0,0,0.0,0,7,13400,training
1754995388.949894,10635,10635,0.041622161865234375,357.78125,0.08045578002929688,9.728K,0.02540111541748047,0,3,0,0,41.68359375,41.54296875,0,0,0,0.0,0,7,13500,training
1754995388.998791,10635,10635,0.041622161865234375,357.78125,0.08045578002929688,9.728K,0.025713443756103516,0,3,0,0,41.68359375,41.54296875,0,0,0,0.0,0,7,13600,training
1754995389.047243,10635,10635,0.041622161865234375,357.78125,0.08045578002929688,9.728K,0.02519369125366211,0,3,0,0,41.68359375,41.54296875,0,0,0,0.0,0,7,13700,training
1754995389.0959659,10635,10635,0.041622161865234375,357.78125,0.08045578002929688,9.728K,0.02542734146118164,0,3,0,0,41.68359375,41.54296875,0,0,0,0.0,0,7,13800,training
1754995389.144244,10635,10635,0.041622161865234375,357.78125,0.08045578002929688,9.728K,0.02540111541748047,0,3,0,0,41.68359375,41.54296875,0,0,0,0.0,0,7,13900,training
1754995389.192972,10635,10635,0.041622161865234375,357.78125,0.08045578002929688,9.728K,0.030798912048339844,0,3,0,0,41.68359375,41.54296875,0,0,0,0.0,0,7,14000,training
1754995389.2421582,10635,10635,0.041622161865234375,357.78125,0.08045578002929688,9.728K,0.029294490814208984,0,3,0,0,41.68359375,41.54296875,0,0,0,0.0,0,7,14100,training
1754995389.291302,10635,10635,0.041622161865234375,357.78125,0.08045578002929688,9.728K,0.02849102020263672,0,3,0,0,41.68359375,41.54296875,0,0,0,0.0,0,7,14200,training
1754995389.3396401,10635,10635,0.041622161865234375,357.78125,0.08045578002929688,9.728K,0.02544403076171875,0,3,0,0,41.68359375,41.54296875,0,0,0,0.0,0,7,14300,training
1754995389.388278,10635,10635,0.041622161865234375,357.78125,0.08045578002929688,9.728K,0.025546550750732422,0,3,0,0,41.68359375,41.54296875,0,0,0,0.0,0,7,14400,training
1754995389.436775,10635,10635,0.041622161865234375,357.796875,0.08045578002929688,9.728K,0.025670528411865234,0,3,0,0,41.68359375,41.54296875,0,0,0,0.0,0,7,14500,training
1754995389.485787,10635,10635,0.041622161865234375,357.796875,0.08045578002929688,9.728K,0.02586841583251953,0,3,0,0,41.68359375,41.54296875,0,0,0,0.0,0,7,14600,training
1754995389.5343418,10635,10635,0.041622161865234375,357.796875,0.08045578002929688,9.728K,0.025441646575927734,0,3,0,0,41.68359375,41.54296875,0,0,0,0.0,0,7,14700,training
1754995389.582691,10635,10635,0.041622161865234375,357.796875,0.08045578002929688,9.728K,0.025377273559570312,0,3,0,0,41.68359375,41.54296875,0,0,0,0.0,0,7,14800,training
1754995389.63092,10635,10635,0.041622161865234375,357.796875,0.08045578002929688,9.728K,0.02524852752685547,0,3,0,0,41.68359375,41.54296875,0,0,0,0.0,0,7,14900,training
1754995389.679693,10635,10635,0.041622161865234375,357.796875,0.08045578002929688,9.728K,0.025238990783691406,0,3,0,0,41.68359375,41.54296875,0,0,0,0.0,0,7,15000,training
1754995389.728123,10635,10635,0.041622161865234375,357.796875,0.08045578002929688,9.728K,0.025684833526611328,0,3,0,0,41.68359375,41.54296875,0,0,0,0.0,0,7,15100,training
1754995389.776177,10635,10635,0.041622161865234375,357.796875,0.08045578002929688,9.728K,0.02588033676147461,0,3,0,0,41.68359375,41.54296875,0,0,0,0.0,0,7,15200,training
1754995389.825067,10635,10635,0.041622161865234375,357.796875,0.08045578002929688,9.728K,0.03038167953491211,0,3,0,0,41.68359375,41.54296875,0,0,0,0.0,0,7,15300,training
1754995389.873861,10635,10635,0.041622161865234375,357.796875,0.08045578002929688,9.728K,0.026841163635253906,0,3,0,0,41.68359375,41.54296875,0,0,0,0.0,0,7,15400,training
1754995389.922226,10635,10635,0.041622161865234375,357.796875,0.08045578002929688,9.728K,0.025403499603271484,0,3,0,0,41.68359375,41.54296875,0,0,0,0.0,0,7,15500,training
1754995389.970907,10635,10635,0.041622161865234375,357.796875,0.08045578002929688,9.728K,0.02557516098022461,0,3,0,0,41.68359375,41.54296875,0,0,0,0.0,0,7,15600,training
1754995390.019257,10635,10635,0.041622161865234375,357.796875,0.08045578002929688,9.728K,0.02557992935180664,0,3,0,0,41.68359375,41.54296875,0,0,0,0.0,0,7,15700,training
1754995390.067599,10635,10635,0.041622161865234375,357.828125,0.08045578002929688,9.728K,0.025415420532226562,0,3,0,0,41.68359375,41.54296875,0,0,0,0.0,0,7,15800,training
1754995390.116235,10635,10635,0.041622161865234375,357.828125,0.08045578002929688,9.728K,0.025734901428222656,0,3,0,0,41.68359375,41.54296875,0,0,0,0.0,0,7,15900,training
1754995390.164482,10635,10635,0.041622161865234375,357.828125,0.08045578002929688,9.728K,0.025637149810791016,0,3,0,0,41.68359375,41.54296875,0,0,0,0.0,0,7,16000,training
1754995390.2131531,10635,10635,0.041622161865234375,357.828125,0.08045578002929688,9.728K,0.025517940521240234,0,3,0,0,41.68359375,41.54296875,0,0,0,0.0,0,7,16100,training
1754995390.261866,10635,10635,0.041622161865234375,357.828125,0.08045578002929688,9.728K,0.02593994140625,0,3,0,0,41.68359375,41.54296875,0,0,0,0.0,0,7,16200,training
1754995390.3104708,10635,10635,0.041622161865234375,357.828125,0.08045578002929688,9.728K,0.025539398193359375,0,3,0,0,41.68359375,41.54296875,0,0,0,0.0,0,7,16300,training
1754995390.359313,10635,10635,0.041622161865234375,357.828125,0.08045578002929688,9.728K,0.02887248992919922,0,3,0,0,41.68359375,41.54296875,0,0,0,0.0,0,7,16400,training
1754995390.408014,10635,10635,0.041622161865234375,357.828125,0.08045578002929688,9.728K,0.02881765365600586,0,3,0,0,41.68359375,41.54296875,0,0,0,0.0,0,7,16500,training
1754995390.4561448,10635,10635,0.041622161865234375,357.828125,0.08045578002929688,9.728K,0.025458335876464844,0,3,0,0,41.68359375,41.54296875,0,0,0,0.0,0,7,16600,training
1754995390.505138,10635,10635,0.041622161865234375,357.828125,0.08045578002929688,9.728K,0.025348663330078125,0,3,0,0,41.68359375,41.54296875,0,0,0,0.0,0,7,16700,training
1754995390.5544782,10635,10635,0.041622161865234375,357.828125,0.08045578002929688,9.728K,0.025551319122314453,0,3,0,0,41.68359375,41.54296875,0,0,0,0.0,0,7,16800,training
1754995390.6028879,10635,10635,0.041622161865234375,357.828125,0.08045578002929688,9.728K,0.025565624237060547,0,3,0,0,41.68359375,41.54296875,0,0,0,0.0,0,7,16900,training
1754995390.651333,10635,10635,0.041622161865234375,357.828125,0.08045578002929688,9.728K,0.025556087493896484,0,3,0,0,41.68359375,41.54296875,0,0,0,0.0,0,7,17000,training
1754995390.699402,10635,10635,0.041622161865234375,357.859375,0.08045578002929688,9.728K,0.02574443817138672,0,3,0,0,41.68359375,41.54296875,0,0,0,0.0,0,7,17100,training
1754995390.747485,10635,10635,0.041622161865234375,357.859375,0.08045578002929688,9.728K,0.025408267974853516,0,3,0,0,41.68359375,41.54296875,0,0,0,0.0,0,7,17200,training
1754995390.797708,10635,10635,0.041622161865234375,357.859375,0.08045578002929688,9.728K,0.027923583984375,0,3,0,0,41.68359375,41.54296875,0,0,0,0.0,0,7,17300,training
1754995390.8567061,10635,10635,0.041622161865234375,357.859375,0.08045578002929688,9.728K,0.02849102020263672,0,3,0,0,41.68359375,41.54296875,0,0,0,0.0,0,7,17400,training
1754995390.919113,10635,10635,0.041622161865234375,357.859375,0.08045578002929688,9.728K,0.028340816497802734,0,3,0,0,41.68359375,41.54296875,0,0,0,0.0,0,7,17500,training
1754995390.980702,10635,10635,0.041622161865234375,357.890625,0.08045578002929688,9.728K,0.02754688262939453,0,3,0,0,41.68359375,41.54296875,0,0,0,0.0,0,7,17600,training
1754995391.042442,10635,10635,0.041622161865234375,357.890625,0.08045578002929688,9.728K,0.032324790954589844,0,3,0,0,41.68359375,41.54296875,0,0,0,0.0,0,7,17700,training
1754995391.104424,10635,10635,0.041622161865234375,357.890625,0.08045578002929688,9.728K,0.027797222137451172,0,3,0,0,41.68359375,41.54296875,0,0,0,0.0,0,7,17800,training
1754995391.160508,10635,10635,0.041622161865234375,357.890625,0.08045578002929688,9.728K,0.028345584869384766,0,3,0,0,41.68359375,41.54296875,0,0,0,0.0,0,7,17900,training
1754995391.214719,10635,10635,0.041622161865234375,357.890625,0.08045578002929688,9.728K,0.028100013732910156,0,3,0,0,41.68359375,41.54296875,0,0,0,0.0,0,7,18000,training
1754995391.269252,10635,10635,0.041622161865234375,357.890625,0.08045578002929688,9.728K,0.028252601623535156,0,3,0,0,41.68359375,41.54296875,0,0,0,0.0,0,7,18100,training
1754995391.3245928,10635,10635,0.041622161865234375,357.890625,0.08045578002929688,9.728K,0.03310441970825195,0,3,0,0,41.68359375,41.54296875,0,0,0,0.0,0,7,18200,training
1754995391.379297,10635,10635,0.041622161865234375,357.890625,0.08045578002929688,9.728K,0.02838611602783203,0,3,0,0,41.68359375,41.54296875,0,0,0,0.0,0,7,18300,training
1754995391.434196,10635,10635,0.041622161865234375,357.890625,0.08045578002929688,9.728K,0.028142929077148438,0,3,0,0,41.68359375,41.54296875,0,0,0,0.0,0,7,18400,training
1754995391.4873972,10635,10635,0.041622161865234375,357.890625,0.08045578002929688,9.728K,0.025420188903808594,0,3,0,0,41.68359375,41.54296875,0,0,0,0.0,0,7,18500,training
1754995391.536878,10635,10635,0.041622161865234375,357.90625,0.08045578002929688,9.728K,0.025849342346191406,0,3,0,0,41.68359375,41.54296875,0,0,0,0.0,0,7,18600,training
1754995391.585928,10635,10635,0.041622161865234375,357.90625,0.08045578002929688,9.728K,0.02575397491455078,0,3,0,0,41.68359375,41.54296875,0,0,0,0.0,0,7,18700,training
1754995391.6343539,10635,10635,0.041622161865234375,357.90625,0.08045578002929688,9.728K,0.025513172149658203,0,3,0,0,41.68359375,41.54296875,0,0,0,0.0,0,7,18800,training
1754995391.682815,10635,10635,0.041622161865234375,357.90625,0.08045578002929688,9.728K,0.02559185028076172,0,3,0,0,41.68359375,41.54296875,0,0,0,0.0,0,7,18900,training
1754995391.7312682,10635,10635,0.041622161865234375,357.9375,0.08045578002929688,9.728K,0.02575397491455078,0,3,0,0,41.68359375,41.54296875,0,0,0,0.0,0,7,19000,training
1754995391.779847,10635,10635,0.041622161865234375,357.9375,0.08045578002929688,9.728K,0.02557516098022461,0,3,0,0,41.68359375,41.54296875,0,0,0,0.0,0,7,19100,training
1754995391.828158,10635,10635,0.041622161865234375,357.9375,0.08045578002929688,9.728K,0.025963783264160156,0,3,0,0,41.68359375,41.54296875,0,0,0,0.0,0,7,19200,training
1754995391.876962,10635,10635,0.041622161865234375,357.9375,0.08045578002929688,9.728K,0.025734901428222656,0,3,0,0,41.68359375,41.54296875,0,0,0,0.0,0,7,19300,training
1754995391.926281,10635,10635,0.041622161865234375,357.9375,0.08045578002929688,9.728K,0.025787353515625,0,3,0,0,41.68359375,41.54296875,0,0,0,0.0,0,7,19400,training
1754995391.9750972,10635,10635,0.041622161865234375,357.9375,0.08045578002929688,9.728K,0.028750896453857422,0,3,0,0,41.68359375,41.54296875,0,0,0,0.0,0,7,19500,training
1754995392.02356,10635,10635,0.041622161865234375,357.953125,0.08045578002929688,9.728K,0.026912689208984375,0,3,0,0,41.68359375,41.54296875,0,0,0,0.0,0,7,19600,training
1754995392.072212,10635,10635,0.041622161865234375,357.953125,0.08045578002929688,9.728K,0.025393962860107422,0,3,0,0,41.68359375,41.54296875,0,0,0,0.0,0,7,19700,training
1754995392.1204119,10635,10635,0.041622161865234375,357.953125,0.08045578002929688,9.728K,0.0255584716796875,0,3,0,0,41.68359375,41.54296875,0,0,0,0.0,0,7,19800,training
1754995392.169159,10635,10635,0.041622161865234375,357.953125,0.08045578002929688,9.728K,0.02561807632446289,0,3,0,0,41.68359375,41.54296875,0,0,0,0.0,0,7,19900,training
1754995392.21823,10635,10635,0.041622161865234375,357.953125,0.08045578002929688,9.728K,0.025622844696044922,0,3,0,0,41.68359375,41.54296875,0,0,0,0.0,0,7,20000,training
1754995392.267401,10635,10635,0.041622161865234375,357.953125,0.08045578002929688,9.728K,0.02565145492553711,0,3,0,0,41.68359375,41.54296875,0,0,0,0.0,0,7,20100,training
1754995392.315889,10635,10635,0.041622161865234375,357.953125,0.08045578002929688,9.728K,0.02538919448852539,0,3,0,0,41.68359375,41.54296875,0,0,0,0.0,0,7,20200,training
1754995392.364525,10635,10635,0.041622161865234375,357.953125,0.08045578002929688,9.728K,0.02561330795288086,0,3,0,0,41.68359375,41.54296875,0,0,0,0.0,0,7,20300,training
1754995392.412967,10635,10635,0.041622161865234375,357.953125,0.08045578002929688,9.728K,0.02574920654296875,0,3,0,0,41.68359375,41.54296875,0,0,0,0.0,0,7,20400,training
1754995392.4616761,10635,10635,0.041622161865234375,357.953125,0.08045578002929688,9.728K,0.025637149810791016,0,3,0,0,41.68359375,41.54296875,0,0,0,0.0,0,7,20500,training
1754995392.5115788,10635,10635,0.041622161865234375,357.953125,0.08045578002929688,9.728K,0.029108524322509766,0,3,0,0,41.68359375,41.54296875,0,0,0,0.0,0,7,20600,training
1754995392.5658739,10635,10635,0.041622161865234375,357.953125,0.08045578002929688,9.728K,0.028028488159179688,0,3,0,0,41.68359375,41.54296875,0,0,0,0.0,0,7,20700,training
1754995392.618009,10635,10635,0.041622161865234375,357.953125,0.08045578002929688,9.728K,0.02544403076171875,0,3,0,0,41.68359375,41.54296875,0,0,0,0.0,0,7,20800,training
1754995392.667077,10635,10635,0.041622161865234375,357.953125,0.08045578002929688,9.728K,0.02529621124267578,0,3,0,0,41.68359375,41.54296875,0,0,0,0.0,0,7,20900,training
1754995392.71569,10635,10635,0.041622161865234375,357.953125,0.08045578002929688,9.728K,0.025398731231689453,0,3,0,0,41.68359375,41.54296875,0,0,0,0.0,0,7,21000,training
1754995392.763919,10635,10635,0.041622161865234375,357.953125,0.08045578002929688,9.728K,0.02533435821533203,0,3,0,0,41.68359375,41.54296875,0,0,0,0.0,0,7,21100,training
1754995392.81246,10635,10635,0.041622161865234375,357.953125,0.08045578002929688,9.728K,0.025532245635986328,0,3,0,0,41.68359375,41.54296875,0,0,0,0.0,0,7,21200,training
1754995392.860634,10635,10635,0.041622161865234375,357.984375,0.08045578002929688,9.728K,0.025539398193359375,0,3,0,0,41.68359375,41.54296875,0,0,0,0.0,0,7,21300,training
1754995392.909218,10635,10635,0.041622161865234375,357.984375,0.08045578002929688,9.728K,0.028760433197021484,0,3,0,0,41.68359375,41.54296875,0,0,0,0.0,0,7,21400,training
1754995392.95775,10635,10635,0.041622161865234375,357.984375,0.08045578002929688,9.728K,0.028727054595947266,0,3,0,0,41.68359375,41.54296875,0,0,0,0.0,0,7,21500,training
1754995393.00652,10635,10635,0.041622161865234375,357.984375,0.08045578002929688,9.728K,0.026123523712158203,0,3,0,0,41.68359375,41.54296875,0,0,0,0.0,0,7,21600,training
1754995393.055115,10635,10635,0.041622161865234375,357.984375,0.08045578002929688,9.728K,0.025451183319091797,0,3,0,0,41.68359375,41.54296875,0,0,0,0.0,0,7,21700,training
1754995393.103852,10635,10635,0.041622161865234375,357.984375,0.08045578002929688,9.728K,0.025594234466552734,0,3,0,0,41.68359375,41.54296875,0,0,0,0.0,0,7,21800,training
1754995393.15247,10635,10635,0.041622161865234375,357.984375,0.08045578002929688,9.728K,0.02571582794189453,0,3,0,0,41.68359375,41.54296875,0,0,0,0.0,0,7,21900,training
1754995393.200617,10635,10635,0.041622161865234375,357.984375,0.08045578002929688,9.728K,0.025568008422851562,0,3,0,0,41.68359375,41.54296875,0,0,0,0.0,0,7,22000,training
1754995393.249658,10635,10635,0.041622161865234375,357.984375,0.08045578002929688,9.728K,0.025277137756347656,0,3,0,0,41.68359375,41.54296875,0,0,0,0.0,0,7,22100,training
1754995393.298506,10635,10635,0.041622161865234375,357.984375,0.08045578002929688,9.728K,0.02541065216064453,0,3,0,0,41.68359375,41.54296875,0,0,0,0.0,0,7,22200,training
1754995393.347552,10635,10635,0.041622161865234375,357.984375,0.08045578002929688,9.728K,0.025441646575927734,0,3,0,0,41.68359375,41.54296875,0,0,0,0.0,0,7,22300,training
1754995393.396561,10635,10635,0.041622161865234375,357.984375,0.08045578002929688,9.728K,0.02563953399658203,0,3,0,0,41.68359375,41.54296875,0,0,0,0.0,0,7,22400,training
1754995393.445207,10635,10635,0.041622161865234375,357.984375,0.08045578002929688,9.728K,0.02559185028076172,0,3,0,0,41.68359375,41.54296875,0,0,0,0.0,0,7,22500,training
1754995393.493814,10635,10635,0.041622161865234375,357.984375,0.08045578002929688,9.728K,0.025789737701416016,0,3,0,0,41.68359375,41.54296875,0,0,0,0.0,0,7,22600,training
1754995393.542162,10635,10635,0.041622161865234375,357.984375,0.08045578002929688,9.728K,0.029094219207763672,0,3,0,0,41.68359375,41.54296875,0,0,0,0.0,0,7,22700,training
1754995393.590934,10635,10635,0.041622161865234375,357.984375,0.08045578002929688,9.728K,0.029659271240234375,0,3,0,0,41.68359375,41.54296875,0,0,0,0.0,0,7,22800,training
1754995393.6392498,10635,10635,0.041622161865234375,357.984375,0.08045578002929688,9.728K,0.025482177734375,0,3,0,0,41.68359375,41.54296875,0,0,0,0.0,0,7,22900,training
1754995393.687702,10635,10635,0.041622161865234375,357.984375,0.08045578002929688,9.728K,0.025796890258789062,0,3,0,0,41.68359375,41.54296875,0,0,0,0.0,0,7,23000,training
1754995393.73611,10635,10635,0.041622161865234375,357.984375,0.08045578002929688,9.728K,0.025937557220458984,0,3,0,0,41.68359375,41.54296875,0,0,0,0.0,0,7,23100,training
1754995393.783941,10635,10635,0.041622161865234375,357.984375,0.08045578002929688,9.728K,0.02521038055419922,0,3,0,0,41.68359375,41.54296875,0,0,0,0.0,0,7,23200,training
1754995393.8325272,10635,10635,0.041622161865234375,357.984375,0.08045578002929688,9.728K,0.025572776794433594,0,3,0,0,41.68359375,41.54296875,0,0,0,0.0,0,7,23300,training
1754995393.880737,10635,10635,0.041622161865234375,357.984375,0.08045578002929688,9.728K,0.025687217712402344,0,3,0,0,41.68359375,41.54296875,0,0,0,0.0,0,7,23400,training
1754995393.928822,10635,10635,0.041622161865234375,357.984375,0.08045578002929688,9.728K,0.02588510513305664,0,3,0,0,41.68359375,41.54296875,0,0,0,0.0,0,7,23500,training
1754995393.9771142,10635,10635,0.041622161865234375,358.0,0.08045578002929688,9.728K,0.025670528411865234,0,3,0,0,41.68359375,41.54296875,0,0,0,0.0,0,7,23600,training
1754995394.025694,10635,10635,0.041622161865234375,358.0,0.08045578002929688,9.728K,0.02847433090209961,0,3,0,0,41.68359375,41.54296875,0,0,0,0.0,0,7,23700,training
1754995394.0744379,10635,10635,0.041622161865234375,358.0,0.08045578002929688,9.728K,0.028696060180664062,0,3,0,0,41.68359375,41.54296875,0,0,0,0.0,0,7,23800,training
1754995394.123466,10635,10635,0.041622161865234375,358.0,0.08045578002929688,9.728K,0.02855539321899414,0,3,0,0,41.68359375,41.54296875,0,0,0,0.0,0,7,23900,training
1754995394.1720262,10635,10635,0.041622161865234375,358.0,0.08045578002929688,9.728K,0.025565624237060547,0,3,0,0,41.68359375,41.54296875,0,0,0,0.0,0,7,24000,training
1754995394.222602,10635,10635,0.041622161865234375,358.0,0.08045578002929688,9.728K,0.03086566925048828,0,3,0,0,41.68359375,41.54296875,0,0,0,0.0,0,7,24100,training
1754995394.272379,10635,10635,0.041622161865234375,358.0,0.08045578002929688,9.728K,0.02559185028076172,0,3,0,0,41.68359375,41.54296875,0,0,0,0.0,0,7,24200,training
1754995394.321357,10635,10635,0.041622161865234375,358.0,0.08045578002929688,9.728K,0.025315284729003906,0,3,0,0,41.68359375,41.54296875,0,0,0,0.0,0,7,24300,training
1754995394.3699179,10635,10635,0.041622161865234375,358.0,0.08045578002929688,9.728K,0.025806427001953125,0,3,0,0,41.68359375,41.54296875,0,0,0,0.0,0,7,24400,training
1754995394.4181068,10635,10635,0.041622161865234375,358.0,0.08045578002929688,9.728K,0.025527477264404297,0,3,0,0,41.68359375,41.54296875,0,0,0,0.0,0,7,24500,training
1754995394.4668748,10635,10635,0.041622161865234375,358.0,0.08045578002929688,9.728K,0.025327205657958984,0,3,0,0,41.68359375,41.54296875,0,0,0,0.0,0,7,24600,training
1754995394.5155132,10635,10635,0.041622161865234375,358.0,0.08045578002929688,9.728K,0.02555370330810547,0,3,0,0,41.68359375,41.54296875,0,0,0,0.0,0,7,24700,training
1754995394.56424,10635,10635,0.041622161865234375,358.0,0.08045578002929688,9.728K,0.02543926239013672,0,3,0,0,41.68359375,41.54296875,0,0,0,0.0,0,7,24800,training
1754995394.6126,10635,10635,0.041622161865234375,358.0,0.08045578002929688,9.728K,0.025436878204345703,0,3,0,0,41.68359375,41.54296875,0,0,0,0.0,0,7,24900,training
1754995394.660536,10635,10635,0.041622161865234375,358.0,0.08045578002929688,9.728K,0.02574443817138672,0,3,0,0,41.68359375,41.54296875,0,0,0,0.0,0,7,25000,training
1754995394.709858,10635,10635,0.041622161865234375,358.0,0.08045578002929688,9.728K,0.026352405548095703,0,3,0,0,41.68359375,41.54296875,0,0,0,0.0,0,7,25100,training
1754995394.7584581,10635,10635,0.041622161865234375,358.0,0.08045578002929688,9.728K,0.028820037841796875,0,3,0,0,41.68359375,41.54296875,0,0,0,0.0,0,7,25200,training
1754995394.807209,10635,10635,0.041622161865234375,358.0,0.08045578002929688,9.728K,0.02779245376586914,0,3,0,0,41.68359375,41.54296875,0,0,0,0.0,0,7,25300,training
1754995394.855936,10635,10635,0.041622161865234375,358.0,0.08045578002929688,9.728K,0.025455951690673828,0,3,0,0,41.68359375,41.54296875,0,0,0,0.0,0,7,25400,training
1754995394.9045491,10635,10635,0.041622161865234375,358.0,0.08045578002929688,9.728K,0.025582313537597656,0,3,0,0,41.68359375,41.54296875,0,0,0,0.0,0,7,25500,training
1754995394.9533172,10635,10635,0.041622161865234375,358.0,0.08045578002929688,9.728K,0.025789737701416016,0,3,0,0,41.68359375,41.54296875,0,0,0,0.0,0,7,25600,training
1754995395.002081,10635,10635,0.041622161865234375,358.0,0.08045578002929688,9.728K,0.025739669799804688,0,3,0,0,41.68359375,41.54296875,0,0,0,0.0,0,7,25700,training
1754995395.050227,10635,10635,0.041622161865234375,358.0,0.08045578002929688,9.728K,0.02527475357055664,0,3,0,0,41.68359375,41.54296875,0,0,0,0.0,0,7,25800,training
1754995395.0987918,10635,10635,0.041622161865234375,358.0,0.08045578002929688,9.728K,0.0252532958984375,0,3,0,0,41.68359375,41.54296875,0,0,0,0.0,0,7,25900,training
1754995395.147715,10635,10635,0.041622161865234375,358.0,0.08045578002929688,9.728K,0.02542257308959961,0,3,0,0,41.68359375,41.54296875,0,0,0,0.0,0,7,26000,training
1754995395.196586,10635,10635,0.041622161865234375,358.0,0.08045578002929688,9.728K,0.02624988555908203,0,3,0,0,41.68359375,41.54296875,0,0,0,0.0,0,7,26100,training
1754995395.245492,10635,10635,0.041622161865234375,358.0,0.08045578002929688,9.728K,0.02584218978881836,0,3,0,0,41.68359375,41.54296875,0,0,0,0.0,0,7,26200,training
1754995395.295341,10635,10635,0.041622161865234375,358.0,0.08045578002929688,9.728K,0.025761127471923828,0,3,0,0,41.68359375,41.54296875,0,0,0,0.0,0,7,26300,training
1754995395.3444202,10635,10635,0.041622161865234375,358.0,0.08045578002929688,9.728K,0.025641918182373047,0,3,0,0,41.68359375,41.54296875,0,0,0,0.0,0,7,26400,training
1754995395.392709,10635,10635,0.041622161865234375,358.0,0.08045578002929688,9.728K,0.026061534881591797,0,3,0,0,41.68359375,41.54296875,0,0,0,0.0,0,7,26500,training
1754995395.4416158,10635,10635,0.041622161865234375,358.0,0.08045578002929688,9.728K,0.028791427612304688,0,3,0,0,41.68359375,41.54296875,0,0,0,0.0,0,7,26600,training
1754995395.489942,10635,10635,0.041622161865234375,358.0,0.08045578002929688,9.728K,0.02826213836669922,0,3,0,0,41.68359375,41.54296875,0,0,0,0.0,0,7,26700,training
1754995395.538313,10635,10635,0.041622161865234375,358.0,0.08045578002929688,9.728K,0.02554178237915039,0,3,0,0,41.68359375,41.54296875,0,0,0,0.0,0,7,26800,training
1754995395.586678,10635,10635,0.041622161865234375,358.0,0.08045578002929688,9.728K,0.02557992935180664,0,3,0,0,41.68359375,41.54296875,0,0,0,0.0,0,7,26900,training
1754995395.635295,10635,10635,0.041622161865234375,358.0,0.08045578002929688,9.728K,0.025665760040283203,0,3,0,0,41.68359375,41.54296875,0,0,0,0.0,0,7,27000,training
1754995395.683948,10635,10635,0.041622161865234375,358.0,0.08045578002929688,9.728K,0.025293827056884766,0,3,0,0,41.68359375,41.54296875,0,0,0,0.0,0,7,27100,training
1754995395.732119,10635,10635,0.041622161865234375,358.0,0.08045578002929688,9.728K,0.025582313537597656,0,3,0,0,41.68359375,41.54296875,0,0,0,0.0,0,7,27200,training
1754995395.7805939,10635,10635,0.041622161865234375,358.0,0.08045578002929688,9.728K,0.02776622772216797,0,3,0,0,41.68359375,41.54296875,0,0,0,0.0,0,7,27300,training
1754995395.8344672,10635,10635,0.041622161865234375,358.0,0.08045578002929688,9.728K,0.025622844696044922,0,3,0,0,41.68359375,41.54296875,0,0,0,0.0,0,7,27400,training
1754995395.883362,10635,10635,0.041622161865234375,358.0,0.08045578002929688,9.728K,0.025246143341064453,0,3,0,0,41.68359375,41.54296875,0,0,0,0.0,0,7,27500,training
1754995395.9316502,10635,10635,0.041622161865234375,358.0,0.08045578002929688,9.728K,0.025522708892822266,0,3,0,0,41.68359375,41.54296875,0,0,0,0.0,0,7,27600,training
1754995395.980484,10635,10635,0.041622161865234375,358.0,0.08045578002929688,9.728K,0.025289058685302734,0,3,0,0,41.68359375,41.54296875,0,0,0,0.0,0,7,27700,training
1754995396.028737,10635,10635,0.041622161865234375,358.0,0.08045578002929688,9.728K,0.025646686553955078,0,3,0,0,41.68359375,41.54296875,0,0,0,0.0,0,7,27800,training
1754995396.0771441,10635,10635,0.041622161865234375,358.0,0.08045578002929688,9.728K,0.025665760040283203,0,3,0,0,41.68359375,41.54296875,0,0,0,0.0,0,7,27900,training
1754995396.126239,10635,10635,0.041622161865234375,358.0,0.08045578002929688,9.728K,0.026018619537353516,0,3,0,0,41.68359375,41.54296875,0,0,0,0.0,0,7,28000,training
1754995396.174894,10635,10635,0.041622161865234375,358.0,0.08045578002929688,9.728K,0.028791427612304688,0,3,0,0,41.68359375,41.54296875,0,0,0,0.0,0,7,28100,training
1754995396.2241468,10635,10635,0.041622161865234375,358.03125,0.08045578002929688,9.728K,0.029456615447998047,0,3,0,0,41.68359375,41.54296875,0,0,0,0.0,0,7,28200,training
1754995396.272869,10635,10635,0.041622161865234375,358.03125,0.08045578002929688,9.728K,0.025179386138916016,0,3,0,0,41.68359375,41.54296875,0,0,0,0.0,0,7,28300,training
1754995396.3217869,10635,10635,0.041622161865234375,358.03125,0.08045578002929688,9.728K,0.02577066421508789,0,3,0,0,41.68359375,41.54296875,0,0,0,0.0,0,7,28400,training
1754995396.370804,10635,10635,0.041622161865234375,358.046875,0.08045578002929688,9.728K,0.025823116302490234,0,3,0,0,41.68359375,41.54296875,0,0,0,0.0,0,7,28500,training
1754995396.419324,10635,10635,0.041622161865234375,358.046875,0.08045578002929688,9.728K,0.025708675384521484,0,3,0,0,41.68359375,41.54296875,0,0,0,0.0,0,7,28600,training
1754995396.4673548,10635,10635,0.041622161865234375,358.046875,0.08045578002929688,9.728K,0.025377273559570312,0,3,0,0,41.68359375,41.54296875,0,0,0,0.0,0,7,28700,training
1754995396.5155919,10635,10635,0.041622161865234375,358.046875,0.08045578002929688,9.728K,0.02519845962524414,0,3,0,0,41.68359375,41.54296875,0,0,0,0.0,0,7,28800,training
1754995396.564505,10635,10635,0.041622161865234375,358.046875,0.08045578002929688,9.728K,0.025992393493652344,0,3,0,0,41.68359375,41.54296875,0,0,0,0.0,0,7,28900,training
1754995396.612941,10635,10635,0.041622161865234375,358.046875,0.08045578002929688,9.728K,0.025529861450195312,0,3,0,0,41.68359375,41.54296875,0,0,0,0.0,0,7,29000,training
1754995396.6613219,10635,10635,0.041622161865234375,358.046875,0.08045578002929688,9.728K,0.025904178619384766,0,3,0,0,41.68359375,41.54296875,0,0,0,0.0,0,7,29100,training
1754995396.7104151,10635,10635,0.041622161865234375,358.046875,0.08045578002929688,9.728K,0.025849342346191406,0,3,0,0,41.68359375,41.54296875,0,0,0,0.0,0,7,29200,training
1754995396.758683,10635,10635,0.041622161865234375,358.046875,0.08045578002929688,9.728K,0.028848648071289062,0,3,0,0,41.68359375,41.54296875,0,0,0,0.0,0,7,29300,training
1754995396.8075361,10635,10635,0.041622161865234375,358.046875,0.08045578002929688,9.728K,0.029273033142089844,0,3,0,0,41.68359375,41.54296875,0,0,0,0.0,0,7,29400,training
1754995396.856241,10635,10635,0.041622161865234375,358.046875,0.08045578002929688,9.728K,0.025475025177001953,0,3,0,0,41.68359375,41.54296875,0,0,0,0.0,0,7,29500,training
1754995396.9049768,10635,10635,0.041622161865234375,358.046875,0.08045578002929688,9.728K,0.02543926239013672,0,3,0,0,41.68359375,41.54296875,0,0,0,0.0,0,7,29600,training
1754995396.953386,10635,10635,0.041622161865234375,358.046875,0.08045578002929688,9.728K,0.02565145492553711,0,3,0,0,41.68359375,41.54296875,0,0,0,0.0,0,7,29700,training
1754995397.0021918,10635,10635,0.041622161865234375,358.046875,0.08045578002929688,9.728K,0.025610923767089844,0,3,0,0,41.68359375,41.54296875,0,0,0,0.0,0,7,29800,training
1754995397.050369,10635,10635,0.041622161865234375,358.046875,0.08045578002929688,9.728K,0.025186538696289062,0,3,0,0,41.68359375,41.54296875,0,0,0,0.0,0,7,29900,training
1754995397.0991628,10635,10635,0.041622161865234375,358.046875,0.08045578002929688,9.728K,0.02557992935180664,0,3,0,0,41.68359375,41.54296875,0,0,0,0.0,0,7,30000,training
1754995397.148017,10635,10635,0.041622161865234375,358.078125,0.08045578002929688,9.728K,0.025682449340820312,0,3,0,0,41.68359375,41.54296875,0,0,0,0.0,0,7,30100,training
1754995397.196383,10635,10635,0.041622161865234375,358.078125,0.08045578002929688,9.728K,0.025894641876220703,0,3,0,0,41.68359375,41.54296875,0,0,0,0.0,0,7,30200,training
1754995397.245516,10635,10635,0.041622161865234375,358.078125,0.08045578002929688,9.728K,0.025489330291748047,0,3,0,0,41.68359375,41.54296875,0,0,0,0.0,0,7,30300,training
1754995397.294113,10635,10635,0.041622161865234375,358.078125,0.08045578002929688,9.728K,0.025737285614013672,0,3,0,0,41.68359375,41.54296875,0,0,0,0.0,0,7,30400,training
1754995397.3428962,10635,10635,0.041622161865234375,358.078125,0.08045578002929688,9.728K,0.027229785919189453,0,3,0,0,41.68359375,41.54296875,0,0,0,0.0,0,7,30500,training
1754995397.391617,10635,10635,0.041622161865234375,358.09375,0.08045578002929688,9.728K,0.02895355224609375,0,3,0,0,41.68359375,41.54296875,0,0,0,0.0,0,7,30600,training
1754995397.440423,10635,10635,0.041622161865234375,358.09375,0.08045578002929688,9.728K,0.027530193328857422,0,3,0,0,41.68359375,41.54296875,0,0,0,0.0,0,7,30700,training
1754995397.4886541,10635,10635,0.041622161865234375,358.09375,0.08045578002929688,9.728K,0.02521991729736328,0,3,0,0,41.68359375,41.54296875,0,0,0,0.0,0,7,30800,training
1754995397.537529,10635,10635,0.041622161865234375,358.09375,0.08045578002929688,9.728K,0.025599002838134766,0,3,0,0,41.68359375,41.54296875,0,0,0,0.0,0,7,30900,training
1754995397.586424,10635,10635,0.041622161865234375,358.09375,0.08045578002929688,9.728K,0.025637149810791016,0,3,0,0,41.68359375,41.54296875,0,0,0,0.0,0,7,31000,training
1754995397.6351202,10635,10635,0.041622161865234375,358.125,0.08045578002929688,9.728K,0.0257110595703125,0,3,0,0,41.68359375,41.54296875,0,0,0,0.0,0,7,31100,training
1754995397.683532,10635,10635,0.041622161865234375,358.125,0.08045578002929688,9.728K,0.025115013122558594,0,3,0,0,41.68359375,41.54296875,0,0,0,0.0,0,7,31200,training
1754995397.732378,10635,10635,0.041622161865234375,358.125,0.08045578002929688,9.728K,0.02565622329711914,0,3,0,0,41.68359375,41.54296875,0,0,0,0.0,0,7,31300,training
1754995397.7813919,10635,10635,0.041622161865234375,358.125,0.08045578002929688,9.728K,0.02532958984375,0,3,0,0,41.68359375,41.54296875,0,0,0,0.0,0,7,31400,training
1754995397.829943,10635,10635,0.041622161865234375,358.125,0.08045578002929688,9.728K,0.02590656280517578,0,3,0,0,41.68359375,41.54296875,0,0,0,0.0,0,7,31500,training
1754995397.8785868,10635,10635,0.041622161865234375,358.125,0.08045578002929688,9.728K,0.025687217712402344,0,3,0,0,41.68359375,41.54296875,0,0,0,0.0,0,7,31600,training
1754995397.9270132,10635,10635,0.041622161865234375,358.15625,0.08045578002929688,9.728K,0.025227069854736328,0,3,0,0,41.68359375,41.54296875,0,0,0,0.0,0,7,31700,training
1754995397.975101,10635,10635,0.041622161865234375,358.15625,0.08045578002929688,9.728K,0.029113292694091797,0,3,0,0,41.68359375,41.54296875,0,0,0,0.0,0,7,31800,training
1754995398.0271769,10635,10635,0.041622161865234375,358.15625,0.08045578002929688,9.728K,0.027680397033691406,0,3,0,0,41.68359375,41.54296875,0,0,0,0.0,0,7,31900,training
1754995398.079034,10635,10635,0.041622161865234375,358.15625,0.08045578002929688,9.728K,0.027883052825927734,0,3,0,0,41.68359375,41.54296875,0,0,0,0.0,0,7,32000,training
1754995398.130751,10635,10635,0.041622161865234375,358.15625,0.08045578002929688,9.728K,0.02788543701171875,0,3,0,0,41.68359375,41.54296875,0,0,0,0.0,0,7,32100,training
1754995398.182463,10635,10635,0.041622161865234375,358.15625,0.08045578002929688,9.728K,0.02757549285888672,0,3,0,0,41.68359375,41.54296875,0,0,0,0.0,0,7,32200,training
1754995398.235453,10635,10635,0.041622161865234375,358.15625,0.08045578002929688,9.728K,0.027837753295898438,0,3,0,0,41.68359375,41.54296875,0,0,0,0.0,0,7,32300,training
1754995398.288478,10635,10635,0.041622161865234375,358.15625,0.08045578002929688,9.728K,0.028140544891357422,0,3,0,0,41.68359375,41.54296875,0,0,0,0.0,0,7,32400,training
1754995398.341894,10635,10635,0.041622161865234375,358.15625,0.08045578002929688,9.728K,0.03245115280151367,0,3,0,0,41.68359375,41.54296875,0,0,0,0.0,0,7,32500,training
1754995398.395699,10635,10635,0.041622161865234375,358.15625,0.08045578002929688,9.728K,0.028972625732421875,0,3,0,0,41.68359375,41.54296875,0,0,0,0.0,0,7,32600,training
1754995398.4488661,10635,10635,0.041622161865234375,358.15625,0.08045578002929688,9.728K,0.0272369384765625,0,3,0,0,41.68359375,41.54296875,0,0,0,0.0,0,7,32700,training
1754995398.501339,10635,10635,0.041622161865234375,358.15625,0.08045578002929688,9.728K,0.02784252166748047,0,3,0,0,41.68359375,41.54296875,0,0,0,0.0,0,7,32800,training
1754995398.554496,10635,10635,0.041622161865234375,358.15625,0.08045578002929688,9.728K,0.027544498443603516,0,3,0,0,41.68359375,41.54296875,0,0,0,0.0,0,7,32900,training
1754995398.608057,10635,10635,0.041622161865234375,358.15625,0.08045578002929688,9.728K,0.03193378448486328,0,3,0,0,41.68359375,41.54296875,0,0,0,0.0,0,7,33000,training
1754995398.662977,10635,10635,0.041622161865234375,358.15625,0.08045578002929688,9.728K,0.029218196868896484,0,3,0,0,41.68359375,41.54296875,0,0,0,0.0,0,7,33100,training
1754995398.717791,10635,10635,0.041622161865234375,358.15625,0.08045578002929688,9.728K,0.02880096435546875,0,3,0,0,41.68359375,41.54296875,0,0,0,0.0,0,7,33200,training
1754995398.77199,10635,10635,0.041622161865234375,358.15625,0.08045578002929688,9.728K,0.027930736541748047,0,3,0,0,41.68359375,41.54296875,0,0,0,0.0,0,7,33300,training
1754995398.827084,10635,10635,0.041622161865234375,358.1875,0.08045578002929688,9.728K,0.025758743286132812,0,3,0,0,41.68359375,41.54296875,0,0,0,0.0,0,7,33400,training
1754995398.878241,10635,10635,0.041622161865234375,358.1875,0.08045578002929688,9.728K,0.025534629821777344,0,3,0,0,41.68359375,41.54296875,0,0,0,0.0,0,7,33500,training
1754995398.928061,10635,10635,0.041622161865234375,358.203125,0.08045578002929688,9.728K,0.026445388793945312,0,3,0,0,41.68359375,41.54296875,0,0,0,0.0,0,7,33600,training
1754995398.976981,10635,10635,0.041622161865234375,358.203125,0.08045578002929688,9.728K,0.025370121002197266,0,3,0,0,41.68359375,41.54296875,0,0,0,0.0,0,7,33700,training
1754995399.025652,10635,10635,0.041622161865234375,358.203125,0.08045578002929688,9.728K,0.028803348541259766,0,3,0,0,41.68359375,41.54296875,0,0,0,0.0,0,7,33800,training
1754995399.078455,10635,10635,0.041622161865234375,358.203125,0.08045578002929688,9.728K,0.028202533721923828,0,3,0,0,41.68359375,41.54296875,0,0,0,0.0,0,7,33900,training
1754995399.134699,10635,10635,0.041622161865234375,358.203125,0.08045578002929688,9.728K,0.03126382827758789,0,3,0,0,41.68359375,41.54296875,0,0,0,0.0,0,7,34000,training
1754995399.197027,10635,10635,0.041622161865234375,358.203125,0.08045578002929688,9.728K,0.028429031372070312,0,3,0,0,41.68359375,41.54296875,0,0,0,0.0,0,7,34100,training
1754995399.256671,10635,10635,0.041622161865234375,358.203125,0.08045578002929688,9.728K,0.02944469451904297,0,3,0,0,41.68359375,41.54296875,0,0,0,0.0,0,7,34200,training
1754995399.310727,10635,10635,0.041622161865234375,358.203125,0.08045578002929688,9.728K,0.02538919448852539,0,3,0,0,41.68359375,41.54296875,0,0,0,0.0,0,7,34300,training
1754995399.3600361,10635,10635,0.041622161865234375,358.203125,0.08045578002929688,9.728K,0.025720596313476562,0,3,0,0,41.68359375,41.54296875,0,0,0,0.0,0,7,34400,training
1754995399.409627,10635,10635,0.041622161865234375,358.203125,0.08045578002929688,9.728K,0.028545856475830078,0,3,0,0,41.68359375,41.54296875,0,0,0,0.0,0,7,34500,training
1754995399.458774,10635,10635,0.041622161865234375,358.203125,0.08045578002929688,9.728K,0.029757022857666016,0,3,0,0,41.68359375,41.54296875,0,0,0,0.0,0,7,34600,training
1754995399.509873,10635,10635,0.041622161865234375,358.203125,0.08045578002929688,9.728K,0.025916099548339844,0,3,0,0,41.68359375,41.54296875,0,0,0,0.0,0,7,34700,training
1754995399.558943,10635,10635,0.041622161865234375,358.203125,0.08045578002929688,9.728K,0.02980947494506836,0,3,0,0,41.68359375,41.54296875,0,0,0,0.0,0,7,34800,training
1754995399.6080909,10635,10635,0.041622161865234375,358.203125,0.08045578002929688,9.728K,0.029296875,0,3,0,0,41.68359375,41.54296875,0,0,0,0.0,0,7,34900,training
1754995399.6566489,10635,10635,0.041622161865234375,358.203125,0.08045578002929688,9.728K,0.02714395523071289,0,3,0,0,41.68359375,41.54296875,0,0,0,0.0,0,7,35000,training
1754995399.7054982,10635,10635,0.041622161865234375,358.203125,0.08045578002929688,9.728K,0.025207996368408203,0,3,0,0,41.68359375,41.54296875,0,0,0,0.0,0,7,35100,training
1754995399.754251,10635,10635,0.041622161865234375,358.203125,0.08045578002929688,9.728K,0.025720596313476562,0,3,0,0,41.68359375,41.54296875,0,0,0,0.0,0,7,35200,training
1754995399.8031402,10635,10635,0.041622161865234375,358.203125,0.08045578002929688,9.728K,0.02569437026977539,0,3,0,0,41.68359375,41.54296875,0,0,0,0.0,0,7,35300,training
1754995399.852418,10635,10635,0.041622161865234375,358.203125,0.08045578002929688,9.728K,0.025718212127685547,0,3,0,0,41.68359375,41.54296875,0,0,0,0.0,0,7,35400,training
1754995399.900836,10635,10635,0.041622161865234375,358.203125,0.08045578002929688,9.728K,0.025260448455810547,0,3,0,0,41.68359375,41.54296875,0,0,0,0.0,0,7,35500,training
1754995399.9492018,10635,10635,0.041622161865234375,358.203125,0.08045578002929688,9.728K,0.025475025177001953,0,3,0,0,41.68359375,41.54296875,0,0,0,0.0,0,7,35600,training
1754995399.997696,10635,10635,0.041622161865234375,358.203125,0.08045578002929688,9.728K,0.025484561920166016,0,3,0,0,41.68359375,41.54296875,0,0,0,0.0,0,7,35700,training
1754995400.046262,10635,10635,0.041622161865234375,358.203125,0.08045578002929688,9.728K,0.025882720947265625,0,3,0,0,41.68359375,41.54296875,0,0,0,0.0,0,7,35800,training
1754995400.0948548,10635,10635,0.041622161865234375,358.203125,0.08045578002929688,9.728K,0.025479793548583984,0,3,0,0,41.68359375,41.54296875,0,0,0,0.0,0,7,35900,training
1754995400.142752,10635,10635,0.041622161865234375,358.203125,0.08045578002929688,9.728K,0.027205944061279297,0,3,0,0,41.68359375,41.54296875,0,0,0,0.0,0,7,36000,training
1754995400.1915882,10635,10635,0.041622161865234375,358.203125,0.08045578002929688,9.728K,0.029561519622802734,0,3,0,0,41.68359375,41.54296875,0,0,0,0.0,0,7,36100,training
1754995400.240698,10635,10635,0.041622161865234375,358.203125,0.08045578002929688,9.728K,0.029022693634033203,0,3,0,0,41.68359375,41.54296875,0,0,0,0.0,0,7,36200,training
1754995400.2897139,10635,10635,0.041622161865234375,358.203125,0.08045578002929688,9.728K,0.026378631591796875,0,3,0,0,41.68359375,41.54296875,0,0,0,0.0,0,7,36300,training
1754995400.338269,10635,10635,0.041622161865234375,358.203125,0.08045578002929688,9.728K,0.02536296844482422,0,3,0,0,41.68359375,41.54296875,0,0,0,0.0,0,7,36400,training
1754995400.387309,10635,10635,0.041622161865234375,358.203125,0.08045578002929688,9.728K,0.025594234466552734,0,3,0,0,41.68359375,41.54296875,0,0,0,0.0,0,7,36500,training
1754995400.435625,10635,10635,0.041622161865234375,358.203125,0.08045578002929688,9.728K,0.025899410247802734,0,3,0,0,41.68359375,41.54296875,0,0,0,0.0,0,7,36600,training
1754995400.483914,10635,10635,0.041622161865234375,358.203125,0.08045578002929688,9.728K,0.02517223358154297,0,3,0,0,41.68359375,41.54296875,0,0,0,0.0,0,7,36700,training
1754995400.532402,10635,10635,0.041622161865234375,358.203125,0.08045578002929688,9.728K,0.025637149810791016,0,3,0,0,41.68359375,41.54296875,0,0,0,0.0,0,7,36800,training
1754995400.5805252,10635,10635,0.041622161865234375,358.203125,0.08045578002929688,9.728K,0.025911331176757812,0,3,0,0,41.68359375,41.54296875,0,0,0,0.0,0,7,36900,training
1754995400.6289458,10635,10635,0.041622161865234375,358.203125,0.08045578002929688,9.728K,0.02575397491455078,0,3,0,0,41.68359375,41.54296875,0,0,0,0.0,0,7,37000,training
1754995400.677323,10635,10635,0.041622161865234375,358.234375,0.08045578002929688,9.728K,0.025684833526611328,0,3,0,0,41.68359375,41.54296875,0,0,0,0.0,0,7,37100,training
1754995400.726014,10635,10635,0.041622161865234375,358.234375,0.08045578002929688,9.728K,0.026535987854003906,0,3,0,0,41.68359375,41.54296875,0,0,0,0.0,0,7,37200,training
1754995400.774952,10635,10635,0.041622161865234375,358.234375,0.08045578002929688,9.728K,0.028772354125976562,0,3,0,0,41.68359375,41.54296875,0,0,0,0.0,0,7,37300,training
1754995400.827994,10635,10635,0.041622161865234375,358.234375,0.08045578002929688,9.728K,0.025637149810791016,0,3,0,0,41.68359375,41.54296875,0,0,0,0.0,0,7,37400,training
1754995400.876332,10635,10635,0.041622161865234375,358.234375,0.08045578002929688,9.728K,0.026917457580566406,0,3,0,0,41.68359375,41.54296875,0,0,0,0.0,0,7,37500,training
1754995400.9252758,10635,10635,0.041622161865234375,358.25,0.08045578002929688,9.728K,0.029108524322509766,0,3,0,0,41.68359375,41.54296875,0,0,0,0.0,0,7,37600,training
1754995400.97419,10635,10635,0.041622161865234375,358.25,0.08045578002929688,9.728K,0.028493404388427734,0,3,0,0,41.68359375,41.54296875,0,0,0,0.0,0,7,37700,training
1754995401.023157,10635,10635,0.041622161865234375,358.28125,0.08045578002929688,9.728K,0.02756357192993164,0,3,0,0,41.68359375,41.54296875,0,0,0,0.0,0,7,37800,training
1754995401.0719628,10635,10635,0.041622161865234375,358.28125,0.08045578002929688,9.728K,0.025496482849121094,0,3,0,0,41.68359375,41.54296875,0,0,0,0.0,0,7,37900,training
1754995401.120502,10635,10635,0.041622161865234375,358.28125,0.08045578002929688,9.728K,0.02554178237915039,0,3,0,0,41.68359375,41.54296875,0,0,0,0.0,0,7,38000,training
1754995401.169342,10635,10635,0.041622161865234375,358.28125,0.08045578002929688,9.728K,0.025751590728759766,0,3,0,0,41.68359375,41.54296875,0,0,0,0.0,0,7,38100,training
1754995401.218098,10635,10635,0.041622161865234375,358.28125,0.08045578002929688,9.728K,0.025463104248046875,0,3,0,0,41.68359375,41.54296875,0,0,0,0.0,0,7,38200,training
1754995401.2668412,10635,10635,0.041622161865234375,358.28125,0.08045578002929688,9.728K,0.02508401870727539,0,3,0,0,41.68359375,41.54296875,0,0,0,0.0,0,7,38300,training
1754995401.3164601,10635,10635,0.041622161865234375,358.28125,0.08045578002929688,9.728K,0.025484561920166016,0,3,0,0,41.68359375,41.54296875,0,0,0,0.0,0,7,38400,training
1754995401.365612,10635,10635,0.041622161865234375,358.28125,0.08045578002929688,9.728K,0.02553701400756836,0,3,0,0,41.68359375,41.54296875,0,0,0,0.0,0,7,38500,training
1754995401.414567,10635,10635,0.041622161865234375,358.28125,0.08045578002929688,9.728K,0.025684833526611328,0,3,0,0,41.68359375,41.54296875,0,0,0,0.0,0,7,38600,training
1754995401.463009,10635,10635,0.041622161865234375,358.28125,0.08045578002929688,9.728K,0.02530813217163086,0,3,0,0,41.68359375,41.54296875,0,0,0,0.0,0,7,38700,training
1754995401.5121012,10635,10635,0.041622161865234375,358.28125,0.08045578002929688,9.728K,0.025508403778076172,0,3,0,0,41.68359375,41.54296875,0,0,0,0.0,0,7,38800,training
1754995401.559922,10635,10635,0.041622161865234375,358.28125,0.08045578002929688,9.728K,0.02552032470703125,0,3,0,0,41.68359375,41.54296875,0,0,0,0.0,0,7,38900,training
1754995401.608851,10635,10635,0.041622161865234375,358.28125,0.08045578002929688,9.728K,0.029206275939941406,0,3,0,0,41.68359375,41.54296875,0,0,0,0.0,0,7,39000,training
1754995401.6575801,10635,10635,0.041622161865234375,358.28125,0.08045578002929688,9.728K,0.02847433090209961,0,3,0,0,41.68359375,41.54296875,0,0,0,0.0,0,7,39100,training
1754995401.7063942,10635,10635,0.041622161865234375,358.28125,0.08045578002929688,9.728K,0.026903152465820312,0,3,0,0,41.68359375,41.54296875,0,0,0,0.0,0,7,39200,training
1754995401.754928,10635,10635,0.041622161865234375,358.28125,0.08045578002929688,9.728K,0.025608539581298828,0,3,0,0,41.68359375,41.54296875,0,0,0,0.0,0,7,39300,training
1754995401.803283,10635,10635,0.041622161865234375,358.28125,0.08045578002929688,9.728K,0.02583026885986328,0,3,0,0,41.68359375,41.54296875,0,0,0,0.0,0,7,39400,training
1754995401.852739,10635,10635,0.041622161865234375,358.28125,0.08045578002929688,9.728K,0.025768280029296875,0,3,0,0,41.68359375,41.54296875,0,0,0,0.0,0,7,39500,training
1754995401.9011898,10635,10635,0.041622161865234375,358.28125,0.08045578002929688,9.728K,0.02561330795288086,0,3,0,0,41.68359375,41.54296875,0,0,0,0.0,0,7,39600,training
1754995401.949472,10635,10635,0.041622161865234375,358.28125,0.08045578002929688,9.728K,0.025451183319091797,0,3,0,0,41.68359375,41.54296875,0,0,0,0.0,0,7,39700,training
1754995401.997877,10635,10635,0.041622161865234375,358.28125,0.08045578002929688,9.728K,0.025436878204345703,0,3,0,0,41.68359375,41.54296875,0,0,0,0.0,0,7,39800,training
1754995402.046688,10635,10635,0.041622161865234375,358.28125,0.08045578002929688,9.728K,0.025262832641601562,0,3,0,0,41.68359375,41.54296875,0,0,0,0.0,0,7,39900,training
1754995402.095467,10635,10635,0.041622161865234375,358.28125,0.08045578002929688,9.728K,0.025739669799804688,0,3,0,0,41.68359375,41.54296875,0,0,0,0.0,0,7,40000,training
1754995402.143723,10635,10635,0.041622161865234375,358.28125,0.08045578002929688,9.728K,0.025687217712402344,0,3,0,0,41.68359375,41.54296875,0,0,0,0.0,0,7,40100,training
1754995402.1917381,10635,10635,0.041622161865234375,358.28125,0.08045578002929688,9.728K,0.02895832061767578,0,3,0,0,41.68359375,41.54296875,0,0,0,0.0,0,7,40200,training
1754995402.24115,10635,10635,0.041622161865234375,358.28125,0.08045578002929688,9.728K,0.029425621032714844,0,3,0,0,41.68359375,41.54296875,0,0,0,0.0,0,7,40300,training
1754995402.289762,10635,10635,0.041622161865234375,358.28125,0.08045578002929688,9.728K,0.026826858520507812,0,3,0,0,41.68359375,41.54296875,0,0,0,0.0,0,7,40400,training
1754995402.338342,10635,10635,0.041622161865234375,358.28125,0.08045578002929688,9.728K,0.025546550750732422,0,3,0,0,41.68359375,41.54296875,0,0,0,0.0,0,7,40500,training
1754995402.387573,10635,10635,0.041622161865234375,358.28125,0.08045578002929688,9.728K,0.025699138641357422,0,3,0,0,41.68359375,41.54296875,0,0,0,0.0,0,7,40600,training
1754995402.436073,10635,10635,0.041622161865234375,358.28125,0.08045578002929688,9.728K,0.02569437026977539,0,3,0,0,41.68359375,41.54296875,0,0,0,0.0,0,7,40700,training
1754995402.4849012,10635,10635,0.041622161865234375,358.28125,0.08045578002929688,9.728K,0.025501251220703125,0,3,0,0,41.68359375,41.54296875,0,0,0,0.0,0,7,40800,training
1754995402.5334148,10635,10635,0.041622161865234375,358.28125,0.08045578002929688,9.728K,0.025203227996826172,0,3,0,0,41.68359375,41.54296875,0,0,0,0.0,0,7,40900,training
1754995402.581971,10635,10635,0.041622161865234375,358.28125,0.08045578002929688,9.728K,0.025603771209716797,0,3,0,0,41.68359375,41.54296875,0,0,0,0.0,0,7,41000,training
1754995402.6310122,10635,10635,0.041622161865234375,358.28125,0.08045578002929688,9.728K,0.025544166564941406,0,3,0,0,41.68359375,41.54296875,0,0,0,0.0,0,7,41100,training
1754995402.6799529,10635,10635,0.041622161865234375,358.28125,0.08045578002929688,9.728K,0.025341510772705078,0,3,0,0,41.68359375,41.54296875,0,0,0,0.0,0,7,41200,training
1754995402.728296,10635,10635,0.041622161865234375,358.28125,0.08045578002929688,9.728K,0.02584218978881836,0,3,0,0,41.68359375,41.54296875,0,0,0,0.0,0,7,41300,training
1754995402.7769039,10635,10635,0.041622161865234375,358.28125,0.08045578002929688,9.728K,0.02565145492553711,0,3,0,0,41.68359375,41.54296875,0,0,0,0.0,0,7,41400,training
1754995402.825435,10635,10635,0.041622161865234375,358.28125,0.08045578002929688,9.728K,0.028820037841796875,0,3,0,0,41.68359375,41.54296875,0,0,0,0.0,0,7,41500,training
1754995402.874242,10635,10635,0.041622161865234375,358.28125,0.08045578002929688,9.728K,0.028858184814453125,0,3,0,0,41.68359375,41.54296875,0,0,0,0.0,0,7,41600,training
1754995402.922873,10635,10635,0.041622161865234375,358.28125,0.08045578002929688,9.728K,0.026297569274902344,0,3,0,0,41.68359375,41.54296875,0,0,0,0.0,0,7,41700,training
1754995402.971275,10635,10635,0.041622161865234375,358.28125,0.08045578002929688,9.728K,0.02523183822631836,0,3,0,0,41.68359375,41.54296875,0,0,0,0.0,0,7,41800,training
1754995403.036575,10635,10635,0.041622161865234375,358.265625,0.08045578002929688,9.728K,0.025768280029296875,0,3,0,0,41.68359375,41.54296875,0,0,0,0.0,0,8,0,training
1754995403.085749,10635,10635,0.041622161865234375,358.265625,0.08045578002929688,9.728K,0.02534627914428711,0,3,0,0,41.68359375,41.54296875,0,0,0,0.0,0,8,100,training
1754995403.134232,10635,10635,0.041622161865234375,358.296875,0.08045578002929688,9.728K,0.02559185028076172,0,3,0,0,41.68359375,41.54296875,0,0,0,0.0,0,8,200,training
1754995403.182951,10635,10635,0.041622161865234375,358.3125,0.08045578002929688,9.728K,0.02534627914428711,0,3,0,0,41.68359375,41.54296875,0,0,0,0.0,0,8,300,training
1754995403.231294,10635,10635,0.041622161865234375,358.3125,0.08045578002929688,9.728K,0.025646686553955078,0,3,0,0,41.68359375,41.54296875,0,0,0,0.0,0,8,400,training
1754995403.280232,10635,10635,0.041622161865234375,358.328125,0.08045578002929688,9.728K,0.025532245635986328,0,3,0,0,41.68359375,41.54296875,0,0,0,0.0,0,8,500,training
1754995403.328823,10635,10635,0.041622161865234375,358.328125,0.08045578002929688,9.728K,0.025606155395507812,0,3,0,0,41.68359375,41.54296875,0,0,0,0.0,0,8,600,training
1754995403.3774111,10635,10635,0.041622161865234375,358.328125,0.08045578002929688,9.728K,0.027420520782470703,0,3,0,0,41.68359375,41.54296875,0,0,0,0.0,0,8,700,training
1754995403.430101,10635,10635,0.041622161865234375,358.328125,0.08045578002929688,9.728K,0.02551555633544922,0,3,0,0,41.68359375,41.54296875,0,0,0,0.0,0,8,800,training
1754995403.4788759,10635,10635,0.041622161865234375,358.328125,0.08045578002929688,9.728K,0.025377273559570312,0,3,0,0,41.68359375,41.54296875,0,0,0,0.0,0,8,900,training
1754995403.527794,10635,10635,0.041622161865234375,358.328125,0.08045578002929688,9.728K,0.02571582794189453,0,3,0,0,41.68359375,41.54296875,0,0,0,0.0,0,8,1000,training
1754995403.575694,10635,10635,0.041622161865234375,358.328125,0.08045578002929688,9.728K,0.028753280639648438,0,3,0,0,41.68359375,41.54296875,0,0,0,0.0,0,8,1100,training
1754995403.62639,10635,10635,0.041622161865234375,358.328125,0.08045578002929688,9.728K,0.02673625946044922,0,3,0,0,41.68359375,41.54296875,0,0,0,0.0,0,8,1200,training
1754995403.6774259,10635,10635,0.041622161865234375,358.328125,0.08045578002929688,9.728K,0.02561807632446289,0,3,0,0,41.68359375,41.54296875,0,0,0,0.0,0,8,1300,training
1754995403.725376,10635,10635,0.041622161865234375,358.328125,0.08045578002929688,9.728K,0.02897500991821289,0,3,0,0,41.68359375,41.54296875,0,0,0,0.0,0,8,1400,training
1754995403.774278,10635,10635,0.041622161865234375,358.328125,0.08045578002929688,9.728K,0.029017925262451172,0,3,0,0,41.68359375,41.54296875,0,0,0,0.0,0,8,1500,training
1754995403.8225322,10635,10635,0.041622161865234375,358.328125,0.08045578002929688,9.728K,0.02521038055419922,0,3,0,0,41.68359375,41.54296875,0,0,0,0.0,0,8,1600,training
1754995403.8713129,10635,10635,0.041622161865234375,358.328125,0.08045578002929688,9.728K,0.02536773681640625,0,3,0,0,41.68359375,41.54296875,0,0,0,0.0,0,8,1700,training
1754995403.919934,10635,10635,0.041622161865234375,358.328125,0.08045578002929688,9.728K,0.025875568389892578,0,3,0,0,41.68359375,41.54296875,0,0,0,0.0,0,8,1800,training
1754995403.968852,10635,10635,0.041622161865234375,358.328125,0.08045578002929688,9.728K,0.0261688232421875,0,3,0,0,41.68359375,41.54296875,0,0,0,0.0,0,8,1900,training
1754995404.0179431,10635,10635,0.041622161865234375,358.328125,0.08045578002929688,9.728K,0.025475025177001953,0,3,0,0,41.68359375,41.54296875,0,0,0,0.0,0,8,2000,training
1754995404.066407,10635,10635,0.041622161865234375,358.328125,0.08045578002929688,9.728K,0.0251007080078125,0,3,0,0,41.68359375,41.54296875,0,0,0,0.0,0,8,2100,training
1754995404.114864,10635,10635,0.041622161865234375,358.359375,0.08045578002929688,9.728K,0.025572776794433594,0,3,0,0,41.68359375,41.54296875,0,0,0,0.0,0,8,2200,training
1754995404.1637151,10635,10635,0.041622161865234375,358.359375,0.08045578002929688,9.728K,0.025458335876464844,0,3,0,0,41.68359375,41.54296875,0,0,0,0.0,0,8,2300,training
1754995404.2121742,10635,10635,0.041622161865234375,358.359375,0.08045578002929688,9.728K,0.025594234466552734,0,3,0,0,41.68359375,41.54296875,0,0,0,0.0,0,8,2400,training
1754995404.260821,10635,10635,0.041622161865234375,358.359375,0.08045578002929688,9.728K,0.025839805603027344,0,3,0,0,41.68359375,41.54296875,0,0,0,0.0,0,8,2500,training
1754995404.308948,10635,10635,0.041622161865234375,358.359375,0.08045578002929688,9.728K,0.028388500213623047,0,3,0,0,41.68359375,41.54296875,0,0,0,0.0,0,8,2600,training
1754995404.357146,10635,10635,0.041622161865234375,358.375,0.08045578002929688,9.728K,0.02846240997314453,0,3,0,0,41.68359375,41.54296875,0,0,0,0.0,0,8,2700,training
1754995404.410205,10635,10635,0.041622161865234375,358.375,0.08045578002929688,9.728K,0.025634765625,0,3,0,0,41.68359375,41.54296875,0,0,0,0.0,0,8,2800,training
1754995404.4584599,10635,10635,0.041622161865234375,358.375,0.08045578002929688,9.728K,0.028965473175048828,0,3,0,0,41.68359375,41.54296875,0,0,0,0.0,0,8,2900,training
1754995404.5071628,10635,10635,0.041622161865234375,358.375,0.08045578002929688,9.728K,0.028443336486816406,0,3,0,0,41.68359375,41.54296875,0,0,0,0.0,0,8,3000,training
1754995404.5557702,10635,10635,0.041622161865234375,358.375,0.08045578002929688,9.728K,0.025382041931152344,0,3,0,0,41.68359375,41.54296875,0,0,0,0.0,0,8,3100,training
1754995404.6042209,10635,10635,0.041622161865234375,358.375,0.08045578002929688,9.728K,0.025496482849121094,0,3,0,0,41.68359375,41.54296875,0,0,0,0.0,0,8,3200,training
1754995404.652704,10635,10635,0.041622161865234375,358.375,0.08045578002929688,9.728K,0.025663375854492188,0,3,0,0,41.68359375,41.54296875,0,0,0,0.0,0,8,3300,training
1754995404.701144,10635,10635,0.041622161865234375,358.375,0.08045578002929688,9.728K,0.025284290313720703,0,3,0,0,41.68359375,41.54296875,0,0,0,0.0,0,8,3400,training
1754995404.749557,10635,10635,0.041622161865234375,358.375,0.08045578002929688,9.728K,0.025510787963867188,0,3,0,0,41.68359375,41.54296875,0,0,0,0.0,0,8,3500,training
1754995404.797374,10635,10635,0.041622161865234375,358.375,0.08045578002929688,9.728K,0.02544879913330078,0,3,0,0,41.68359375,41.54296875,0,0,0,0.0,0,8,3600,training
1754995404.8463402,10635,10635,0.041622161865234375,358.375,0.08045578002929688,9.728K,0.02527475357055664,0,3,0,0,41.68359375,41.54296875,0,0,0,0.0,0,8,3700,training
1754995404.8944829,10635,10635,0.041622161865234375,358.375,0.08045578002929688,9.728K,0.025517940521240234,0,3,0,0,41.68359375,41.54296875,0,0,0,0.0,0,8,3800,training
1754995404.942813,10635,10635,0.041622161865234375,358.375,0.08045578002929688,9.728K,0.025827884674072266,0,3,0,0,41.68359375,41.54296875,0,0,0,0.0,0,8,3900,training
1754995404.991104,10635,10635,0.041622161865234375,358.375,0.08045578002929688,9.728K,0.028753280639648438,0,3,0,0,41.68359375,41.54296875,0,0,0,0.0,0,8,4000,training
1754995405.040189,10635,10635,0.041622161865234375,358.375,0.08045578002929688,9.728K,0.029070377349853516,0,3,0,0,41.68359375,41.54296875,0,0,0,0.0,0,8,4100,training
1754995405.0898502,10635,10635,0.041622161865234375,358.375,0.08045578002929688,9.728K,0.03206968307495117,0,3,0,0,41.68359375,41.54296875,0,0,0,0.0,0,8,4200,training
1754995405.1449249,10635,10635,0.041622161865234375,358.375,0.08045578002929688,9.728K,0.02727508544921875,0,3,0,0,41.68359375,41.54296875,0,0,0,0.0,0,8,4300,training
1754995405.194465,10635,10635,0.041622161865234375,358.40625,0.08045578002929688,9.728K,0.025916099548339844,0,3,0,0,41.68359375,41.54296875,0,0,0,0.0,0,8,4400,training
1754995405.2428448,10635,10635,0.041622161865234375,358.40625,0.08045578002929688,9.728K,0.026092529296875,0,3,0,0,41.68359375,41.54296875,0,0,0,0.0,0,8,4500,training
1754995405.291957,10635,10635,0.041622161865234375,358.4375,0.08045578002929688,9.728K,0.030705928802490234,0,3,0,0,41.68359375,41.54296875,0,0,0,0.0,0,8,4600,training
1754995405.340467,10635,10635,0.041622161865234375,358.4375,0.08045578002929688,9.728K,0.027878284454345703,0,3,0,0,41.68359375,41.54296875,0,0,0,0.0,0,8,4700,training
1754995405.3888052,10635,10635,0.041622161865234375,358.453125,0.08045578002929688,9.728K,0.025038719177246094,0,3,0,0,41.68359375,41.54296875,0,0,0,0.0,0,8,4800,training
1754995405.437972,10635,10635,0.041622161865234375,358.453125,0.08045578002929688,9.728K,0.02523660659790039,0,3,0,0,41.68359375,41.54296875,0,0,0,0.0,0,8,4900,training
1754995405.487019,10635,10635,0.041622161865234375,358.453125,0.08045578002929688,9.728K,0.025482177734375,0,3,0,0,41.68359375,41.54296875,0,0,0,0.0,0,8,5000,training
1754995405.535977,10635,10635,0.041622161865234375,358.453125,0.08045578002929688,9.728K,0.0255584716796875,0,3,0,0,41.68359375,41.54296875,0,0,0,0.0,0,8,5100,training
1754995405.5841222,10635,10635,0.041622161865234375,358.453125,0.08045578002929688,9.728K,0.0255584716796875,0,3,0,0,41.68359375,41.54296875,0,0,0,0.0,0,8,5200,training
1754995405.633288,10635,10635,0.041622161865234375,358.453125,0.08045578002929688,9.728K,0.025451183319091797,0,3,0,0,41.68359375,41.54296875,0,0,0,0.0,0,8,5300,training
1754995405.6815841,10635,10635,0.041622161865234375,358.453125,0.08045578002929688,9.728K,0.025589466094970703,0,3,0,0,41.68359375,41.54296875,0,0,0,0.0,0,8,5400,training
1754995405.729898,10635,10635,0.041622161865234375,358.453125,0.08045578002929688,9.728K,0.025420188903808594,0,3,0,0,41.68359375,41.54296875,0,0,0,0.0,0,8,5500,training
1754995405.7782269,10635,10635,0.041622161865234375,358.453125,0.08045578002929688,9.728K,0.02611398696899414,0,3,0,0,41.68359375,41.54296875,0,0,0,0.0,0,8,5600,training
1754995405.8308742,10635,10635,0.041622161865234375,358.453125,0.08045578002929688,9.728K,0.025644302368164062,0,3,0,0,41.68359375,41.54296875,0,0,0,0.0,0,8,5700,training
1754995405.87961,10635,10635,0.041622161865234375,358.453125,0.08045578002929688,9.728K,0.02544879913330078,0,3,0,0,41.68359375,41.54296875,0,0,0,0.0,0,8,5800,training
1754995405.928065,10635,10635,0.041622161865234375,358.453125,0.08045578002929688,9.728K,0.025496482849121094,0,3,0,0,41.68359375,41.54296875,0,0,0,0.0,0,8,5900,training
1754995405.976562,10635,10635,0.041622161865234375,358.453125,0.08045578002929688,9.728K,0.025548934936523438,0,3,0,0,41.68359375,41.54296875,0,0,0,0.0,0,8,6000,training
1754995406.025093,10635,10635,0.041622161865234375,358.453125,0.08045578002929688,9.728K,0.02871990203857422,0,3,0,0,41.68359375,41.54296875,0,0,0,0.0,0,8,6100,training
1754995406.073344,10635,10635,0.041622161865234375,358.453125,0.08045578002929688,9.728K,0.028276443481445312,0,3,0,0,41.68359375,41.54296875,0,0,0,0.0,0,8,6200,training
1754995406.1218922,10635,10635,0.041622161865234375,358.453125,0.08045578002929688,9.728K,0.025377273559570312,0,3,0,0,41.68359375,41.54296875,0,0,0,0.0,0,8,6300,training
1754995406.170382,10635,10635,0.041622161865234375,358.453125,0.08045578002929688,9.728K,0.025408267974853516,0,3,0,0,41.68359375,41.54296875,0,0,0,0.0,0,8,6400,training
1754995406.2190201,10635,10635,0.041622161865234375,358.453125,0.08045578002929688,9.728K,0.025703907012939453,0,3,0,0,41.68359375,41.54296875,0,0,0,0.0,0,8,6500,training
1754995406.267884,10635,10635,0.041622161865234375,358.453125,0.08045578002929688,9.728K,0.025570392608642578,0,3,0,0,41.68359375,41.54296875,0,0,0,0.0,0,8,6600,training
1754995406.316041,10635,10635,0.041622161865234375,358.453125,0.08045578002929688,9.728K,0.025250911712646484,0,3,0,0,41.68359375,41.54296875,0,0,0,0.0,0,8,6700,training
1754995406.364661,10635,10635,0.041622161865234375,358.453125,0.08045578002929688,9.728K,0.02552032470703125,0,3,0,0,41.68359375,41.54296875,0,0,0,0.0,0,8,6800,training
1754995406.413656,10635,10635,0.041622161865234375,358.453125,0.08045578002929688,9.728K,0.025627613067626953,0,3,0,0,41.68359375,41.54296875,0,0,0,0.0,0,8,6900,training
1754995406.462125,10635,10635,0.041622161865234375,358.453125,0.08045578002929688,9.728K,0.025327205657958984,0,3,0,0,41.68359375,41.54296875,0,0,0,0.0,0,8,7000,training
1754995406.509939,10635,10635,0.041622161865234375,358.453125,0.08045578002929688,9.728K,0.02561330795288086,0,3,0,0,41.68359375,41.54296875,0,0,0,0.0,0,8,7100,training
1754995406.557832,10635,10635,0.041622161865234375,358.453125,0.08045578002929688,9.728K,0.028693675994873047,0,3,0,0,41.68359375,41.54296875,0,0,0,0.0,0,8,7200,training
1754995406.6068008,10635,10635,0.041622161865234375,358.453125,0.08045578002929688,9.728K,0.028455257415771484,0,3,0,0,41.68359375,41.54296875,0,0,0,0.0,0,8,7300,training
1754995406.655195,10635,10635,0.041622161865234375,358.453125,0.08045578002929688,9.728K,0.025627613067626953,0,3,0,0,41.68359375,41.54296875,0,0,0,0.0,0,8,7400,training
1754995406.703177,10635,10635,0.041622161865234375,358.453125,0.08045578002929688,9.728K,0.025813579559326172,0,3,0,0,41.68359375,41.54296875,0,0,0,0.0,0,8,7500,training
1754995406.751272,10635,10635,0.041622161865234375,358.453125,0.08045578002929688,9.728K,0.025186538696289062,0,3,0,0,41.68359375,41.54296875,0,0,0,0.0,0,8,7600,training
1754995406.7994418,10635,10635,0.041622161865234375,358.453125,0.08045578002929688,9.728K,0.02538442611694336,0,3,0,0,41.68359375,41.54296875,0,0,0,0.0,0,8,7700,training
1754995406.848164,10635,10635,0.041622161865234375,358.453125,0.08045578002929688,9.728K,0.025272369384765625,0,3,0,0,41.68359375,41.54296875,0,0,0,0.0,0,8,7800,training
1754995406.896435,10635,10635,0.041622161865234375,358.453125,0.08045578002929688,9.728K,0.025646686553955078,0,3,0,0,41.68359375,41.54296875,0,0,0,0.0,0,8,7900,training
1754995406.944652,10635,10635,0.041622161865234375,358.453125,0.08045578002929688,9.728K,0.02546072006225586,0,3,0,0,41.68359375,41.54296875,0,0,0,0.0,0,8,8000,training
1754995406.992509,10635,10635,0.041622161865234375,358.453125,0.08045578002929688,9.728K,0.027949810028076172,0,3,0,0,41.68359375,41.54296875,0,0,0,0.0,0,8,8100,training
1754995407.041418,10635,10635,0.041622161865234375,358.453125,0.08045578002929688,9.728K,0.02883434295654297,0,3,0,0,41.68359375,41.54296875,0,0,0,0.0,0,8,8200,training
1754995407.090003,10635,10635,0.041622161865234375,358.484375,0.08045578002929688,9.728K,0.02908945083618164,0,3,0,0,41.68359375,41.54296875,0,0,0,0.0,0,8,8300,training
1754995407.1384552,10635,10635,0.041622161865234375,358.484375,0.08045578002929688,9.728K,0.025200843811035156,0,3,0,0,41.68359375,41.54296875,0,0,0,0.0,0,8,8400,training
1754995407.1873322,10635,10635,0.041622161865234375,358.484375,0.08045578002929688,9.728K,0.025599002838134766,0,3,0,0,41.68359375,41.54296875,0,0,0,0.0,0,8,8500,training
1754995407.235942,10635,10635,0.041622161865234375,358.484375,0.08045578002929688,9.728K,0.02567291259765625,0,3,0,0,41.68359375,41.54296875,0,0,0,0.0,0,8,8600,training
1754995407.2844748,10635,10635,0.041622161865234375,358.484375,0.08045578002929688,9.728K,0.025556087493896484,0,3,0,0,41.68359375,41.54296875,0,0,0,0.0,0,8,8700,training
1754995407.33251,10635,10635,0.041622161865234375,358.484375,0.08045578002929688,9.728K,0.02527475357055664,0,3,0,0,41.68359375,41.54296875,0,0,0,0.0,0,8,8800,training
1754995407.381421,10635,10635,0.041622161865234375,358.484375,0.08045578002929688,9.728K,0.025737285614013672,0,3,0,0,41.68359375,41.54296875,0,0,0,0.0,0,8,8900,training
1754995407.429997,10635,10635,0.041622161865234375,358.484375,0.08045578002929688,9.728K,0.025446414947509766,0,3,0,0,41.68359375,41.54296875,0,0,0,0.0,0,8,9000,training
1754995407.4780538,10635,10635,0.041622161865234375,358.484375,0.08045578002929688,9.728K,0.025532245635986328,0,3,0,0,41.68359375,41.54296875,0,0,0,0.0,0,8,9100,training
1754995407.5259242,10635,10635,0.041622161865234375,358.484375,0.08045578002929688,9.728K,0.02571582794189453,0,3,0,0,41.68359375,41.54296875,0,0,0,0.0,0,8,9200,training
1754995407.574362,10635,10635,0.041622161865234375,358.484375,0.08045578002929688,9.728K,0.02868175506591797,0,3,0,0,41.68359375,41.54296875,0,0,0,0.0,0,8,9300,training
1754995407.624188,10635,10635,0.041622161865234375,358.484375,0.08045578002929688,9.728K,0.03343820571899414,0,3,0,0,41.68359375,41.54296875,0,0,0,0.0,0,8,9400,training
1754995407.67296,10635,10635,0.041622161865234375,358.484375,0.08045578002929688,9.728K,0.027358531951904297,0,3,0,0,41.68359375,41.54296875,0,0,0,0.0,0,8,9500,training
1754995407.721073,10635,10635,0.041622161865234375,358.484375,0.08045578002929688,9.728K,0.025353431701660156,0,3,0,0,41.68359375,41.54296875,0,0,0,0.0,0,8,9600,training
1754995407.7696052,10635,10635,0.041622161865234375,358.53125,0.08045578002929688,9.728K,0.02589702606201172,0,3,0,0,41.68359375,41.54296875,0,0,0,0.0,0,8,9700,training
1754995407.818618,10635,10635,0.041622161865234375,358.53125,0.08045578002929688,9.728K,0.025610923767089844,0,3,0,0,41.68359375,41.54296875,0,0,0,0.0,0,8,9800,training
1754995407.867004,10635,10635,0.041622161865234375,358.53125,0.08045578002929688,9.728K,0.025532245635986328,0,3,0,0,41.68359375,41.54296875,0,0,0,0.0,0,8,9900,training
1754995407.915479,10635,10635,0.041622161865234375,358.53125,0.08045578002929688,9.728K,0.02567768096923828,0,3,0,0,41.68359375,41.54296875,0,0,0,0.0,0,8,10000,training
1754995407.963854,10635,10635,0.041622161865234375,358.53125,0.08045578002929688,9.728K,0.02563953399658203,0,3,0,0,41.68359375,41.54296875,0,0,0,0.0,0,8,10100,training
1754995408.012279,10635,10635,0.041622161865234375,358.53125,0.08045578002929688,9.728K,0.02544403076171875,0,3,0,0,41.68359375,41.54296875,0,0,0,0.0,0,8,10200,training
1754995408.061162,10635,10635,0.041622161865234375,358.53125,0.08045578002929688,9.728K,0.025644302368164062,0,3,0,0,41.68359375,41.54296875,0,0,0,0.0,0,8,10300,training
1754995408.109303,10635,10635,0.041622161865234375,358.53125,0.08045578002929688,9.728K,0.02584218978881836,0,3,0,0,41.68359375,41.54296875,0,0,0,0.0,0,8,10400,training
1754995408.1582599,10635,10635,0.041622161865234375,358.53125,0.08045578002929688,9.728K,0.02889394760131836,0,3,0,0,41.68359375,41.54296875,0,0,0,0.0,0,8,10500,training
1754995408.2065542,10635,10635,0.041622161865234375,358.53125,0.08045578002929688,9.728K,0.02820730209350586,0,3,0,0,41.68359375,41.54296875,0,0,0,0.0,0,8,10600,training
1754995408.255318,10635,10635,0.041622161865234375,358.53125,0.08045578002929688,9.728K,0.025379657745361328,0,3,0,0,41.68359375,41.54296875,0,0,0,0.0,0,8,10700,training
1754995408.304159,10635,10635,0.041622161865234375,358.53125,0.08045578002929688,9.728K,0.02536773681640625,0,3,0,0,41.68359375,41.54296875,0,0,0,0.0,0,8,10800,training
1754995408.352862,10635,10635,0.041622161865234375,358.53125,0.08045578002929688,9.728K,0.025510787963867188,0,3,0,0,41.68359375,41.54296875,0,0,0,0.0,0,8,10900,training
1754995408.401333,10635,10635,0.041622161865234375,358.53125,0.08045578002929688,9.728K,0.025494098663330078,0,3,0,0,41.68359375,41.54296875,0,0,0,0.0,0,8,11000,training
1754995408.449655,10635,10635,0.041622161865234375,358.53125,0.08045578002929688,9.728K,0.025451183319091797,0,3,0,0,41.68359375,41.54296875,0,0,0,0.0,0,8,11100,training
1754995408.498712,10635,10635,0.041622161865234375,358.53125,0.08045578002929688,9.728K,0.025479793548583984,0,3,0,0,41.68359375,41.54296875,0,0,0,0.0,0,8,11200,training
1754995408.546865,10635,10635,0.041622161865234375,358.5625,0.08045578002929688,9.728K,0.025646686553955078,0,3,0,0,41.68359375,41.54296875,0,0,0,0.0,0,8,11300,training
1754995408.59515,10635,10635,0.041622161865234375,358.5625,0.08045578002929688,9.728K,0.02582550048828125,0,3,0,0,41.68359375,41.54296875,0,0,0,0.0,0,8,11400,training
1754995408.64353,10635,10635,0.041622161865234375,358.5625,0.08045578002929688,9.728K,0.02556324005126953,0,3,0,0,41.68359375,41.54296875,0,0,0,0.0,0,8,11500,training
1754995408.691626,10635,10635,0.041622161865234375,358.5625,0.08045578002929688,9.728K,0.028896331787109375,0,3,0,0,41.68359375,41.54296875,0,0,0,0.0,0,8,11600,training
1754995408.740166,10635,10635,0.041622161865234375,358.5625,0.08045578002929688,9.728K,0.02822399139404297,0,3,0,0,41.68359375,41.54296875,0,0,0,0.0,0,8,11700,training
1754995408.788888,10635,10635,0.041622161865234375,358.5625,0.08045578002929688,9.728K,0.025119781494140625,0,3,0,0,41.68359375,41.54296875,0,0,0,0.0,0,8,11800,training
1754995408.837114,10635,10635,0.041622161865234375,358.5625,0.08045578002929688,9.728K,0.025560855865478516,0,3,0,0,41.68359375,41.54296875,0,0,0,0.0,0,8,11900,training
1754995408.8852658,10635,10635,0.041622161865234375,358.5625,0.08045578002929688,9.728K,0.025610923767089844,0,3,0,0,41.68359375,41.54296875,0,0,0,0.0,0,8,12000,training
1754995408.934218,10635,10635,0.041622161865234375,358.5625,0.08045578002929688,9.728K,0.02556324005126953,0,3,0,0,41.68359375,41.54296875,0,0,0,0.0,0,8,12100,training
1754995408.982647,10635,10635,0.041622161865234375,358.5625,0.08045578002929688,9.728K,0.025424957275390625,0,3,0,0,41.68359375,41.54296875,0,0,0,0.0,0,8,12200,training
1754995409.031154,10635,10635,0.041622161865234375,358.5625,0.08045578002929688,9.728K,0.025496482849121094,0,3,0,0,41.68359375,41.54296875,0,0,0,0.0,0,8,12300,training
1754995409.079523,10635,10635,0.041622161865234375,358.59375,0.08045578002929688,9.728K,0.025446414947509766,0,3,0,0,41.68359375,41.54296875,0,0,0,0.0,0,8,12400,training
1754995409.128011,10635,10635,0.041622161865234375,358.59375,0.08045578002929688,9.728K,0.025463104248046875,0,3,0,0,41.68359375,41.54296875,0,0,0,0.0,0,8,12500,training
1754995409.176237,10635,10635,0.041622161865234375,358.59375,0.08045578002929688,9.728K,0.02585887908935547,0,3,0,0,41.68359375,41.54296875,0,0,0,0.0,0,8,12600,training
1754995409.225333,10635,10635,0.041622161865234375,358.59375,0.08045578002929688,9.728K,0.029404163360595703,0,3,0,0,41.68359375,41.54296875,0,0,0,0.0,0,8,12700,training
1754995409.274195,10635,10635,0.041622161865234375,358.59375,0.08045578002929688,9.728K,0.02887248992919922,0,3,0,0,41.68359375,41.54296875,0,0,0,0.0,0,8,12800,training
1754995409.3227232,10635,10635,0.041622161865234375,358.59375,0.08045578002929688,9.728K,0.026938915252685547,0,3,0,0,41.68359375,41.54296875,0,0,0,0.0,0,8,12900,training
1754995409.3715699,10635,10635,0.041622161865234375,358.59375,0.08045578002929688,9.728K,0.025718212127685547,0,3,0,0,41.68359375,41.54296875,0,0,0,0.0,0,8,13000,training
1754995409.420485,10635,10635,0.041622161865234375,358.59375,0.08045578002929688,9.728K,0.025415420532226562,0,3,0,0,41.68359375,41.54296875,0,0,0,0.0,0,8,13100,training
1754995409.469513,10635,10635,0.041622161865234375,358.59375,0.08045578002929688,9.728K,0.02568960189819336,0,3,0,0,41.68359375,41.54296875,0,0,0,0.0,0,8,13200,training
1754995409.518002,10635,10635,0.041622161865234375,358.59375,0.08045578002929688,9.728K,0.025866031646728516,0,3,0,0,41.68359375,41.54296875,0,0,0,0.0,0,8,13300,training
1754995409.5666509,10635,10635,0.041622161865234375,358.59375,0.08045578002929688,9.728K,0.025320053100585938,0,3,0,0,41.68359375,41.54296875,0,0,0,0.0,0,8,13400,training
1754995409.6145742,10635,10635,0.041622161865234375,358.59375,0.08045578002929688,9.728K,0.025441646575927734,0,3,0,0,41.68359375,41.54296875,0,0,0,0.0,0,8,13500,training
1754995409.66306,10635,10635,0.041622161865234375,358.59375,0.08045578002929688,9.728K,0.025637149810791016,0,3,0,0,41.68359375,41.54296875,0,0,0,0.0,0,8,13600,training
1754995409.711521,10635,10635,0.041622161865234375,358.59375,0.08045578002929688,9.728K,0.025887489318847656,0,3,0,0,41.68359375,41.54296875,0,0,0,0.0,0,8,13700,training
1754995409.7603688,10635,10635,0.041622161865234375,358.59375,0.08045578002929688,9.728K,0.02549886703491211,0,3,0,0,41.68359375,41.54296875,0,0,0,0.0,0,8,13800,training
1754995409.80925,10635,10635,0.041622161865234375,358.59375,0.08045578002929688,9.728K,0.025684833526611328,0,3,0,0,41.68359375,41.54296875,0,0,0,0.0,0,8,13900,training
1754995409.857873,10635,10635,0.041622161865234375,358.59375,0.08045578002929688,9.728K,0.028698444366455078,0,3,0,0,41.68359375,41.54296875,0,0,0,0.0,0,8,14000,training
1754995409.906704,10635,10635,0.041622161865234375,358.59375,0.08045578002929688,9.728K,0.029041767120361328,0,3,0,0,41.68359375,41.54296875,0,0,0,0.0,0,8,14100,training
1754995409.955134,10635,10635,0.041622161865234375,358.59375,0.08045578002929688,9.728K,0.025413036346435547,0,3,0,0,41.68359375,41.54296875,0,0,0,0.0,0,8,14200,training
1754995410.003336,10635,10635,0.041622161865234375,358.59375,0.08045578002929688,9.728K,0.025343894958496094,0,3,0,0,41.68359375,41.54296875,0,0,0,0.0,0,8,14300,training
1754995410.0521631,10635,10635,0.041622161865234375,358.59375,0.08045578002929688,9.728K,0.025866031646728516,0,3,0,0,41.68359375,41.54296875,0,0,0,0.0,0,8,14400,training
1754995410.100579,10635,10635,0.041622161865234375,358.640625,0.08045578002929688,9.728K,0.025463104248046875,0,3,0,0,41.68359375,41.54296875,0,0,0,0.0,0,8,14500,training
1754995410.1493702,10635,10635,0.041622161865234375,358.640625,0.08045578002929688,9.728K,0.025365352630615234,0,3,0,0,41.68359375,41.54296875,0,0,0,0.0,0,8,14600,training
1754995410.197767,10635,10635,0.041622161865234375,358.640625,0.08045578002929688,9.728K,0.025894641876220703,0,3,0,0,41.68359375,41.54296875,0,0,0,0.0,0,8,14700,training
1754995410.246727,10635,10635,0.041622161865234375,358.640625,0.08045578002929688,9.728K,0.025634765625,0,3,0,0,41.68359375,41.54296875,0,0,0,0.0,0,8,14800,training
1754995410.2952168,10635,10635,0.041622161865234375,358.640625,0.08045578002929688,9.728K,0.02550363540649414,0,3,0,0,41.68359375,41.54296875,0,0,0,0.0,0,8,14900,training
1754995410.343404,10635,10635,0.041622161865234375,358.640625,0.08045578002929688,9.728K,0.025675296783447266,0,3,0,0,41.68359375,41.54296875,0,0,0,0.0,0,8,15000,training
1754995410.391901,10635,10635,0.041622161865234375,358.640625,0.08045578002929688,9.728K,0.02883434295654297,0,3,0,0,41.68359375,41.54296875,0,0,0,0.0,0,8,15100,training
1754995410.441333,10635,10635,0.041622161865234375,358.640625,0.08045578002929688,9.728K,0.02902984619140625,0,3,0,0,41.68359375,41.54296875,0,0,0,0.0,0,8,15200,training
1754995410.4902048,10635,10635,0.041622161865234375,358.640625,0.08045578002929688,9.728K,0.028507709503173828,0,3,0,0,41.68359375,41.54296875,0,0,0,0.0,0,8,15300,training
1754995410.5389671,10635,10635,0.041622161865234375,358.640625,0.08045578002929688,9.728K,0.025022029876708984,0,3,0,0,41.68359375,41.54296875,0,0,0,0.0,0,8,15400,training
1754995410.587716,10635,10635,0.041622161865234375,358.640625,0.08045578002929688,9.728K,0.02552509307861328,0,3,0,0,41.68359375,41.54296875,0,0,0,0.0,0,8,15500,training
1754995410.6364522,10635,10635,0.041622161865234375,358.640625,0.08045578002929688,9.728K,0.02580404281616211,0,3,0,0,41.68359375,41.54296875,0,0,0,0.0,0,8,15600,training
1754995410.6848152,10635,10635,0.041622161865234375,358.640625,0.08045578002929688,9.728K,0.025513172149658203,0,3,0,0,41.68359375,41.54296875,0,0,0,0.0,0,8,15700,training
1754995410.733474,10635,10635,0.041622161865234375,358.640625,0.08045578002929688,9.728K,0.02525806427001953,0,3,0,0,41.68359375,41.54296875,0,0,0,0.0,0,8,15800,training
1754995410.7816598,10635,10635,0.041622161865234375,358.640625,0.08045578002929688,9.728K,0.025339126586914062,0,3,0,0,41.68359375,41.54296875,0,0,0,0.0,0,8,15900,training
1754995410.834368,10635,10635,0.041622161865234375,358.640625,0.08045578002929688,9.728K,0.02566814422607422,0,3,0,0,41.68359375,41.54296875,0,0,0,0.0,0,8,16000,training
1754995410.8831098,10635,10635,0.041622161865234375,358.640625,0.08045578002929688,9.728K,0.025398731231689453,0,3,0,0,41.68359375,41.54296875,0,0,0,0.0,0,8,16100,training
1754995410.931484,10635,10635,0.041622161865234375,358.640625,0.08045578002929688,9.728K,0.025436878204345703,0,3,0,0,41.68359375,41.54296875,0,0,0,0.0,0,8,16200,training
1754995410.980341,10635,10635,0.041622161865234375,358.640625,0.08045578002929688,9.728K,0.025510787963867188,0,3,0,0,41.68359375,41.54296875,0,0,0,0.0,0,8,16300,training
1754995411.028291,10635,10635,0.041622161865234375,358.640625,0.08045578002929688,9.728K,0.02588510513305664,0,3,0,0,41.68359375,41.54296875,0,0,0,0.0,0,8,16400,training
1754995411.076877,10635,10635,0.041622161865234375,358.640625,0.08045578002929688,9.728K,0.025496482849121094,0,3,0,0,41.68359375,41.54296875,0,0,0,0.0,0,8,16500,training
1754995411.125392,10635,10635,0.041622161865234375,358.640625,0.08045578002929688,9.728K,0.02577066421508789,0,3,0,0,41.68359375,41.54296875,0,0,0,0.0,0,8,16600,training
1754995411.174429,10635,10635,0.041622161865234375,358.65625,0.08045578002929688,9.728K,0.028977394104003906,0,3,0,0,41.68359375,41.54296875,0,0,0,0.0,0,8,16700,training
1754995411.222833,10635,10635,0.041622161865234375,358.65625,0.08045578002929688,9.728K,0.027134418487548828,0,3,0,0,41.68359375,41.54296875,0,0,0,0.0,0,8,16800,training
1754995411.271737,10635,10635,0.041622161865234375,358.65625,0.08045578002929688,9.728K,0.02734661102294922,0,3,0,0,41.68359375,41.54296875,0,0,0,0.0,0,8,16900,training
1754995411.320631,10635,10635,0.041622161865234375,358.65625,0.08045578002929688,9.728K,0.025494098663330078,0,3,0,0,41.68359375,41.54296875,0,0,0,0.0,0,8,17000,training
1754995411.3685272,10635,10635,0.041622161865234375,358.65625,0.08045578002929688,9.728K,0.025589466094970703,0,3,0,0,41.68359375,41.54296875,0,0,0,0.0,0,8,17100,training
1754995411.416916,10635,10635,0.041622161865234375,358.65625,0.08045578002929688,9.728K,0.025801658630371094,0,3,0,0,41.68359375,41.54296875,0,0,0,0.0,0,8,17200,training
1754995411.466073,10635,10635,0.041622161865234375,358.6875,0.08045578002929688,9.728K,0.025589466094970703,0,3,0,0,41.68359375,41.54296875,0,0,0,0.0,0,8,17300,training
1754995411.514863,10635,10635,0.041622161865234375,358.71875,0.08045578002929688,9.728K,0.025267601013183594,0,3,0,0,41.68359375,41.54296875,0,0,0,0.0,0,8,17400,training
1754995411.5634902,10635,10635,0.041622161865234375,358.71875,0.08045578002929688,9.728K,0.025441646575927734,0,3,0,0,41.68359375,41.54296875,0,0,0,0.0,0,8,17500,training
1754995411.6121101,10635,10635,0.041622161865234375,358.71875,0.08045578002929688,9.728K,0.025780200958251953,0,3,0,0,41.68359375,41.54296875,0,0,0,0.0,0,8,17600,training
1754995411.660743,10635,10635,0.041622161865234375,358.71875,0.08045578002929688,9.728K,0.025641918182373047,0,3,0,0,41.68359375,41.54296875,0,0,0,0.0,0,8,17700,training
1754995411.709086,10635,10635,0.041622161865234375,358.71875,0.08045578002929688,9.728K,0.026733875274658203,0,3,0,0,41.68359375,41.54296875,0,0,0,0.0,0,8,17800,training
1754995411.757899,10635,10635,0.041622161865234375,358.71875,0.08045578002929688,9.728K,0.029191970825195312,0,3,0,0,41.68359375,41.54296875,0,0,0,0.0,0,8,17900,training
1754995411.8060942,10635,10635,0.041622161865234375,358.71875,0.08045578002929688,9.728K,0.0267791748046875,0,3,0,0,41.68359375,41.54296875,0,0,0,0.0,0,8,18000,training
1754995411.8542762,10635,10635,0.041622161865234375,358.71875,0.08045578002929688,9.728K,0.02535104751586914,0,3,0,0,41.68359375,41.54296875,0,0,0,0.0,0,8,18100,training
1754995411.9033039,10635,10635,0.041622161865234375,358.71875,0.08045578002929688,9.728K,0.025489330291748047,0,3,0,0,41.68359375,41.54296875,0,0,0,0.0,0,8,18200,training
1754995411.951919,10635,10635,0.041622161865234375,358.71875,0.08045578002929688,9.728K,0.026025772094726562,0,3,0,0,41.68359375,41.54296875,0,0,0,0.0,0,8,18300,training
1754995412.000659,10635,10635,0.041622161865234375,358.71875,0.08045578002929688,9.728K,0.025653839111328125,0,3,0,0,41.68359375,41.54296875,0,0,0,0.0,0,8,18400,training
1754995412.049054,10635,10635,0.041622161865234375,358.71875,0.08045578002929688,9.728K,0.025327205657958984,0,3,0,0,41.68359375,41.54296875,0,0,0,0.0,0,8,18500,training
1754995412.097472,10635,10635,0.041622161865234375,358.71875,0.08045578002929688,9.728K,0.025608539581298828,0,3,0,0,41.68359375,41.54296875,0,0,0,0.0,0,8,18600,training
1754995412.1457121,10635,10635,0.041622161865234375,358.71875,0.08045578002929688,9.728K,0.025615692138671875,0,3,0,0,41.68359375,41.54296875,0,0,0,0.0,0,8,18700,training
1754995412.194269,10635,10635,0.041622161865234375,358.734375,0.08045578002929688,9.728K,0.02554178237915039,0,3,0,0,41.68359375,41.54296875,0,0,0,0.0,0,8,18800,training
1754995412.2423859,10635,10635,0.041622161865234375,358.734375,0.08045578002929688,9.728K,0.025701522827148438,0,3,0,0,41.68359375,41.54296875,0,0,0,0.0,0,8,18900,training
1754995412.290953,10635,10635,0.041622161865234375,358.734375,0.08045578002929688,9.728K,0.029158592224121094,0,3,0,0,41.68359375,41.54296875,0,0,0,0.0,0,8,19000,training
1754995412.3394759,10635,10635,0.041622161865234375,358.734375,0.08045578002929688,9.728K,0.027065277099609375,0,3,0,0,41.68359375,41.54296875,0,0,0,0.0,0,8,19100,training
1754995412.388038,10635,10635,0.041622161865234375,358.734375,0.08045578002929688,9.728K,0.025370121002197266,0,3,0,0,41.68359375,41.54296875,0,0,0,0.0,0,8,19200,training
1754995412.437025,10635,10635,0.041622161865234375,358.734375,0.08045578002929688,9.728K,0.025701522827148438,0,3,0,0,41.68359375,41.54296875,0,0,0,0.0,0,8,19300,training
1754995412.4861262,10635,10635,0.041622161865234375,358.734375,0.08045578002929688,9.728K,0.025813579559326172,0,3,0,0,41.68359375,41.54296875,0,0,0,0.0,0,8,19400,training
1754995412.534838,10635,10635,0.041622161865234375,358.734375,0.08045578002929688,9.728K,0.025742053985595703,0,3,0,0,41.68359375,41.54296875,0,0,0,0.0,0,8,19500,training
1754995412.5830579,10635,10635,0.041622161865234375,358.734375,0.08045578002929688,9.728K,0.0254058837890625,0,3,0,0,41.68359375,41.54296875,0,0,0,0.0,0,8,19600,training
1754995412.6317499,10635,10635,0.041622161865234375,358.734375,0.08045578002929688,9.728K,0.025653839111328125,0,3,0,0,41.68359375,41.54296875,0,0,0,0.0,0,8,19700,training
1754995412.680346,10635,10635,0.041622161865234375,358.734375,0.08045578002929688,9.728K,0.025620460510253906,0,3,0,0,41.68359375,41.54296875,0,0,0,0.0,0,8,19800,training
1754995412.728523,10635,10635,0.041622161865234375,358.734375,0.08045578002929688,9.728K,0.025527477264404297,0,3,0,0,41.68359375,41.54296875,0,0,0,0.0,0,8,19900,training
1754995412.777946,10635,10635,0.041622161865234375,358.734375,0.08045578002929688,9.728K,0.02605438232421875,0,3,0,0,41.68359375,41.54296875,0,0,0,0.0,0,8,20000,training
1754995412.825512,10635,10635,0.041622161865234375,358.734375,0.08045578002929688,9.728K,0.0274658203125,0,3,0,0,41.68359375,41.54296875,0,0,0,0.0,0,8,20100,training
1754995412.874342,10635,10635,0.041622161865234375,358.734375,0.08045578002929688,9.728K,0.028793811798095703,0,3,0,0,41.68359375,41.54296875,0,0,0,0.0,0,8,20200,training
1754995412.923064,10635,10635,0.041622161865234375,358.734375,0.08045578002929688,9.728K,0.027935504913330078,0,3,0,0,41.68359375,41.54296875,0,0,0,0.0,0,8,20300,training
1754995412.971831,10635,10635,0.041622161865234375,358.734375,0.08045578002929688,9.728K,0.025413036346435547,0,3,0,0,41.68359375,41.54296875,0,0,0,0.0,0,8,20400,training
1754995413.020308,10635,10635,0.041622161865234375,358.734375,0.08045578002929688,9.728K,0.025508403778076172,0,3,0,0,41.68359375,41.54296875,0,0,0,0.0,0,8,20500,training
1754995413.069182,10635,10635,0.041622161865234375,358.734375,0.08045578002929688,9.728K,0.025777816772460938,0,3,0,0,41.68359375,41.54296875,0,0,0,0.0,0,8,20600,training
1754995413.117662,10635,10635,0.041622161865234375,358.734375,0.08045578002929688,9.728K,0.025434494018554688,0,3,0,0,41.68359375,41.54296875,0,0,0,0.0,0,8,20700,training
1754995413.166763,10635,10635,0.041622161865234375,358.734375,0.08045578002929688,9.728K,0.025327205657958984,0,3,0,0,41.68359375,41.54296875,0,0,0,0.0,0,8,20800,training
1754995413.215181,10635,10635,0.041622161865234375,358.734375,0.08045578002929688,9.728K,0.02519845962524414,0,3,0,0,41.68359375,41.54296875,0,0,0,0.0,0,8,20900,training
1754995413.263963,10635,10635,0.041622161865234375,358.734375,0.08045578002929688,9.728K,0.025467872619628906,0,3,0,0,41.68359375,41.54296875,0,0,0,0.0,0,8,21000,training
1754995413.312945,10635,10635,0.041622161865234375,358.734375,0.08045578002929688,9.728K,0.025222301483154297,0,3,0,0,41.68359375,41.54296875,0,0,0,0.0,0,8,21100,training
1754995413.3616588,10635,10635,0.041622161865234375,358.765625,0.08045578002929688,9.728K,0.025587081909179688,0,3,0,0,41.68359375,41.54296875,0,0,0,0.0,0,8,21200,training
1754995413.4102569,10635,10635,0.041622161865234375,358.765625,0.08045578002929688,9.728K,0.025594234466552734,0,3,0,0,41.68359375,41.54296875,0,0,0,0.0,0,8,21300,training
1754995413.4595351,10635,10635,0.041622161865234375,358.765625,0.08045578002929688,9.728K,0.025532245635986328,0,3,0,0,41.68359375,41.54296875,0,0,0,0.0,0,8,21400,training
1754995413.508075,10635,10635,0.041622161865234375,358.765625,0.08045578002929688,9.728K,0.029079914093017578,0,3,0,0,41.68359375,41.54296875,0,0,0,0.0,0,8,21500,training
1754995413.5566862,10635,10635,0.041622161865234375,358.765625,0.08045578002929688,9.728K,0.028445720672607422,0,3,0,0,41.68359375,41.54296875,0,0,0,0.0,0,8,21600,training
1754995413.60516,10635,10635,0.041622161865234375,358.765625,0.08045578002929688,9.728K,0.02513408660888672,0,3,0,0,41.68359375,41.54296875,0,0,0,0.0,0,8,21700,training
1754995413.653342,10635,10635,0.041622161865234375,358.765625,0.08045578002929688,9.728K,0.025475025177001953,0,3,0,0,41.68359375,41.54296875,0,0,0,0.0,0,8,21800,training
1754995413.702057,10635,10635,0.041622161865234375,358.765625,0.08045578002929688,9.728K,0.02585887908935547,0,3,0,0,41.68359375,41.54296875,0,0,0,0.0,0,8,21900,training
1754995413.7501178,10635,10635,0.041622161865234375,358.765625,0.08045578002929688,9.728K,0.02521038055419922,0,3,0,0,41.68359375,41.54296875,0,0,0,0.0,0,8,22000,training
1754995413.798497,10635,10635,0.041622161865234375,358.765625,0.08045578002929688,9.728K,0.025343894958496094,0,3,0,0,41.68359375,41.54296875,0,0,0,0.0,0,8,22100,training
1754995413.846603,10635,10635,0.041622161865234375,358.765625,0.08045578002929688,9.728K,0.025587081909179688,0,3,0,0,41.68359375,41.54296875,0,0,0,0.0,0,8,22200,training
1754995413.895215,10635,10635,0.041622161865234375,358.765625,0.08045578002929688,9.728K,0.025615692138671875,0,3,0,0,41.68359375,41.54296875,0,0,0,0.0,0,8,22300,training
1754995413.944055,10635,10635,0.041622161865234375,358.765625,0.08045578002929688,9.728K,0.02768993377685547,0,3,0,0,41.68359375,41.54296875,0,0,0,0.0,0,8,22400,training
1754995413.99281,10635,10635,0.041622161865234375,358.765625,0.08045578002929688,9.728K,0.025777816772460938,0,3,0,0,41.68359375,41.54296875,0,0,0,0.0,0,8,22500,training
1754995414.041412,10635,10635,0.041622161865234375,358.765625,0.08045578002929688,9.728K,0.029036998748779297,0,3,0,0,41.68359375,41.54296875,0,0,0,0.0,0,8,22600,training
1754995414.090462,10635,10635,0.041622161865234375,358.765625,0.08045578002929688,9.728K,0.029075145721435547,0,3,0,0,41.68359375,41.54296875,0,0,0,0.0,0,8,22700,training
1754995414.1394439,10635,10635,0.041622161865234375,358.765625,0.08045578002929688,9.728K,0.027339458465576172,0,3,0,0,41.68359375,41.54296875,0,0,0,0.0,0,8,22800,training
1754995414.187847,10635,10635,0.041622161865234375,358.765625,0.08045578002929688,9.728K,0.025303363800048828,0,3,0,0,41.68359375,41.54296875,0,0,0,0.0,0,8,22900,training
1754995414.2366168,10635,10635,0.041622161865234375,358.765625,0.08045578002929688,9.728K,0.025832653045654297,0,3,0,0,41.68359375,41.54296875,0,0,0,0.0,0,8,23000,training
1754995414.285606,10635,10635,0.041622161865234375,358.765625,0.08045578002929688,9.728K,0.025691986083984375,0,3,0,0,41.68359375,41.54296875,0,0,0,0.0,0,8,23100,training
1754995414.334251,10635,10635,0.041622161865234375,358.765625,0.08045578002929688,9.728K,0.025455951690673828,0,3,0,0,41.68359375,41.54296875,0,0,0,0.0,0,8,23200,training
1754995414.383018,10635,10635,0.041622161865234375,358.765625,0.08045578002929688,9.728K,0.025265216827392578,0,3,0,0,41.68359375,41.54296875,0,0,0,0.0,0,8,23300,training
1754995414.431469,10635,10635,0.041622161865234375,358.765625,0.08045578002929688,9.728K,0.025849342346191406,0,3,0,0,41.68359375,41.54296875,0,0,0,0.0,0,8,23400,training
1754995414.480166,10635,10635,0.041622161865234375,358.765625,0.08045578002929688,9.728K,0.025470256805419922,0,3,0,0,41.68359375,41.54296875,0,0,0,0.0,0,8,23500,training
1754995414.528573,10635,10635,0.041622161865234375,358.78125,0.08045578002929688,9.728K,0.02551555633544922,0,3,0,0,41.68359375,41.54296875,0,0,0,0.0,0,8,23600,training
1754995414.577375,10635,10635,0.041622161865234375,358.859375,0.08045578002929688,9.728K,0.025570392608642578,0,3,0,0,41.68359375,41.54296875,0,0,0,0.0,0,8,23700,training
1754995414.625546,10635,10635,0.041622161865234375,358.859375,0.08045578002929688,9.728K,0.026013851165771484,0,3,0,0,41.68359375,41.54296875,0,0,0,0.0,0,8,23800,training
1754995414.6742551,10635,10635,0.041622161865234375,358.859375,0.08045578002929688,9.728K,0.028579235076904297,0,3,0,0,41.68359375,41.54296875,0,0,0,0.0,0,8,23900,training
1754995414.722637,10635,10635,0.041622161865234375,358.859375,0.08045578002929688,9.728K,0.026750564575195312,0,3,0,0,41.68359375,41.54296875,0,0,0,0.0,0,8,24000,training
1754995414.771403,10635,10635,0.041622161865234375,358.859375,0.08045578002929688,9.728K,0.02528667449951172,0,3,0,0,41.68359375,41.54296875,0,0,0,0.0,0,8,24100,training
1754995414.8193521,10635,10635,0.041622161865234375,358.859375,0.08045578002929688,9.728K,0.025572776794433594,0,3,0,0,41.68359375,41.54296875,0,0,0,0.0,0,8,24200,training
1754995414.8683589,10635,10635,0.041622161865234375,358.859375,0.08045578002929688,9.728K,0.02593994140625,0,3,0,0,41.68359375,41.54296875,0,0,0,0.0,0,8,24300,training
1754995414.917158,10635,10635,0.041622161865234375,358.859375,0.08045578002929688,9.728K,0.025637149810791016,0,3,0,0,41.68359375,41.54296875,0,0,0,0.0,0,8,24400,training
1754995414.96578,10635,10635,0.041622161865234375,358.875,0.08045578002929688,9.728K,0.025277137756347656,0,3,0,0,41.68359375,41.54296875,0,0,0,0.0,0,8,24500,training
1754995415.014799,10635,10635,0.041622161865234375,358.90625,0.08045578002929688,9.728K,0.02544879913330078,0,3,0,0,41.68359375,41.54296875,0,0,0,0.0,0,8,24600,training
1754995415.063251,10635,10635,0.041622161865234375,358.90625,0.08045578002929688,9.728K,0.02537250518798828,0,3,0,0,41.68359375,41.54296875,0,0,0,0.0,0,8,24700,training
1754995415.111586,10635,10635,0.041622161865234375,358.90625,0.08045578002929688,9.728K,0.025606155395507812,0,3,0,0,41.68359375,41.54296875,0,0,0,0.0,0,8,24800,training
1754995415.15961,10635,10635,0.041622161865234375,358.90625,0.08045578002929688,9.728K,0.02548694610595703,0,3,0,0,41.68359375,41.54296875,0,0,0,0.0,0,8,24900,training
1754995415.2079759,10635,10635,0.041622161865234375,358.90625,0.08045578002929688,9.728K,0.029201507568359375,0,3,0,0,41.68359375,41.54296875,0,0,0,0.0,0,8,25000,training
1754995415.2565892,10635,10635,0.041622161865234375,358.90625,0.08045578002929688,9.728K,0.028789043426513672,0,3,0,0,41.68359375,41.54296875,0,0,0,0.0,0,8,25100,training
1754995415.3055959,10635,10635,0.041622161865234375,358.90625,0.08045578002929688,9.728K,0.02668142318725586,0,3,0,0,41.68359375,41.54296875,0,0,0,0.0,0,8,25200,training
1754995415.354125,10635,10635,0.041622161865234375,358.90625,0.08045578002929688,9.728K,0.025165081024169922,0,3,0,0,41.68359375,41.54296875,0,0,0,0.0,0,8,25300,training
1754995415.4027689,10635,10635,0.041622161865234375,358.90625,0.08045578002929688,9.728K,0.025844573974609375,0,3,0,0,41.68359375,41.54296875,0,0,0,0.0,0,8,25400,training
1754995415.451245,10635,10635,0.041622161865234375,358.90625,0.08045578002929688,9.728K,0.025777816772460938,0,3,0,0,41.68359375,41.54296875,0,0,0,0.0,0,8,25500,training
1754995415.4994738,10635,10635,0.041622161865234375,358.90625,0.08045578002929688,9.728K,0.02530813217163086,0,3,0,0,41.68359375,41.54296875,0,0,0,0.0,0,8,25600,training
1754995415.5480142,10635,10635,0.041622161865234375,358.90625,0.08045578002929688,9.728K,0.02532958984375,0,3,0,0,41.68359375,41.54296875,0,0,0,0.0,0,8,25700,training
1754995415.596791,10635,10635,0.041622161865234375,358.90625,0.08045578002929688,9.728K,0.02536773681640625,0,3,0,0,41.68359375,41.54296875,0,0,0,0.0,0,8,25800,training
1754995415.645226,10635,10635,0.041622161865234375,358.90625,0.08045578002929688,9.728K,0.025739669799804688,0,3,0,0,41.68359375,41.54296875,0,0,0,0.0,0,8,25900,training
1754995415.6938062,10635,10635,0.041622161865234375,358.90625,0.08045578002929688,9.728K,0.02555370330810547,0,3,0,0,41.68359375,41.54296875,0,0,0,0.0,0,8,26000,training
1754995415.741947,10635,10635,0.041622161865234375,358.90625,0.08045578002929688,9.728K,0.027878284454345703,0,3,0,0,41.68359375,41.54296875,0,0,0,0.0,0,8,26100,training
1754995415.790584,10635,10635,0.041622161865234375,358.90625,0.08045578002929688,9.728K,0.031790733337402344,0,3,0,0,41.68359375,41.54296875,0,0,0,0.0,0,8,26200,training
1754995415.844312,10635,10635,0.041622161865234375,358.90625,0.08045578002929688,9.728K,0.02622365951538086,0,3,0,0,41.68359375,41.54296875,0,0,0,0.0,0,8,26300,training
1754995415.8928761,10635,10635,0.041622161865234375,358.90625,0.08045578002929688,9.728K,0.025398731231689453,0,3,0,0,41.68359375,41.54296875,0,0,0,0.0,0,8,26400,training
1754995415.9411001,10635,10635,0.041622161865234375,358.90625,0.08045578002929688,9.728K,0.029256343841552734,0,3,0,0,41.68359375,41.54296875,0,0,0,0.0,0,8,26500,training
1754995415.989492,10635,10635,0.041622161865234375,358.9375,0.08045578002929688,9.728K,0.028142929077148438,0,3,0,0,41.68359375,41.54296875,0,0,0,0.0,0,8,26600,training
1754995416.038249,10635,10635,0.041622161865234375,358.9375,0.08045578002929688,9.728K,0.02533435821533203,0,3,0,0,41.68359375,41.54296875,0,0,0,0.0,0,8,26700,training
1754995416.086813,10635,10635,0.041622161865234375,358.9375,0.08045578002929688,9.728K,0.025267601013183594,0,3,0,0,41.68359375,41.54296875,0,0,0,0.0,0,8,26800,training
1754995416.1353118,10635,10635,0.041622161865234375,358.9375,0.08045578002929688,9.728K,0.025568008422851562,0,3,0,0,41.68359375,41.54296875,0,0,0,0.0,0,8,26900,training
1754995416.1838999,10635,10635,0.041622161865234375,358.9375,0.08045578002929688,9.728K,0.025112628936767578,0,3,0,0,41.68359375,41.54296875,0,0,0,0.0,0,8,27000,training
1754995416.2329311,10635,10635,0.041622161865234375,358.9375,0.08045578002929688,9.728K,0.025177001953125,0,3,0,0,41.68359375,41.54296875,0,0,0,0.0,0,8,27100,training
1754995416.281912,10635,10635,0.041622161865234375,358.9375,0.08045578002929688,9.728K,0.025115013122558594,0,3,0,0,41.68359375,41.54296875,0,0,0,0.0,0,8,27200,training
1754995416.33043,10635,10635,0.041622161865234375,358.9375,0.08045578002929688,9.728K,0.025432109832763672,0,3,0,0,41.68359375,41.54296875,0,0,0,0.0,0,8,27300,training
1754995416.3790169,10635,10635,0.041622161865234375,358.9375,0.08045578002929688,9.728K,0.025217533111572266,0,3,0,0,41.68359375,41.54296875,0,0,0,0.0,0,8,27400,training
1754995416.427658,10635,10635,0.041622161865234375,358.9375,0.08045578002929688,9.728K,0.02574443817138672,0,3,0,0,41.68359375,41.54296875,0,0,0,0.0,0,8,27500,training
1754995416.4755661,10635,10635,0.041622161865234375,358.9375,0.08045578002929688,9.728K,0.028111934661865234,0,3,0,0,41.68359375,41.54296875,0,0,0,0.0,0,8,27600,training
1754995416.524501,10635,10635,0.041622161865234375,358.9375,0.08045578002929688,9.728K,0.029439926147460938,0,3,0,0,41.68359375,41.54296875,0,0,0,0.0,0,8,27700,training
1754995416.573329,10635,10635,0.041622161865234375,358.9375,0.08045578002929688,9.728K,0.028522014617919922,0,3,0,0,41.68359375,41.54296875,0,0,0,0.0,0,8,27800,training
1754995416.6214,10635,10635,0.041622161865234375,358.9375,0.08045578002929688,9.728K,0.025033950805664062,0,3,0,0,41.68359375,41.54296875,0,0,0,0.0,0,8,27900,training
1754995416.669784,10635,10635,0.041622161865234375,358.9375,0.08045578002929688,9.728K,0.02582550048828125,0,3,0,0,41.68359375,41.54296875,0,0,0,0.0,0,8,28000,training
1754995416.718733,10635,10635,0.041622161865234375,358.9375,0.08045578002929688,9.728K,0.02559185028076172,0,3,0,0,41.68359375,41.54296875,0,0,0,0.0,0,8,28100,training
1754995416.766847,10635,10635,0.041622161865234375,358.9375,0.08045578002929688,9.728K,0.025455951690673828,0,3,0,0,41.68359375,41.54296875,0,0,0,0.0,0,8,28200,training
1754995416.815115,10635,10635,0.041622161865234375,358.9375,0.08045578002929688,9.728K,0.025599002838134766,0,3,0,0,41.68359375,41.54296875,0,0,0,0.0,0,8,28300,training
1754995416.863044,10635,10635,0.041622161865234375,358.9375,0.08045578002929688,9.728K,0.025646686553955078,0,3,0,0,41.68359375,41.54296875,0,0,0,0.0,0,8,28400,training
1754995416.911196,10635,10635,0.041622161865234375,358.953125,0.08045578002929688,9.728K,0.02582550048828125,0,3,0,0,41.68359375,41.54296875,0,0,0,0.0,0,8,28500,training
1754995416.959656,10635,10635,0.041622161865234375,358.953125,0.08045578002929688,9.728K,0.025653839111328125,0,3,0,0,41.68359375,41.54296875,0,0,0,0.0,0,8,28600,training
1754995417.0083442,10635,10635,0.041622161865234375,358.953125,0.08045578002929688,9.728K,0.029041767120361328,0,3,0,0,41.68359375,41.54296875,0,0,0,0.0,0,8,28700,training
1754995417.057377,10635,10635,0.041622161865234375,358.953125,0.08045578002929688,9.728K,0.028743743896484375,0,3,0,0,41.68359375,41.54296875,0,0,0,0.0,0,8,28800,training
1754995417.106323,10635,10635,0.041622161865234375,358.953125,0.08045578002929688,9.728K,0.028498172760009766,0,3,0,0,41.68359375,41.54296875,0,0,0,0.0,0,8,28900,training
1754995417.155605,10635,10635,0.041622161865234375,358.953125,0.08045578002929688,9.728K,0.026595592498779297,0,3,0,0,41.68359375,41.54296875,0,0,0,0.0,0,8,29000,training
1754995417.203855,10635,10635,0.041622161865234375,358.953125,0.08045578002929688,9.728K,0.02526998519897461,0,3,0,0,41.68359375,41.54296875,0,0,0,0.0,0,8,29100,training
1754995417.2520661,10635,10635,0.041622161865234375,358.953125,0.08045578002929688,9.728K,0.025551319122314453,0,3,0,0,41.68359375,41.54296875,0,0,0,0.0,0,8,29200,training
1754995417.3011148,10635,10635,0.041622161865234375,358.953125,0.08045578002929688,9.728K,0.025606155395507812,0,3,0,0,41.68359375,41.54296875,0,0,0,0.0,0,8,29300,training
1754995417.34981,10635,10635,0.041622161865234375,358.953125,0.08045578002929688,9.728K,0.02538919448852539,0,3,0,0,41.68359375,41.54296875,0,0,0,0.0,0,8,29400,training
1754995417.3983202,10635,10635,0.041622161865234375,358.953125,0.08045578002929688,9.728K,0.025615692138671875,0,3,0,0,41.68359375,41.54296875,0,0,0,0.0,0,8,29500,training
1754995417.4468591,10635,10635,0.041622161865234375,358.953125,0.08045578002929688,9.728K,0.02572774887084961,0,3,0,0,41.68359375,41.54296875,0,0,0,0.0,0,8,29600,training
1754995417.4962509,10635,10635,0.041622161865234375,358.953125,0.08045578002929688,9.728K,0.025157928466796875,0,3,0,0,41.68359375,41.54296875,0,0,0,0.0,0,8,29700,training
1754995417.544796,10635,10635,0.041622161865234375,358.953125,0.08045578002929688,9.728K,0.025599002838134766,0,3,0,0,41.68359375,41.54296875,0,0,0,0.0,0,8,29800,training
1754995417.593248,10635,10635,0.041622161865234375,358.953125,0.08045578002929688,9.728K,0.025391578674316406,0,3,0,0,41.68359375,41.54296875,0,0,0,0.0,0,8,29900,training
1754995417.642118,10635,10635,0.041622161865234375,358.953125,0.08045578002929688,9.728K,0.027170181274414062,0,3,0,0,41.68359375,41.54296875,0,0,0,0.0,0,8,30000,training
1754995417.690416,10635,10635,0.041622161865234375,358.953125,0.08045578002929688,9.728K,0.028502941131591797,0,3,0,0,41.68359375,41.54296875,0,0,0,0.0,0,8,30100,training
1754995417.739711,10635,10635,0.041622161865234375,358.953125,0.08045578002929688,9.728K,0.028829574584960938,0,3,0,0,41.68359375,41.54296875,0,0,0,0.0,0,8,30200,training
1754995417.787967,10635,10635,0.041622161865234375,358.953125,0.08045578002929688,9.728K,0.025360584259033203,0,3,0,0,41.68359375,41.54296875,0,0,0,0.0,0,8,30300,training
1754995417.836423,10635,10635,0.041622161865234375,358.953125,0.08045578002929688,9.728K,0.025396347045898438,0,3,0,0,41.68359375,41.54296875,0,0,0,0.0,0,8,30400,training
1754995417.885479,10635,10635,0.041622161865234375,358.953125,0.08045578002929688,9.728K,0.025320053100585938,0,3,0,0,41.68359375,41.54296875,0,0,0,0.0,0,8,30500,training
1754995417.9338298,10635,10635,0.041622161865234375,358.953125,0.08045578002929688,9.728K,0.025348663330078125,0,3,0,0,41.68359375,41.54296875,0,0,0,0.0,0,8,30600,training
1754995417.9827468,10635,10635,0.041622161865234375,358.953125,0.08045578002929688,9.728K,0.02524852752685547,0,3,0,0,41.68359375,41.54296875,0,0,0,0.0,0,8,30700,training
1754995418.0309818,10635,10635,0.041622161865234375,358.984375,0.08045578002929688,9.728K,0.025298595428466797,0,3,0,0,41.68359375,41.54296875,0,0,0,0.0,0,8,30800,training
1754995418.0794399,10635,10635,0.041622161865234375,359.015625,0.08045578002929688,9.728K,0.025718212127685547,0,3,0,0,41.68359375,41.54296875,0,0,0,0.0,0,8,30900,training
1754995418.1279821,10635,10635,0.041622161865234375,359.015625,0.08045578002929688,9.728K,0.025463104248046875,0,3,0,0,41.68359375,41.54296875,0,0,0,0.0,0,8,31000,training
1754995418.176895,10635,10635,0.041622161865234375,359.015625,0.08045578002929688,9.728K,0.02574920654296875,0,3,0,0,41.68359375,41.54296875,0,0,0,0.0,0,8,31100,training
1754995418.2249181,10635,10635,0.041622161865234375,359.015625,0.08045578002929688,9.728K,0.02855062484741211,0,3,0,0,41.68359375,41.54296875,0,0,0,0.0,0,8,31200,training
1754995418.273375,10635,10635,0.041622161865234375,359.015625,0.08045578002929688,9.728K,0.028657913208007812,0,3,0,0,41.68359375,41.54296875,0,0,0,0.0,0,8,31300,training
1754995418.3219898,10635,10635,0.041622161865234375,359.015625,0.08045578002929688,9.728K,0.025687217712402344,0,3,0,0,41.68359375,41.54296875,0,0,0,0.0,0,8,31400,training
1754995418.370774,10635,10635,0.041622161865234375,359.015625,0.08045578002929688,9.728K,0.025420188903808594,0,3,0,0,41.68359375,41.54296875,0,0,0,0.0,0,8,31500,training
1754995418.41954,10635,10635,0.041622161865234375,359.015625,0.08045578002929688,9.728K,0.02556324005126953,0,3,0,0,41.68359375,41.54296875,0,0,0,0.0,0,8,31600,training
1754995418.467691,10635,10635,0.041622161865234375,359.03125,0.08045578002929688,9.728K,0.02546072006225586,0,3,0,0,41.68359375,41.54296875,0,0,0,0.0,0,8,31700,training
1754995418.516364,10635,10635,0.041622161865234375,359.03125,0.08045578002929688,9.728K,0.025260448455810547,0,3,0,0,41.68359375,41.54296875,0,0,0,0.0,0,8,31800,training
1754995418.565151,10635,10635,0.041622161865234375,359.03125,0.08045578002929688,9.728K,0.02562999725341797,0,3,0,0,41.68359375,41.54296875,0,0,0,0.0,0,8,31900,training
1754995418.613467,10635,10635,0.041622161865234375,359.03125,0.08045578002929688,9.728K,0.02555370330810547,0,3,0,0,41.68359375,41.54296875,0,0,0,0.0,0,8,32000,training
1754995418.661845,10635,10635,0.041622161865234375,359.0625,0.08045578002929688,9.728K,0.02563953399658203,0,3,0,0,41.68359375,41.54296875,0,0,0,0.0,0,8,32100,training
1754995418.710454,10635,10635,0.041622161865234375,359.0625,0.08045578002929688,9.728K,0.025827884674072266,0,3,0,0,41.68359375,41.54296875,0,0,0,0.0,0,8,32200,training
1754995418.758889,10635,10635,0.041622161865234375,359.0625,0.08045578002929688,9.728K,0.025784969329833984,0,3,0,0,41.68359375,41.54296875,0,0,0,0.0,0,8,32300,training
1754995418.80748,10635,10635,0.041622161865234375,359.0625,0.08045578002929688,9.728K,0.028712749481201172,0,3,0,0,41.68359375,41.54296875,0,0,0,0.0,0,8,32400,training
1754995418.856257,10635,10635,0.041622161865234375,359.0625,0.08045578002929688,9.728K,0.028164386749267578,0,3,0,0,41.68359375,41.54296875,0,0,0,0.0,0,8,32500,training
1754995418.904752,10635,10635,0.041622161865234375,359.0625,0.08045578002929688,9.728K,0.025472640991210938,0,3,0,0,41.68359375,41.54296875,0,0,0,0.0,0,8,32600,training
1754995418.953078,10635,10635,0.041622161865234375,359.078125,0.08045578002929688,9.728K,0.02569437026977539,0,3,0,0,41.68359375,41.54296875,0,0,0,0.0,0,8,32700,training
1754995419.001854,10635,10635,0.041622161865234375,359.078125,0.08045578002929688,9.728K,0.025644302368164062,0,3,0,0,41.68359375,41.54296875,0,0,0,0.0,0,8,32800,training
1754995419.0502532,10635,10635,0.041622161865234375,359.078125,0.08045578002929688,9.728K,0.02552509307861328,0,3,0,0,41.68359375,41.54296875,0,0,0,0.0,0,8,32900,training
1754995419.0986528,10635,10635,0.041622161865234375,359.078125,0.08045578002929688,9.728K,0.025279521942138672,0,3,0,0,41.68359375,41.54296875,0,0,0,0.0,0,8,33000,training
1754995419.14673,10635,10635,0.041622161865234375,359.078125,0.08045578002929688,9.728K,0.02562999725341797,0,3,0,0,41.68359375,41.54296875,0,0,0,0.0,0,8,33100,training
1754995419.1951392,10635,10635,0.041622161865234375,359.078125,0.08045578002929688,9.728K,0.02548694610595703,0,3,0,0,41.68359375,41.54296875,0,0,0,0.0,0,8,33200,training
1754995419.243571,10635,10635,0.041622161865234375,359.078125,0.08045578002929688,9.728K,0.025708675384521484,0,3,0,0,41.68359375,41.54296875,0,0,0,0.0,0,8,33300,training
1754995419.292127,10635,10635,0.041622161865234375,359.078125,0.08045578002929688,9.728K,0.026879310607910156,0,3,0,0,41.68359375,41.54296875,0,0,0,0.0,0,8,33400,training
1754995419.3406909,10635,10635,0.041622161865234375,359.078125,0.08045578002929688,9.728K,0.02893686294555664,0,3,0,0,41.68359375,41.54296875,0,0,0,0.0,0,8,33500,training
1754995419.38883,10635,10635,0.041622161865234375,359.078125,0.08045578002929688,9.728K,0.026502609252929688,0,3,0,0,41.68359375,41.54296875,0,0,0,0.0,0,8,33600,training
1754995419.437271,10635,10635,0.041622161865234375,359.078125,0.08045578002929688,9.728K,0.025279521942138672,0,3,0,0,41.68359375,41.54296875,0,0,0,0.0,0,8,33700,training
1754995419.48597,10635,10635,0.041622161865234375,359.078125,0.08045578002929688,9.728K,0.025281906127929688,0,3,0,0,41.68359375,41.54296875,0,0,0,0.0,0,8,33800,training
1754995419.534637,10635,10635,0.041622161865234375,359.078125,0.08045578002929688,9.728K,0.02552509307861328,0,3,0,0,41.68359375,41.54296875,0,0,0,0.0,0,8,33900,training
1754995419.582731,10635,10635,0.041622161865234375,359.078125,0.08045578002929688,9.728K,0.02553701400756836,0,3,0,0,41.68359375,41.54296875,0,0,0,0.0,0,8,34000,training
1754995419.631019,10635,10635,0.041622161865234375,359.078125,0.08045578002929688,9.728K,0.02542257308959961,0,3,0,0,41.68359375,41.54296875,0,0,0,0.0,0,8,34100,training
1754995419.679158,10635,10635,0.041622161865234375,359.078125,0.08045578002929688,9.728K,0.025396347045898438,0,3,0,0,41.68359375,41.54296875,0,0,0,0.0,0,8,34200,training
1754995419.7277591,10635,10635,0.041622161865234375,359.078125,0.08045578002929688,9.728K,0.02567768096923828,0,3,0,0,41.68359375,41.54296875,0,0,0,0.0,0,8,34300,training
1754995419.775742,10635,10635,0.041622161865234375,359.078125,0.08045578002929688,9.728K,0.025942325592041016,0,3,0,0,41.68359375,41.54296875,0,0,0,0.0,0,8,34400,training
1754995419.824215,10635,10635,0.041622161865234375,359.078125,0.08045578002929688,9.728K,0.028510093688964844,0,3,0,0,41.68359375,41.54296875,0,0,0,0.0,0,8,34500,training
1754995419.873141,10635,10635,0.041622161865234375,359.078125,0.08045578002929688,9.728K,0.02913951873779297,0,3,0,0,41.68359375,41.54296875,0,0,0,0.0,0,8,34600,training
1754995419.921489,10635,10635,0.041622161865234375,359.078125,0.08045578002929688,9.728K,0.025451183319091797,0,3,0,0,41.68359375,41.54296875,0,0,0,0.0,0,8,34700,training
1754995419.970342,10635,10635,0.041622161865234375,359.078125,0.08045578002929688,9.728K,0.025260448455810547,0,3,0,0,41.68359375,41.54296875,0,0,0,0.0,0,8,34800,training
1754995420.0181801,10635,10635,0.041622161865234375,359.078125,0.08045578002929688,9.728K,0.025615692138671875,0,3,0,0,41.68359375,41.54296875,0,0,0,0.0,0,8,34900,training
1754995420.0664132,10635,10635,0.041622161865234375,359.078125,0.08045578002929688,9.728K,0.025038719177246094,0,3,0,0,41.68359375,41.54296875,0,0,0,0.0,0,8,35000,training
1754995420.114749,10635,10635,0.041622161865234375,359.078125,0.08045578002929688,9.728K,0.02553701400756836,0,3,0,0,41.68359375,41.54296875,0,0,0,0.0,0,8,35100,training
1754995420.163489,10635,10635,0.041622161865234375,359.078125,0.08045578002929688,9.728K,0.025467872619628906,0,3,0,0,41.68359375,41.54296875,0,0,0,0.0,0,8,35200,training
1754995420.211784,10635,10635,0.041622161865234375,359.078125,0.08045578002929688,9.728K,0.025517940521240234,0,3,0,0,41.68359375,41.54296875,0,0,0,0.0,0,8,35300,training
1754995420.259735,10635,10635,0.041622161865234375,359.078125,0.08045578002929688,9.728K,0.025501251220703125,0,3,0,0,41.68359375,41.54296875,0,0,0,0.0,0,8,35400,training
1754995420.308334,10635,10635,0.041622161865234375,359.078125,0.08045578002929688,9.728K,0.02565622329711914,0,3,0,0,41.68359375,41.54296875,0,0,0,0.0,0,8,35500,training
1754995420.35649,10635,10635,0.041622161865234375,359.078125,0.08045578002929688,9.728K,0.028772354125976562,0,3,0,0,41.68359375,41.54296875,0,0,0,0.0,0,8,35600,training
1754995420.40462,10635,10635,0.041622161865234375,359.078125,0.08045578002929688,9.728K,0.02542734146118164,0,3,0,0,41.68359375,41.54296875,0,0,0,0.0,0,8,35700,training
1754995420.452916,10635,10635,0.041622161865234375,359.078125,0.08045578002929688,9.728K,0.025784969329833984,0,3,0,0,41.68359375,41.54296875,0,0,0,0.0,0,8,35800,training
1754995420.501109,10635,10635,0.041622161865234375,359.078125,0.08045578002929688,9.728K,0.025603771209716797,0,3,0,0,41.68359375,41.54296875,0,0,0,0.0,0,8,35900,training
1754995420.549504,10635,10635,0.041622161865234375,359.078125,0.08045578002929688,9.728K,0.025153160095214844,0,3,0,0,41.68359375,41.54296875,0,0,0,0.0,0,8,36000,training
1754995420.598251,10635,10635,0.041622161865234375,359.078125,0.08045578002929688,9.728K,0.025517940521240234,0,3,0,0,41.68359375,41.54296875,0,0,0,0.0,0,8,36100,training
1754995420.646685,10635,10635,0.041622161865234375,359.078125,0.08045578002929688,9.728K,0.025417804718017578,0,3,0,0,41.68359375,41.54296875,0,0,0,0.0,0,8,36200,training
1754995420.6951602,10635,10635,0.041622161865234375,359.078125,0.08045578002929688,9.728K,0.025641918182373047,0,3,0,0,41.68359375,41.54296875,0,0,0,0.0,0,8,36300,training
1754995420.7435951,10635,10635,0.041622161865234375,359.078125,0.08045578002929688,9.728K,0.026111602783203125,0,3,0,0,41.68359375,41.54296875,0,0,0,0.0,0,8,36400,training
1754995420.791966,10635,10635,0.041622161865234375,359.078125,0.08045578002929688,9.728K,0.029218196868896484,0,3,0,0,41.68359375,41.54296875,0,0,0,0.0,0,8,36500,training
1754995420.85077,10635,10635,0.041622161865234375,359.078125,0.08045578002929688,9.728K,0.02832174301147461,0,3,0,0,41.68359375,41.54296875,0,0,0,0.0,0,8,36600,training
1754995420.91276,10635,10635,0.041622161865234375,359.078125,0.08045578002929688,9.728K,0.027730464935302734,0,3,0,0,41.68359375,41.54296875,0,0,0,0.0,0,8,36700,training
1754995420.9745579,10635,10635,0.041622161865234375,359.109375,0.08045578002929688,9.728K,0.033125877380371094,0,3,0,0,41.68359375,41.54296875,0,0,0,0.0,0,8,36800,training
1754995421.0371299,10635,10635,0.041622161865234375,359.109375,0.08045578002929688,9.728K,0.029687881469726562,0,3,0,0,41.68359375,41.54296875,0,0,0,0.0,0,8,36900,training
1754995421.098337,10635,10635,0.041622161865234375,359.109375,0.08045578002929688,9.728K,0.028083324432373047,0,3,0,0,41.68359375,41.54296875,0,0,0,0.0,0,8,37000,training
1754995421.1536808,10635,10635,0.041622161865234375,359.109375,0.08045578002929688,9.728K,0.02805471420288086,0,3,0,0,41.68359375,41.54296875,0,0,0,0.0,0,8,37100,training
1754995421.209336,10635,10635,0.041622161865234375,359.109375,0.08045578002929688,9.728K,0.028276443481445312,0,3,0,0,41.68359375,41.54296875,0,0,0,0.0,0,8,37200,training
1754995421.2643719,10635,10635,0.041622161865234375,359.109375,0.08045578002929688,9.728K,0.028240680694580078,0,3,0,0,41.68359375,41.54296875,0,0,0,0.0,0,8,37300,training
1754995421.3184462,10635,10635,0.041622161865234375,359.109375,0.08045578002929688,9.728K,0.02774953842163086,0,3,0,0,41.68359375,41.54296875,0,0,0,0.0,0,8,37400,training
1754995421.373891,10635,10635,0.041622161865234375,359.140625,0.08045578002929688,9.728K,0.03466367721557617,0,3,0,0,41.68359375,41.54296875,0,0,0,0.0,0,8,37500,training
1754995421.4288619,10635,10635,0.041622161865234375,359.15625,0.08045578002929688,9.728K,0.027930736541748047,0,3,0,0,41.68359375,41.54296875,0,0,0,0.0,0,8,37600,training
1754995421.4782631,10635,10635,0.041622161865234375,359.15625,0.08045578002929688,9.728K,0.02592325210571289,0,3,0,0,41.68359375,41.54296875,0,0,0,0.0,0,8,37700,training
1754995421.527338,10635,10635,0.041622161865234375,359.15625,0.08045578002929688,9.728K,0.027363300323486328,0,3,0,0,41.68359375,41.54296875,0,0,0,0.0,0,8,37800,training
1754995421.5756319,10635,10635,0.041622161865234375,359.15625,0.08045578002929688,9.728K,0.025835037231445312,0,3,0,0,41.68359375,41.54296875,0,0,0,0.0,0,8,37900,training
1754995421.624309,10635,10635,0.041622161865234375,359.15625,0.08045578002929688,9.728K,0.029437541961669922,0,3,0,0,41.68359375,41.54296875,0,0,0,0.0,0,8,38000,training
1754995421.673219,10635,10635,0.041622161865234375,359.15625,0.08045578002929688,9.728K,0.029246807098388672,0,3,0,0,41.68359375,41.54296875,0,0,0,0.0,0,8,38100,training
1754995421.721208,10635,10635,0.041622161865234375,359.15625,0.08045578002929688,9.728K,0.02550363540649414,0,3,0,0,41.68359375,41.54296875,0,0,0,0.0,0,8,38200,training
1754995421.769588,10635,10635,0.041622161865234375,359.15625,0.08045578002929688,9.728K,0.025446414947509766,0,3,0,0,41.68359375,41.54296875,0,0,0,0.0,0,8,38300,training
1754995421.818178,10635,10635,0.041622161865234375,359.15625,0.08045578002929688,9.728K,0.025615692138671875,0,3,0,0,41.68359375,41.54296875,0,0,0,0.0,0,8,38400,training
1754995421.866428,10635,10635,0.041622161865234375,359.15625,0.08045578002929688,9.728K,0.025582313537597656,0,3,0,0,41.68359375,41.54296875,0,0,0,0.0,0,8,38500,training
1754995421.915186,10635,10635,0.041622161865234375,359.15625,0.08045578002929688,9.728K,0.02572774887084961,0,3,0,0,41.68359375,41.54296875,0,0,0,0.0,0,8,38600,training
1754995421.964312,10635,10635,0.041622161865234375,359.15625,0.08045578002929688,9.728K,0.02576589584350586,0,3,0,0,41.68359375,41.54296875,0,0,0,0.0,0,8,38700,training
1754995422.012944,10635,10635,0.041622161865234375,359.15625,0.08045578002929688,9.728K,0.025737285614013672,0,3,0,0,41.68359375,41.54296875,0,0,0,0.0,0,8,38800,training
1754995422.061301,10635,10635,0.041622161865234375,359.15625,0.08045578002929688,9.728K,0.02553701400756836,0,3,0,0,41.68359375,41.54296875,0,0,0,0.0,0,8,38900,training
1754995422.109349,10635,10635,0.041622161865234375,359.1875,0.08045578002929688,9.728K,0.02576589584350586,0,3,0,0,41.68359375,41.54296875,0,0,0,0.0,0,8,39000,training
1754995422.158004,10635,10635,0.041622161865234375,359.1875,0.08045578002929688,9.728K,0.029489994049072266,0,3,0,0,41.68359375,41.54296875,0,0,0,0.0,0,8,39100,training
1754995422.206667,10635,10635,0.041622161865234375,359.1875,0.08045578002929688,9.728K,0.028662681579589844,0,3,0,0,41.68359375,41.54296875,0,0,0,0.0,0,8,39200,training
1754995422.2544599,10635,10635,0.041622161865234375,359.1875,0.08045578002929688,9.728K,0.025653839111328125,0,3,0,0,41.68359375,41.54296875,0,0,0,0.0,0,8,39300,training
1754995422.303543,10635,10635,0.041622161865234375,359.1875,0.08045578002929688,9.728K,0.025205612182617188,0,3,0,0,41.68359375,41.54296875,0,0,0,0.0,0,8,39400,training
1754995422.352021,10635,10635,0.041622161865234375,359.1875,0.08045578002929688,9.728K,0.025687217712402344,0,3,0,0,41.68359375,41.54296875,0,0,0,0.0,0,8,39500,training
1754995422.400511,10635,10635,0.041622161865234375,359.1875,0.08045578002929688,9.728K,0.025734901428222656,0,3,0,0,41.68359375,41.54296875,0,0,0,0.0,0,8,39600,training
1754995422.448861,10635,10635,0.041622161865234375,359.1875,0.08045578002929688,9.728K,0.025124549865722656,0,3,0,0,41.68359375,41.54296875,0,0,0,0.0,0,8,39700,training
1754995422.501385,10635,10635,0.041622161865234375,359.1875,0.08045578002929688,9.728K,0.027835369110107422,0,3,0,0,41.68359375,41.54296875,0,0,0,0.0,0,8,39800,training
1754995422.557934,10635,10635,0.041622161865234375,359.1875,0.08045578002929688,9.728K,0.031001567840576172,0,3,0,0,41.68359375,41.54296875,0,0,0,0.0,0,8,39900,training
1754995422.6068218,10635,10635,0.041622161865234375,359.1875,0.08045578002929688,9.728K,0.02877950668334961,0,3,0,0,41.68359375,41.54296875,0,0,0,0.0,0,8,40000,training
1754995422.6561658,10635,10635,0.041622161865234375,359.1875,0.08045578002929688,9.728K,0.02833843231201172,0,3,0,0,41.68359375,41.54296875,0,0,0,0.0,0,8,40100,training
1754995422.704479,10635,10635,0.041622161865234375,359.1875,0.08045578002929688,9.728K,0.02526998519897461,0,3,0,0,41.68359375,41.54296875,0,0,0,0.0,0,8,40200,training
1754995422.752993,10635,10635,0.041622161865234375,359.1875,0.08045578002929688,9.728K,0.025634765625,0,3,0,0,41.68359375,41.54296875,0,0,0,0.0,0,8,40300,training
1754995422.801951,10635,10635,0.041622161865234375,359.1875,0.08045578002929688,9.728K,0.025916099548339844,0,3,0,0,41.68359375,41.54296875,0,0,0,0.0,0,8,40400,training
1754995422.8507662,10635,10635,0.041622161865234375,359.1875,0.08045578002929688,9.728K,0.025608539581298828,0,3,0,0,41.68359375,41.54296875,0,0,0,0.0,0,8,40500,training
1754995422.8994482,10635,10635,0.041622161865234375,359.1875,0.08045578002929688,9.728K,0.025386810302734375,0,3,0,0,41.68359375,41.54296875,0,0,0,0.0,0,8,40600,training
1754995422.9475598,10635,10635,0.041622161865234375,359.1875,0.08045578002929688,9.728K,0.025489330291748047,0,3,0,0,41.68359375,41.54296875,0,0,0,0.0,0,8,40700,training
1754995422.9958222,10635,10635,0.041622161865234375,359.1875,0.08045578002929688,9.728K,0.02534627914428711,0,3,0,0,41.68359375,41.54296875,0,0,0,0.0,0,8,40800,training
1754995423.04427,10635,10635,0.041622161865234375,359.1875,0.08045578002929688,9.728K,0.0258636474609375,0,3,0,0,41.68359375,41.54296875,0,0,0,0.0,0,8,40900,training
1754995423.092698,10635,10635,0.041622161865234375,359.1875,0.08045578002929688,9.728K,0.02578258514404297,0,3,0,0,41.68359375,41.54296875,0,0,0,0.0,0,8,41000,training
1754995423.1415539,10635,10635,0.041622161865234375,359.1875,0.08045578002929688,9.728K,0.027544498443603516,0,3,0,0,41.68359375,41.54296875,0,0,0,0.0,0,8,41100,training
1754995423.1901991,10635,10635,0.041622161865234375,359.1875,0.08045578002929688,9.728K,0.028369426727294922,0,3,0,0,41.68359375,41.54296875,0,0,0,0.0,0,8,41200,training
1754995423.238967,10635,10635,0.041622161865234375,359.1875,0.08045578002929688,9.728K,0.02719402313232422,0,3,0,0,41.68359375,41.54296875,0,0,0,0.0,0,8,41300,training
1754995423.28765,10635,10635,0.041622161865234375,359.1875,0.08045578002929688,9.728K,0.02519845962524414,0,3,0,0,41.68359375,41.54296875,0,0,0,0.0,0,8,41400,training
1754995423.336315,10635,10635,0.041622161865234375,359.1875,0.08045578002929688,9.728K,0.025789737701416016,0,3,0,0,41.68359375,41.54296875,0,0,0,0.0,0,8,41500,training
1754995423.38514,10635,10635,0.041622161865234375,359.1875,0.08045578002929688,9.728K,0.02572774887084961,0,3,0,0,41.68359375,41.54296875,0,0,0,0.0,0,8,41600,training
1754995423.4337122,10635,10635,0.041622161865234375,359.1875,0.08045578002929688,9.728K,0.025205612182617188,0,3,0,0,41.68359375,41.54296875,0,0,0,0.0,0,8,41700,training
1754995423.481805,10635,10635,0.041622161865234375,359.203125,0.08045578002929688,9.728K,0.025610923767089844,0,3,0,0,41.68359375,41.54296875,0,0,0,0.0,0,8,41800,training
1754995423.548144,10635,10635,0.041622161865234375,359.171875,0.08045578002929688,9.728K,0.025491714477539062,0,3,0,0,41.68359375,41.54296875,0,0,0,0.0,0,9,0,training
1754995423.5974998,10635,10635,0.041622161865234375,359.171875,0.08045578002929688,9.728K,0.025954246520996094,0,3,0,0,41.68359375,41.54296875,0,0,0,0.0,0,9,100,training
1754995423.6461508,10635,10635,0.041622161865234375,359.171875,0.08045578002929688,9.728K,0.025238990783691406,0,3,0,0,41.68359375,41.54296875,0,0,0,0.0,0,9,200,training
1754995423.6944902,10635,10635,0.041622161865234375,359.171875,0.08045578002929688,9.728K,0.025861263275146484,0,3,0,0,41.68359375,41.54296875,0,0,0,0.0,0,9,300,training
1754995423.742957,10635,10635,0.041622161865234375,359.1875,0.08045578002929688,9.728K,0.025787353515625,0,3,0,0,41.68359375,41.54296875,0,0,0,0.0,0,9,400,training
1754995423.791161,10635,10635,0.041622161865234375,359.203125,0.08045578002929688,9.728K,0.028688907623291016,0,3,0,0,41.68359375,41.54296875,0,0,0,0.0,0,9,500,training
1754995423.839426,10635,10635,0.041622161865234375,359.203125,0.08045578002929688,9.728K,0.02823352813720703,0,3,0,0,41.68359375,41.54296875,0,0,0,0.0,0,9,600,training
1754995423.887273,10635,10635,0.041622161865234375,359.203125,0.08045578002929688,9.728K,0.025203227996826172,0,3,0,0,41.68359375,41.54296875,0,0,0,0.0,0,9,700,training
1754995423.935924,10635,10635,0.041622161865234375,359.203125,0.08045578002929688,9.728K,0.025837421417236328,0,3,0,0,41.68359375,41.54296875,0,0,0,0.0,0,9,800,training
1754995423.989138,10635,10635,0.041622161865234375,359.203125,0.08045578002929688,9.728K,0.028247833251953125,0,3,0,0,41.68359375,41.54296875,0,0,0,0.0,0,9,900,training
1754995424.037759,10635,10635,0.041622161865234375,359.203125,0.08045578002929688,9.728K,0.025408267974853516,0,3,0,0,41.68359375,41.54296875,0,0,0,0.0,0,9,1000,training
1754995424.085958,10635,10635,0.041622161865234375,359.203125,0.08045578002929688,9.728K,0.025610923767089844,0,3,0,0,41.68359375,41.54296875,0,0,0,0.0,0,9,1100,training
1754995424.134889,10635,10635,0.041622161865234375,359.203125,0.08045578002929688,9.728K,0.02547740936279297,0,3,0,0,41.68359375,41.54296875,0,0,0,0.0,0,9,1200,training
1754995424.183363,10635,10635,0.041622161865234375,359.234375,0.08045578002929688,9.728K,0.025544166564941406,0,3,0,0,41.68359375,41.54296875,0,0,0,0.0,0,9,1300,training
1754995424.231974,10635,10635,0.041622161865234375,359.234375,0.08045578002929688,9.728K,0.025446414947509766,0,3,0,0,41.68359375,41.54296875,0,0,0,0.0,0,9,1400,training
1754995424.280566,10635,10635,0.041622161865234375,359.234375,0.08045578002929688,9.728K,0.025610923767089844,0,3,0,0,41.68359375,41.54296875,0,0,0,0.0,0,9,1500,training
1754995424.328634,10635,10635,0.041622161865234375,359.234375,0.08045578002929688,9.728K,0.025413036346435547,0,3,0,0,41.68359375,41.54296875,0,0,0,0.0,0,9,1600,training
1754995424.377325,10635,10635,0.041622161865234375,359.234375,0.08045578002929688,9.728K,0.025637149810791016,0,3,0,0,41.68359375,41.54296875,0,0,0,0.0,0,9,1700,training
1754995424.425716,10635,10635,0.041622161865234375,359.234375,0.08045578002929688,9.728K,0.025801658630371094,0,3,0,0,41.68359375,41.54296875,0,0,0,0.0,0,9,1800,training
1754995424.4743822,10635,10635,0.041622161865234375,359.234375,0.08045578002929688,9.728K,0.029251575469970703,0,3,0,0,41.68359375,41.54296875,0,0,0,0.0,0,9,1900,training
1754995424.5232,10635,10635,0.041622161865234375,359.234375,0.08045578002929688,9.728K,0.028624534606933594,0,3,0,0,41.68359375,41.54296875,0,0,0,0.0,0,9,2000,training
1754995424.5723908,10635,10635,0.041622161865234375,359.234375,0.08045578002929688,9.728K,0.02697467803955078,0,3,0,0,41.68359375,41.54296875,0,0,0,0.0,0,9,2100,training
1754995424.6205282,10635,10635,0.041622161865234375,359.234375,0.08045578002929688,9.728K,0.025513172149658203,0,3,0,0,41.68359375,41.54296875,0,0,0,0.0,0,9,2200,training
1754995424.6693041,10635,10635,0.041622161865234375,359.234375,0.08045578002929688,9.728K,0.025577545166015625,0,3,0,0,41.68359375,41.54296875,0,0,0,0.0,0,9,2300,training
1754995424.7191901,10635,10635,0.041622161865234375,359.234375,0.08045578002929688,9.728K,0.025243759155273438,0,3,0,0,41.68359375,41.54296875,0,0,0,0.0,0,9,2400,training
1754995424.768242,10635,10635,0.041622161865234375,359.234375,0.08045578002929688,9.728K,0.025811195373535156,0,3,0,0,41.68359375,41.54296875,0,0,0,0.0,0,9,2500,training
1754995424.816396,10635,10635,0.041622161865234375,359.234375,0.08045578002929688,9.728K,0.02573251724243164,0,3,0,0,41.68359375,41.54296875,0,0,0,0.0,0,9,2600,training
1754995424.865151,10635,10635,0.041622161865234375,359.234375,0.08045578002929688,9.728K,0.025506019592285156,0,3,0,0,41.68359375,41.54296875,0,0,0,0.0,0,9,2700,training
1754995424.913745,10635,10635,0.041622161865234375,359.234375,0.08045578002929688,9.728K,0.025684833526611328,0,3,0,0,41.68359375,41.54296875,0,0,0,0.0,0,9,2800,training
1754995424.9625201,10635,10635,0.041622161865234375,359.234375,0.08045578002929688,9.728K,0.025110244750976562,0,3,0,0,41.68359375,41.54296875,0,0,0,0.0,0,9,2900,training
1754995425.011086,10635,10635,0.041622161865234375,359.234375,0.08045578002929688,9.728K,0.02544403076171875,0,3,0,0,41.68359375,41.54296875,0,0,0,0.0,0,9,3000,training
1754995425.059801,10635,10635,0.041622161865234375,359.234375,0.08045578002929688,9.728K,0.02615213394165039,0,3,0,0,41.68359375,41.54296875,0,0,0,0.0,0,9,3100,training
1754995425.1084821,10635,10635,0.041622161865234375,359.234375,0.08045578002929688,9.728K,0.026733875274658203,0,3,0,0,41.68359375,41.54296875,0,0,0,0.0,0,9,3200,training
1754995425.157408,10635,10635,0.041622161865234375,359.234375,0.08045578002929688,9.728K,0.028083324432373047,0,3,0,0,41.68359375,41.54296875,0,0,0,0.0,0,9,3300,training
1754995425.206816,10635,10635,0.041622161865234375,359.265625,0.08045578002929688,9.728K,0.02912282943725586,0,3,0,0,41.68359375,41.54296875,0,0,0,0.0,0,9,3400,training
1754995425.254907,10635,10635,0.041622161865234375,359.265625,0.08045578002929688,9.728K,0.025603771209716797,0,3,0,0,41.68359375,41.54296875,0,0,0,0.0,0,9,3500,training
1754995425.303589,10635,10635,0.041622161865234375,359.265625,0.08045578002929688,9.728K,0.02542734146118164,0,3,0,0,41.68359375,41.54296875,0,0,0,0.0,0,9,3600,training
1754995425.352329,10635,10635,0.041622161865234375,359.265625,0.08045578002929688,9.728K,0.025839805603027344,0,3,0,0,41.68359375,41.54296875,0,0,0,0.0,0,9,3700,training
1754995425.401046,10635,10635,0.041622161865234375,359.265625,0.08045578002929688,9.728K,0.02597332000732422,0,3,0,0,41.68359375,41.54296875,0,0,0,0.0,0,9,3800,training
1754995425.449666,10635,10635,0.041622161865234375,359.265625,0.08045578002929688,9.728K,0.025610923767089844,0,3,0,0,41.68359375,41.54296875,0,0,0,0.0,0,9,3900,training
1754995425.498107,10635,10635,0.041622161865234375,359.265625,0.08045578002929688,9.728K,0.02553701400756836,0,3,0,0,41.68359375,41.54296875,0,0,0,0.0,0,9,4000,training
1754995425.54654,10635,10635,0.041622161865234375,359.265625,0.08045578002929688,9.728K,0.025572776794433594,0,3,0,0,41.68359375,41.54296875,0,0,0,0.0,0,9,4100,training
1754995425.595392,10635,10635,0.041622161865234375,359.265625,0.08045578002929688,9.728K,0.02523183822631836,0,3,0,0,41.68359375,41.54296875,0,0,0,0.0,0,9,4200,training
1754995425.6438909,10635,10635,0.041622161865234375,359.265625,0.08045578002929688,9.728K,0.025546550750732422,0,3,0,0,41.68359375,41.54296875,0,0,0,0.0,0,9,4300,training
1754995425.695015,10635,10635,0.041622161865234375,359.265625,0.08045578002929688,9.728K,0.027704238891601562,0,3,0,0,41.68359375,41.54296875,0,0,0,0.0,0,9,4400,training
1754995425.745864,10635,10635,0.041622161865234375,359.296875,0.08045578002929688,9.728K,0.025265216827392578,0,3,0,0,41.68359375,41.54296875,0,0,0,0.0,0,9,4500,training
1754995425.795131,10635,10635,0.041622161865234375,359.296875,0.08045578002929688,9.728K,0.02818584442138672,0,3,0,0,41.68359375,41.54296875,0,0,0,0.0,0,9,4600,training
1754995425.8482718,10635,10635,0.041622161865234375,359.296875,0.08045578002929688,9.728K,0.02548694610595703,0,3,0,0,41.68359375,41.54296875,0,0,0,0.0,0,9,4700,training
1754995425.909899,10635,10635,0.041622161865234375,359.328125,0.08045578002929688,9.728K,0.028362274169921875,0,3,0,0,41.68359375,41.54296875,0,0,0,0.0,0,9,4800,training
1754995425.96806,10635,10635,0.041622161865234375,359.328125,0.08045578002929688,9.728K,0.027823448181152344,0,3,0,0,41.68359375,41.54296875,0,0,0,0.0,0,9,4900,training
1754995426.192449,10635,10635,0.041622161865234375,359.328125,0.08045578002929688,9.728K,0.027687549591064453,0,3,0,0,41.68359375,41.54296875,0,0,0,0.0,0,9,5000,training
1754995426.2525282,10635,10635,0.041622161865234375,359.328125,0.08045578002929688,9.728K,0.027344226837158203,0,3,0,0,41.68359375,41.54296875,0,0,0,0.0,0,9,5100,training
1754995426.309021,10635,10635,0.041622161865234375,359.359375,0.08045578002929688,9.728K,0.031280517578125,0,3,0,0,41.68359375,41.54296875,0,0,0,0.0,0,9,5200,training
1754995426.371399,10635,10635,0.041622161865234375,359.359375,0.08045578002929688,9.728K,0.027587413787841797,0,3,0,0,41.68359375,41.54296875,0,0,0,0.0,0,9,5300,training
1754995426.427974,10635,10635,0.041622161865234375,359.359375,0.08045578002929688,9.728K,0.027866363525390625,0,3,0,0,41.68359375,41.54296875,0,0,0,0.0,0,9,5400,training
1754995426.491384,10635,10635,0.041622161865234375,359.359375,0.08045578002929688,9.728K,0.034906864166259766,0,3,0,0,41.68359375,41.54296875,0,0,0,0.0,0,9,5500,training
1754995426.547374,10635,10635,0.041622161865234375,359.359375,0.08045578002929688,9.728K,0.02748250961303711,0,3,0,0,41.68359375,41.54296875,0,0,0,0.0,0,9,5600,training
1754995426.614086,10635,10635,0.041622161865234375,359.359375,0.08045578002929688,9.728K,0.027523040771484375,0,3,0,0,41.68359375,41.54296875,0,0,0,0.0,0,9,5700,training
1754995426.669111,10635,10635,0.041622161865234375,359.359375,0.08045578002929688,9.728K,0.028085708618164062,0,3,0,0,41.68359375,41.54296875,0,0,0,0.0,0,9,5800,training
1754995426.7347279,10635,10635,0.041622161865234375,359.390625,0.08045578002929688,9.728K,0.02748250961303711,0,3,0,0,41.68359375,41.54296875,0,0,0,0.0,0,9,5900,training
1754995426.7910569,10635,10635,0.041622161865234375,359.390625,0.08045578002929688,9.728K,0.0357365608215332,0,3,0,0,41.68359375,41.54296875,0,0,0,0.0,0,9,6000,training
1754995426.8520472,10635,10635,0.041622161865234375,359.390625,0.08045578002929688,9.728K,0.03021240234375,0,3,0,0,41.68359375,41.54296875,0,0,0,0.0,0,9,6100,training
1754995426.9172611,10635,10635,0.041622161865234375,359.390625,0.08045578002929688,9.728K,0.025420188903808594,0,3,0,0,41.68359375,41.54296875,0,0,0,0.0,0,9,6200,training
1754995426.965836,10635,10635,0.041622161865234375,359.390625,0.08045578002929688,9.728K,0.025470256805419922,0,3,0,0,41.68359375,41.54296875,0,0,0,0.0,0,9,6300,training
1754995427.014533,10635,10635,0.041622161865234375,359.390625,0.08045578002929688,9.728K,0.025467872619628906,0,3,0,0,41.68359375,41.54296875,0,0,0,0.0,0,9,6400,training
1754995427.0637429,10635,10635,0.041622161865234375,359.390625,0.08045578002929688,9.728K,0.025255680084228516,0,3,0,0,41.68359375,41.54296875,0,0,0,0.0,0,9,6500,training
1754995427.112389,10635,10635,0.041622161865234375,359.390625,0.08045578002929688,9.728K,0.025246143341064453,0,3,0,0,41.68359375,41.54296875,0,0,0,0.0,0,9,6600,training
1754995427.1611772,10635,10635,0.041622161865234375,359.390625,0.08045578002929688,9.728K,0.025665760040283203,0,3,0,0,41.68359375,41.54296875,0,0,0,0.0,0,9,6700,training
1754995427.2093592,10635,10635,0.041622161865234375,359.390625,0.08045578002929688,9.728K,0.025687217712402344,0,3,0,0,41.68359375,41.54296875,0,0,0,0.0,0,9,6800,training
1754995427.25773,10635,10635,0.041622161865234375,359.390625,0.08045578002929688,9.728K,0.02849578857421875,0,3,0,0,41.68359375,41.54296875,0,0,0,0.0,0,9,6900,training
1754995427.306148,10635,10635,0.041622161865234375,359.390625,0.08045578002929688,9.728K,0.028934478759765625,0,3,0,0,41.68359375,41.54296875,0,0,0,0.0,0,9,7000,training
1754995427.354711,10635,10635,0.041622161865234375,359.390625,0.08045578002929688,9.728K,0.025386810302734375,0,3,0,0,41.68359375,41.54296875,0,0,0,0.0,0,9,7100,training
1754995427.4031181,10635,10635,0.041622161865234375,359.421875,0.08045578002929688,9.728K,0.025250911712646484,0,3,0,0,41.68359375,41.54296875,0,0,0,0.0,0,9,7200,training
1754995427.4516969,10635,10635,0.041622161865234375,359.421875,0.08045578002929688,9.728K,0.025837421417236328,0,3,0,0,41.68359375,41.54296875,0,0,0,0.0,0,9,7300,training
1754995427.5004292,10635,10635,0.041622161865234375,359.421875,0.08045578002929688,9.728K,0.025570392608642578,0,3,0,0,41.68359375,41.54296875,0,0,0,0.0,0,9,7400,training
1754995427.548981,10635,10635,0.041622161865234375,359.421875,0.08045578002929688,9.728K,0.025124549865722656,0,3,0,0,41.68359375,41.54296875,0,0,0,0.0,0,9,7500,training
1754995427.5980968,10635,10635,0.041622161865234375,359.421875,0.08045578002929688,9.728K,0.02536773681640625,0,3,0,0,41.68359375,41.54296875,0,0,0,0.0,0,9,7600,training
1754995427.647051,10635,10635,0.041622161865234375,359.421875,0.08045578002929688,9.728K,0.02556324005126953,0,3,0,0,41.68359375,41.54296875,0,0,0,0.0,0,9,7700,training
1754995427.696067,10635,10635,0.041622161865234375,359.421875,0.08045578002929688,9.728K,0.025360584259033203,0,3,0,0,41.68359375,41.54296875,0,0,0,0.0,0,9,7800,training
1754995427.7450602,10635,10635,0.041622161865234375,359.421875,0.08045578002929688,9.728K,0.025148391723632812,0,3,0,0,41.68359375,41.54296875,0,0,0,0.0,0,9,7900,training
1754995427.793529,10635,10635,0.041622161865234375,359.421875,0.08045578002929688,9.728K,0.02541065216064453,0,3,0,0,41.68359375,41.54296875,0,0,0,0.0,0,9,8000,training
1754995427.841881,10635,10635,0.041622161865234375,359.421875,0.08045578002929688,9.728K,0.025584697723388672,0,3,0,0,41.68359375,41.54296875,0,0,0,0.0,0,9,8100,training
1754995427.889915,10635,10635,0.041622161865234375,359.421875,0.08045578002929688,9.728K,0.02868175506591797,0,3,0,0,41.68359375,41.54296875,0,0,0,0.0,0,9,8200,training
1754995427.938167,10635,10635,0.041622161865234375,359.421875,0.08045578002929688,9.728K,0.025382041931152344,0,3,0,0,41.68359375,41.54296875,0,0,0,0.0,0,9,8300,training
1754995427.986222,10635,10635,0.041622161865234375,359.421875,0.08045578002929688,9.728K,0.02541065216064453,0,3,0,0,41.68359375,41.54296875,0,0,0,0.0,0,9,8400,training
1754995428.037164,10635,10635,0.041622161865234375,359.421875,0.08045578002929688,9.728K,0.025315284729003906,0,3,0,0,41.68359375,41.54296875,0,0,0,0.0,0,9,8500,training
1754995428.085824,10635,10635,0.041622161865234375,359.421875,0.08045578002929688,9.728K,0.02530813217163086,0,3,0,0,41.68359375,41.54296875,0,0,0,0.0,0,9,8600,training
1754995428.133814,10635,10635,0.041622161865234375,359.421875,0.08045578002929688,9.728K,0.025153160095214844,0,3,0,0,41.68359375,41.54296875,0,0,0,0.0,0,9,8700,training
1754995428.181718,10635,10635,0.041622161865234375,359.421875,0.08045578002929688,9.728K,0.025517940521240234,0,3,0,0,41.68359375,41.54296875,0,0,0,0.0,0,9,8800,training
1754995428.2337,10635,10635,0.041622161865234375,359.421875,0.08045578002929688,9.728K,0.025522708892822266,0,3,0,0,41.68359375,41.54296875,0,0,0,0.0,0,9,8900,training
1754995428.290102,10635,10635,0.041622161865234375,359.421875,0.08045578002929688,9.728K,0.041348934173583984,0,3,0,0,41.68359375,41.54296875,0,0,0,0.0,0,9,9000,training
1754995428.3507671,10635,10635,0.041622161865234375,359.421875,0.08045578002929688,9.728K,0.031850337982177734,0,3,0,0,41.68359375,41.54296875,0,0,0,0.0,0,9,9100,training
1754995428.409641,10635,10635,0.041622161865234375,359.421875,0.08045578002929688,9.728K,0.029461383819580078,0,3,0,0,41.68359375,41.54296875,0,0,0,0.0,0,9,9200,training
1754995428.4817832,10635,10635,0.041622161865234375,359.421875,0.08045578002929688,9.728K,0.0275421142578125,0,3,0,0,41.68359375,41.54296875,0,0,0,0.0,0,9,9300,training
1754995428.537807,10635,10635,0.041622161865234375,359.421875,0.08045578002929688,9.728K,0.026199817657470703,0,3,0,0,41.68359375,41.54296875,0,0,0,0.0,0,9,9400,training
1754995428.586678,10635,10635,0.041622161865234375,359.421875,0.08045578002929688,9.728K,0.025451183319091797,0,3,0,0,41.68359375,41.54296875,0,0,0,0.0,0,9,9500,training
1754995428.63612,10635,10635,0.041622161865234375,359.421875,0.08045578002929688,9.728K,0.02544403076171875,0,3,0,0,41.68359375,41.54296875,0,0,0,0.0,0,9,9600,training
1754995428.685601,10635,10635,0.041622161865234375,359.4375,0.08045578002929688,9.728K,0.02576589584350586,0,3,0,0,41.68359375,41.54296875,0,0,0,0.0,0,9,9700,training
1754995428.7341042,10635,10635,0.041622161865234375,359.4375,0.08045578002929688,9.728K,0.025768280029296875,0,3,0,0,41.68359375,41.54296875,0,0,0,0.0,0,9,9800,training
1754995428.782803,10635,10635,0.041622161865234375,359.4375,0.08045578002929688,9.728K,0.02574920654296875,0,3,0,0,41.68359375,41.54296875,0,0,0,0.0,0,9,9900,training
1754995428.8310459,10635,10635,0.041622161865234375,359.4375,0.08045578002929688,9.728K,0.02567768096923828,0,3,0,0,41.68359375,41.54296875,0,0,0,0.0,0,9,10000,training
1754995428.8792791,10635,10635,0.041622161865234375,359.4375,0.08045578002929688,9.728K,0.02538442611694336,0,3,0,0,41.68359375,41.54296875,0,0,0,0.0,0,9,10100,training
1754995428.928042,10635,10635,0.041622161865234375,359.4375,0.08045578002929688,9.728K,0.025532245635986328,0,3,0,0,41.68359375,41.54296875,0,0,0,0.0,0,9,10200,training
1754995428.979118,10635,10635,0.041622161865234375,359.4375,0.08045578002929688,9.728K,0.027806758880615234,0,3,0,0,41.68359375,41.54296875,0,0,0,0.0,0,9,10300,training
1754995429.0340748,10635,10635,0.041622161865234375,359.4375,0.08045578002929688,9.728K,0.028522014617919922,0,3,0,0,41.68359375,41.54296875,0,0,0,0.0,0,9,10400,training
1754995429.0940192,10635,10635,0.041622161865234375,359.4375,0.08045578002929688,9.728K,0.029311180114746094,0,3,0,0,41.68359375,41.54296875,0,0,0,0.0,0,9,10500,training
1754995429.146462,10635,10635,0.041622161865234375,359.4375,0.08045578002929688,9.728K,0.025496482849121094,0,3,0,0,41.68359375,41.54296875,0,0,0,0.0,0,9,10600,training
1754995429.194839,10635,10635,0.041622161865234375,359.4375,0.08045578002929688,9.728K,0.02614736557006836,0,3,0,0,41.68359375,41.54296875,0,0,0,0.0,0,9,10700,training
1754995429.244545,10635,10635,0.041622161865234375,359.4375,0.08045578002929688,9.728K,0.025844573974609375,0,3,0,0,41.68359375,41.54296875,0,0,0,0.0,0,9,10800,training
1754995429.292939,10635,10635,0.041622161865234375,359.4375,0.08045578002929688,9.728K,0.025768280029296875,0,3,0,0,41.68359375,41.54296875,0,0,0,0.0,0,9,10900,training
1754995429.3416052,10635,10635,0.041622161865234375,359.4375,0.08045578002929688,9.728K,0.025937557220458984,0,3,0,0,41.68359375,41.54296875,0,0,0,0.0,0,9,11000,training
1754995429.3906062,10635,10635,0.041622161865234375,359.4375,0.08045578002929688,9.728K,0.029234886169433594,0,3,0,0,41.68359375,41.54296875,0,0,0,0.0,0,9,11100,training
1754995429.440711,10635,10635,0.041622161865234375,359.4375,0.08045578002929688,9.728K,0.028812885284423828,0,3,0,0,41.68359375,41.54296875,0,0,0,0.0,0,9,11200,training
1754995429.4892612,10635,10635,0.041622161865234375,359.4375,0.08045578002929688,9.728K,0.028657913208007812,0,3,0,0,41.68359375,41.54296875,0,0,0,0.0,0,9,11300,training
1754995429.53862,10635,10635,0.041622161865234375,359.4375,0.08045578002929688,9.728K,0.026826858520507812,0,3,0,0,41.68359375,41.54296875,0,0,0,0.0,0,9,11400,training
1754995429.5871181,10635,10635,0.041622161865234375,359.4375,0.08045578002929688,9.728K,0.025413036346435547,0,3,0,0,41.68359375,41.54296875,0,0,0,0.0,0,9,11500,training
1754995429.636287,10635,10635,0.041622161865234375,359.4375,0.08045578002929688,9.728K,0.025622844696044922,0,3,0,0,41.68359375,41.54296875,0,0,0,0.0,0,9,11600,training
1754995429.684242,10635,10635,0.041622161865234375,359.4375,0.08045578002929688,9.728K,0.025587081909179688,0,3,0,0,41.68359375,41.54296875,0,0,0,0.0,0,9,11700,training
1754995429.732842,10635,10635,0.041622161865234375,359.4375,0.08045578002929688,9.728K,0.025496482849121094,0,3,0,0,41.68359375,41.54296875,0,0,0,0.0,0,9,11800,training
1754995429.781436,10635,10635,0.041622161865234375,359.4375,0.08045578002929688,9.728K,0.025615692138671875,0,3,0,0,41.68359375,41.54296875,0,0,0,0.0,0,9,11900,training
1754995429.829823,10635,10635,0.041622161865234375,359.4375,0.08045578002929688,9.728K,0.025787353515625,0,3,0,0,41.68359375,41.54296875,0,0,0,0.0,0,9,12000,training
1754995429.878148,10635,10635,0.041622161865234375,359.4375,0.08045578002929688,9.728K,0.02556324005126953,0,3,0,0,41.68359375,41.54296875,0,0,0,0.0,0,9,12100,training
1754995429.926561,10635,10635,0.041622161865234375,359.4375,0.08045578002929688,9.728K,0.02589702606201172,0,3,0,0,41.68359375,41.54296875,0,0,0,0.0,0,9,12200,training
1754995429.974845,10635,10635,0.041622161865234375,359.4375,0.08045578002929688,9.728K,0.0276947021484375,0,3,0,0,41.68359375,41.54296875,0,0,0,0.0,0,9,12300,training
1754995430.023339,10635,10635,0.041622161865234375,359.4375,0.08045578002929688,9.728K,0.028944015502929688,0,3,0,0,41.68359375,41.54296875,0,0,0,0.0,0,9,12400,training
1754995430.071931,10635,10635,0.041622161865234375,359.4375,0.08045578002929688,9.728K,0.026290416717529297,0,3,0,0,41.68359375,41.54296875,0,0,0,0.0,0,9,12500,training
1754995430.1209211,10635,10635,0.041622161865234375,359.4375,0.08045578002929688,9.728K,0.025341510772705078,0,3,0,0,41.68359375,41.54296875,0,0,0,0.0,0,9,12600,training
1754995430.169497,10635,10635,0.041622161865234375,359.4375,0.08045578002929688,9.728K,0.025238990783691406,0,3,0,0,41.68359375,41.54296875,0,0,0,0.0,0,9,12700,training
1754995430.21838,10635,10635,0.041622161865234375,359.5,0.08045578002929688,9.728K,0.025508403778076172,0,3,0,0,41.68359375,41.54296875,0,0,0,0.0,0,9,12800,training
1754995430.267,10635,10635,0.041622161865234375,359.5,0.08045578002929688,9.728K,0.025491714477539062,0,3,0,0,41.68359375,41.54296875,0,0,0,0.0,0,9,12900,training
1754995430.315279,10635,10635,0.041622161865234375,359.5,0.08045578002929688,9.728K,0.025229454040527344,0,3,0,0,41.68359375,41.54296875,0,0,0,0.0,0,9,13000,training
1754995430.364164,10635,10635,0.041622161865234375,359.5,0.08045578002929688,9.728K,0.025644302368164062,0,3,0,0,41.68359375,41.54296875,0,0,0,0.0,0,9,13100,training
1754995430.4130912,10635,10635,0.041622161865234375,359.5,0.08045578002929688,9.728K,0.025434494018554688,0,3,0,0,41.68359375,41.54296875,0,0,0,0.0,0,9,13200,training
1754995430.461924,10635,10635,0.041622161865234375,359.5,0.08045578002929688,9.728K,0.025844573974609375,0,3,0,0,41.68359375,41.54296875,0,0,0,0.0,0,9,13300,training
1754995430.510797,10635,10635,0.041622161865234375,359.5,0.08045578002929688,9.728K,0.02551555633544922,0,3,0,0,41.68359375,41.54296875,0,0,0,0.0,0,9,13400,training
1754995430.55894,10635,10635,0.041622161865234375,359.53125,0.08045578002929688,9.728K,0.02551555633544922,0,3,0,0,41.68359375,41.54296875,0,0,0,0.0,0,9,13500,training
1754995430.616147,10635,10635,0.041622161865234375,359.53125,0.08045578002929688,9.728K,0.03091573715209961,0,3,0,0,41.68359375,41.54296875,0,0,0,0.0,0,9,13600,training
1754995430.681138,10635,10635,0.041622161865234375,359.53125,0.08045578002929688,9.728K,0.03287553787231445,0,3,0,0,41.68359375,41.54296875,0,0,0,0.0,0,9,13700,training
1754995430.7523258,10635,10635,0.041622161865234375,359.53125,0.08045578002929688,9.728K,0.032029151916503906,0,3,0,0,41.68359375,41.54296875,0,0,0,0.0,0,9,13800,training
1754995430.9778922,10635,10635,0.041622161865234375,359.546875,0.08045578002929688,9.728K,0.027587413787841797,0,3,0,0,41.68359375,41.54296875,0,0,0,0.0,0,9,13900,training
1754995431.03191,10635,10635,0.041622161865234375,359.546875,0.08045578002929688,9.728K,0.028960704803466797,0,3,0,0,41.68359375,41.54296875,0,0,0,0.0,0,9,14000,training
1754995431.086964,10635,10635,0.041622161865234375,359.546875,0.08045578002929688,9.728K,0.029647350311279297,0,3,0,0,41.68359375,41.54296875,0,0,0,0.0,0,9,14100,training
1754995431.1429188,10635,10635,0.041622161865234375,359.546875,0.08045578002929688,9.728K,0.027265548706054688,0,3,0,0,41.68359375,41.54296875,0,0,0,0.0,0,9,14200,training
1754995431.198883,10635,10635,0.041622161865234375,359.546875,0.08045578002929688,9.728K,0.027980804443359375,0,3,0,0,41.68359375,41.54296875,0,0,0,0.0,0,9,14300,training
1754995431.254001,10635,10635,0.041622161865234375,359.546875,0.08045578002929688,9.728K,0.027832984924316406,0,3,0,0,41.68359375,41.54296875,0,0,0,0.0,0,9,14400,training
1754995431.311999,10635,10635,0.041622161865234375,359.546875,0.08045578002929688,9.728K,0.029685497283935547,0,3,0,0,41.68359375,41.54296875,0,0,0,0.0,0,9,14500,training
1754995431.368465,10635,10635,0.041622161865234375,359.546875,0.08045578002929688,9.728K,0.029904842376708984,0,3,0,0,41.68359375,41.54296875,0,0,0,0.0,0,9,14600,training
1754995431.423906,10635,10635,0.041622161865234375,359.546875,0.08045578002929688,9.728K,0.029449462890625,0,3,0,0,41.68359375,41.54296875,0,0,0,0.0,0,9,14700,training
1754995431.472973,10635,10635,0.041622161865234375,359.546875,0.08045578002929688,9.728K,0.02880096435546875,0,3,0,0,41.68359375,41.54296875,0,0,0,0.0,0,9,14800,training
1754995431.52184,10635,10635,0.041622161865234375,359.546875,0.08045578002929688,9.728K,0.02730846405029297,0,3,0,0,41.68359375,41.54296875,0,0,0,0.0,0,9,14900,training
1754995431.574765,10635,10635,0.041622161865234375,359.578125,0.08045578002929688,9.728K,0.028557777404785156,0,3,0,0,41.68359375,41.54296875,0,0,0,0.0,0,9,15000,training
1754995431.623559,10635,10635,0.041622161865234375,359.578125,0.08045578002929688,9.728K,0.029048919677734375,0,3,0,0,41.68359375,41.54296875,0,0,0,0.0,0,9,15100,training
1754995431.671954,10635,10635,0.041622161865234375,359.578125,0.08045578002929688,9.728K,0.02702474594116211,0,3,0,0,41.68359375,41.54296875,0,0,0,0.0,0,9,15200,training
1754995431.720451,10635,10635,0.041622161865234375,359.578125,0.08045578002929688,9.728K,0.025298595428466797,0,3,0,0,41.68359375,41.54296875,0,0,0,0.0,0,9,15300,training
1754995431.768898,10635,10635,0.041622161865234375,359.578125,0.08045578002929688,9.728K,0.025699138641357422,0,3,0,0,41.68359375,41.54296875,0,0,0,0.0,0,9,15400,training
1754995431.8174589,10635,10635,0.041622161865234375,359.578125,0.08045578002929688,9.728K,0.025756359100341797,0,3,0,0,41.68359375,41.54296875,0,0,0,0.0,0,9,15500,training
1754995431.865815,10635,10635,0.041622161865234375,359.578125,0.08045578002929688,9.728K,0.025300979614257812,0,3,0,0,41.68359375,41.54296875,0,0,0,0.0,0,9,15600,training
1754995431.9151978,10635,10635,0.041622161865234375,359.578125,0.08045578002929688,9.728K,0.025379657745361328,0,3,0,0,41.68359375,41.54296875,0,0,0,0.0,0,9,15700,training
1754995431.9639602,10635,10635,0.041622161865234375,359.578125,0.08045578002929688,9.728K,0.025606155395507812,0,3,0,0,41.68359375,41.54296875,0,0,0,0.0,0,9,15800,training
1754995432.0122721,10635,10635,0.041622161865234375,359.609375,0.08045578002929688,9.728K,0.024967193603515625,0,3,0,0,41.68359375,41.54296875,0,0,0,0.0,0,9,15900,training
1754995432.060822,10635,10635,0.041622161865234375,359.609375,0.08045578002929688,9.728K,0.02565622329711914,0,3,0,0,41.68359375,41.54296875,0,0,0,0.0,0,9,16000,training
1754995432.109011,10635,10635,0.041622161865234375,359.609375,0.08045578002929688,9.728K,0.025649070739746094,0,3,0,0,41.68359375,41.54296875,0,0,0,0.0,0,9,16100,training
1754995432.157496,10635,10635,0.041622161865234375,359.609375,0.08045578002929688,9.728K,0.028617382049560547,0,3,0,0,41.68359375,41.54296875,0,0,0,0.0,0,9,16200,training
1754995432.20595,10635,10635,0.041622161865234375,359.609375,0.08045578002929688,9.728K,0.028972625732421875,0,3,0,0,41.68359375,41.54296875,0,0,0,0.0,0,9,16300,training
1754995432.254369,10635,10635,0.041622161865234375,359.609375,0.08045578002929688,9.728K,0.025660991668701172,0,3,0,0,41.68359375,41.54296875,0,0,0,0.0,0,9,16400,training
1754995432.302846,10635,10635,0.041622161865234375,359.609375,0.08045578002929688,9.728K,0.025265216827392578,0,3,0,0,41.68359375,41.54296875,0,0,0,0.0,0,9,16500,training
1754995432.351979,10635,10635,0.041622161865234375,359.609375,0.08045578002929688,9.728K,0.02565622329711914,0,3,0,0,41.68359375,41.54296875,0,0,0,0.0,0,9,16600,training
1754995432.4004989,10635,10635,0.041622161865234375,359.640625,0.08045578002929688,9.728K,0.025529861450195312,0,3,0,0,41.68359375,41.54296875,0,0,0,0.0,0,9,16700,training
1754995432.448674,10635,10635,0.041622161865234375,359.640625,0.08045578002929688,9.728K,0.025339126586914062,0,3,0,0,41.68359375,41.54296875,0,0,0,0.0,0,9,16800,training
1754995432.497133,10635,10635,0.041622161865234375,359.640625,0.08045578002929688,9.728K,0.025382041931152344,0,3,0,0,41.68359375,41.54296875,0,0,0,0.0,0,9,16900,training
1754995432.5459452,10635,10635,0.041622161865234375,359.640625,0.08045578002929688,9.728K,0.02548694610595703,0,3,0,0,41.68359375,41.54296875,0,0,0,0.0,0,9,17000,training
1754995432.594267,10635,10635,0.041622161865234375,359.640625,0.08045578002929688,9.728K,0.025637149810791016,0,3,0,0,41.68359375,41.54296875,0,0,0,0.0,0,9,17100,training
1754995432.643109,10635,10635,0.041622161865234375,359.640625,0.08045578002929688,9.728K,0.02582550048828125,0,3,0,0,41.68359375,41.54296875,0,0,0,0.0,0,9,17200,training
1754995432.6917791,10635,10635,0.041622161865234375,359.640625,0.08045578002929688,9.728K,0.02552509307861328,0,3,0,0,41.68359375,41.54296875,0,0,0,0.0,0,9,17300,training
1754995432.7401621,10635,10635,0.041622161865234375,359.640625,0.08045578002929688,9.728K,0.028765201568603516,0,3,0,0,41.68359375,41.54296875,0,0,0,0.0,0,9,17400,training
1754995432.788942,10635,10635,0.041622161865234375,359.640625,0.08045578002929688,9.728K,0.028073787689208984,0,3,0,0,41.68359375,41.54296875,0,0,0,0.0,0,9,17500,training
1754995432.837905,10635,10635,0.041622161865234375,359.640625,0.08045578002929688,9.728K,0.025341510772705078,0,3,0,0,41.68359375,41.54296875,0,0,0,0.0,0,9,17600,training
1754995432.886703,10635,10635,0.041622161865234375,359.640625,0.08045578002929688,9.728K,0.025260448455810547,0,3,0,0,41.68359375,41.54296875,0,0,0,0.0,0,9,17700,training
1754995432.9349859,10635,10635,0.041622161865234375,359.640625,0.08045578002929688,9.728K,0.026085376739501953,0,3,0,0,41.68359375,41.54296875,0,0,0,0.0,0,9,17800,training
1754995432.983563,10635,10635,0.041622161865234375,359.640625,0.08045578002929688,9.728K,0.025222301483154297,0,3,0,0,41.68359375,41.54296875,0,0,0,0.0,0,9,17900,training
1754995433.031945,10635,10635,0.041622161865234375,359.640625,0.08045578002929688,9.728K,0.025339126586914062,0,3,0,0,41.68359375,41.54296875,0,0,0,0.0,0,9,18000,training
1754995433.080529,10635,10635,0.041622161865234375,359.640625,0.08045578002929688,9.728K,0.02552032470703125,0,3,0,0,41.68359375,41.54296875,0,0,0,0.0,0,9,18100,training
1754995433.12923,10635,10635,0.041622161865234375,359.640625,0.08045578002929688,9.728K,0.025300979614257812,0,3,0,0,41.68359375,41.54296875,0,0,0,0.0,0,9,18200,training
1754995433.177078,10635,10635,0.041622161865234375,359.640625,0.08045578002929688,9.728K,0.025637149810791016,0,3,0,0,41.68359375,41.54296875,0,0,0,0.0,0,9,18300,training
1754995433.225937,10635,10635,0.041622161865234375,359.640625,0.08045578002929688,9.728K,0.02584695816040039,0,3,0,0,41.68359375,41.54296875,0,0,0,0.0,0,9,18400,training
1754995433.2742999,10635,10635,0.041622161865234375,359.640625,0.08045578002929688,9.728K,0.025870800018310547,0,3,0,0,41.68359375,41.54296875,0,0,0,0.0,0,9,18500,training
1754995433.3227909,10635,10635,0.041622161865234375,359.640625,0.08045578002929688,9.728K,0.028731822967529297,0,3,0,0,41.68359375,41.54296875,0,0,0,0.0,0,9,18600,training
1754995433.371892,10635,10635,0.041622161865234375,359.640625,0.08045578002929688,9.728K,0.026967525482177734,0,3,0,0,41.68359375,41.54296875,0,0,0,0.0,0,9,18700,training
1754995433.4211168,10635,10635,0.041622161865234375,359.65625,0.08045578002929688,9.728K,0.025599002838134766,0,3,0,0,41.68359375,41.54296875,0,0,0,0.0,0,9,18800,training
1754995433.4697769,10635,10635,0.041622161865234375,359.65625,0.08045578002929688,9.728K,0.02521991729736328,0,3,0,0,41.68359375,41.54296875,0,0,0,0.0,0,9,18900,training
1754995433.5183659,10635,10635,0.041622161865234375,359.65625,0.08045578002929688,9.728K,0.02573251724243164,0,3,0,0,41.68359375,41.54296875,0,0,0,0.0,0,9,19000,training
1754995433.5669131,10635,10635,0.041622161865234375,359.65625,0.08045578002929688,9.728K,0.025594234466552734,0,3,0,0,41.68359375,41.54296875,0,0,0,0.0,0,9,19100,training
1754995433.6163998,10635,10635,0.041622161865234375,359.65625,0.08045578002929688,9.728K,0.027191638946533203,0,3,0,0,41.68359375,41.54296875,0,0,0,0.0,0,9,19200,training
1754995433.667731,10635,10635,0.041622161865234375,359.65625,0.08045578002929688,9.728K,0.02565145492553711,0,3,0,0,41.68359375,41.54296875,0,0,0,0.0,0,9,19300,training
1754995433.7163851,10635,10635,0.041622161865234375,359.65625,0.08045578002929688,9.728K,0.02569437026977539,0,3,0,0,41.68359375,41.54296875,0,0,0,0.0,0,9,19400,training
1754995433.765281,10635,10635,0.041622161865234375,359.65625,0.08045578002929688,9.728K,0.025382041931152344,0,3,0,0,41.68359375,41.54296875,0,0,0,0.0,0,9,19500,training
1754995433.814332,10635,10635,0.041622161865234375,359.6875,0.08045578002929688,9.728K,0.025556087493896484,0,3,0,0,41.68359375,41.54296875,0,0,0,0.0,0,9,19600,training
1754995433.8628008,10635,10635,0.041622161865234375,359.6875,0.08045578002929688,9.728K,0.025641918182373047,0,3,0,0,41.68359375,41.54296875,0,0,0,0.0,0,9,19700,training
1754995433.911537,10635,10635,0.041622161865234375,359.6875,0.08045578002929688,9.728K,0.025513172149658203,0,3,0,0,41.68359375,41.54296875,0,0,0,0.0,0,9,19800,training
1754995433.959845,10635,10635,0.041622161865234375,359.6875,0.08045578002929688,9.728K,0.025687217712402344,0,3,0,0,41.68359375,41.54296875,0,0,0,0.0,0,9,19900,training
1754995434.0080771,10635,10635,0.041622161865234375,359.6875,0.08045578002929688,9.728K,0.02698659896850586,0,3,0,0,41.68359375,41.54296875,0,0,0,0.0,0,9,20000,training
1754995434.057181,10635,10635,0.041622161865234375,359.6875,0.08045578002929688,9.728K,0.02883434295654297,0,3,0,0,41.68359375,41.54296875,0,0,0,0.0,0,9,20100,training
1754995434.1058419,10635,10635,0.041622161865234375,359.6875,0.08045578002929688,9.728K,0.028777122497558594,0,3,0,0,41.68359375,41.54296875,0,0,0,0.0,0,9,20200,training
1754995434.15429,10635,10635,0.041622161865234375,359.6875,0.08045578002929688,9.728K,0.025646686553955078,0,3,0,0,41.68359375,41.54296875,0,0,0,0.0,0,9,20300,training
1754995434.2028139,10635,10635,0.041622161865234375,359.6875,0.08045578002929688,9.728K,0.02559185028076172,0,3,0,0,41.68359375,41.54296875,0,0,0,0.0,0,9,20400,training
1754995434.2513611,10635,10635,0.041622161865234375,359.6875,0.08045578002929688,9.728K,0.025913715362548828,0,3,0,0,41.68359375,41.54296875,0,0,0,0.0,0,9,20500,training
1754995434.299756,10635,10635,0.041622161865234375,359.6875,0.08045578002929688,9.728K,0.02568960189819336,0,3,0,0,41.68359375,41.54296875,0,0,0,0.0,0,9,20600,training
1754995434.3481972,10635,10635,0.041622161865234375,359.6875,0.08045578002929688,9.728K,0.025126934051513672,0,3,0,0,41.68359375,41.54296875,0,0,0,0.0,0,9,20700,training
1754995434.396631,10635,10635,0.041622161865234375,359.6875,0.08045578002929688,9.728K,0.02553701400756836,0,3,0,0,41.68359375,41.54296875,0,0,0,0.0,0,9,20800,training
1754995434.4449432,10635,10635,0.041622161865234375,359.6875,0.08045578002929688,9.728K,0.025475025177001953,0,3,0,0,41.68359375,41.54296875,0,0,0,0.0,0,9,20900,training
1754995434.493299,10635,10635,0.041622161865234375,359.6875,0.08045578002929688,9.728K,0.02538442611694336,0,3,0,0,41.68359375,41.54296875,0,0,0,0.0,0,9,21000,training
1754995434.541478,10635,10635,0.041622161865234375,359.6875,0.08045578002929688,9.728K,0.027418136596679688,0,3,0,0,41.68359375,41.54296875,0,0,0,0.0,0,9,21100,training
1754995434.590276,10635,10635,0.041622161865234375,359.6875,0.08045578002929688,9.728K,0.029366016387939453,0,3,0,0,41.68359375,41.54296875,0,0,0,0.0,0,9,21200,training
1754995434.638538,10635,10635,0.041622161865234375,359.6875,0.08045578002929688,9.728K,0.026752948760986328,0,3,0,0,41.68359375,41.54296875,0,0,0,0.0,0,9,21300,training
1754995434.686985,10635,10635,0.041622161865234375,359.6875,0.08045578002929688,9.728K,0.02533435821533203,0,3,0,0,41.68359375,41.54296875,0,0,0,0.0,0,9,21400,training
1754995434.735362,10635,10635,0.041622161865234375,359.6875,0.08045578002929688,9.728K,0.02559185028076172,0,3,0,0,41.68359375,41.54296875,0,0,0,0.0,0,9,21500,training
1754995434.783881,10635,10635,0.041622161865234375,359.6875,0.08045578002929688,9.728K,0.02567768096923828,0,3,0,0,41.68359375,41.54296875,0,0,0,0.0,0,9,21600,training
1754995434.832274,10635,10635,0.041622161865234375,359.6875,0.08045578002929688,9.728K,0.025284290313720703,0,3,0,0,41.68359375,41.54296875,0,0,0,0.0,0,9,21700,training
1754995434.880786,10635,10635,0.041622161865234375,359.6875,0.08045578002929688,9.728K,0.025382041931152344,0,3,0,0,41.68359375,41.54296875,0,0,0,0.0,0,9,21800,training
1754995434.929375,10635,10635,0.041622161865234375,359.6875,0.08045578002929688,9.728K,0.025649070739746094,0,3,0,0,41.68359375,41.54296875,0,0,0,0.0,0,9,21900,training
1754995434.977937,10635,10635,0.041622161865234375,359.6875,0.08045578002929688,9.728K,0.025420188903808594,0,3,0,0,41.68359375,41.54296875,0,0,0,0.0,0,9,22000,training
1754995435.026019,10635,10635,0.041622161865234375,359.6875,0.08045578002929688,9.728K,0.02594470977783203,0,3,0,0,41.68359375,41.54296875,0,0,0,0.0,0,9,22100,training
1754995435.074677,10635,10635,0.041622161865234375,359.6875,0.08045578002929688,9.728K,0.025815963745117188,0,3,0,0,41.68359375,41.54296875,0,0,0,0.0,0,9,22200,training
1754995435.123318,10635,10635,0.041622161865234375,359.6875,0.08045578002929688,9.728K,0.028712749481201172,0,3,0,0,41.68359375,41.54296875,0,0,0,0.0,0,9,22300,training
1754995435.1724741,10635,10635,0.041622161865234375,359.6875,0.08045578002929688,9.728K,0.02886056900024414,0,3,0,0,41.68359375,41.54296875,0,0,0,0.0,0,9,22400,training
1754995435.220845,10635,10635,0.041622161865234375,359.6875,0.08045578002929688,9.728K,0.025072097778320312,0,3,0,0,41.68359375,41.54296875,0,0,0,0.0,0,9,22500,training
1754995435.268797,10635,10635,0.041622161865234375,359.6875,0.08045578002929688,9.728K,0.02553701400756836,0,3,0,0,41.68359375,41.54296875,0,0,0,0.0,0,9,22600,training
1754995435.317288,10635,10635,0.041622161865234375,359.6875,0.08045578002929688,9.728K,0.026085376739501953,0,3,0,0,41.68359375,41.54296875,0,0,0,0.0,0,9,22700,training
1754995435.366186,10635,10635,0.041622161865234375,359.6875,0.08045578002929688,9.728K,0.025234222412109375,0,3,0,0,41.68359375,41.54296875,0,0,0,0.0,0,9,22800,training
1754995435.426383,10635,10635,0.041622161865234375,359.6875,0.08045578002929688,9.728K,0.030090808868408203,0,3,0,0,41.68359375,41.54296875,0,0,0,0.0,0,9,22900,training
1754995435.482383,10635,10635,0.041622161865234375,359.6875,0.08045578002929688,9.728K,0.02792835235595703,0,3,0,0,41.68359375,41.54296875,0,0,0,0.0,0,9,23000,training
1754995435.5402792,10635,10635,0.041622161865234375,359.6875,0.08045578002929688,9.728K,0.03798484802246094,0,3,0,0,41.68359375,41.54296875,0,0,0,0.0,0,9,23100,training
1754995435.5977988,10635,10635,0.041622161865234375,358.34375,0.08045578002929688,9.728K,0.028104782104492188,0,3,0,0,41.68359375,41.54296875,0,0,0,0.0,0,9,23200,training
1754995435.651094,10635,10635,0.041622161865234375,358.34375,0.08045578002929688,9.728K,0.02794504165649414,0,3,0,0,41.68359375,41.54296875,0,0,0,0.0,0,9,23300,training
1754995435.710405,10635,10635,0.041622161865234375,349.96875,0.08045578002929688,9.728K,0.03371000289916992,0,3,0,0,41.68359375,41.54296875,0,0,0,0.0,0,9,23400,training
1754995435.7727702,10635,10635,0.041622161865234375,349.671875,0.08045578002929688,9.728K,0.03708600997924805,0,3,0,0,41.68359375,41.54296875,0,0,0,0.0,0,9,23500,training
1754995435.836679,10635,10635,0.041622161865234375,349.53125,0.08045578002929688,9.728K,0.03011941909790039,0,3,0,0,41.68359375,41.54296875,0,0,0,0.0,0,9,23600,training
1754995435.894538,10635,10635,0.041622161865234375,349.53125,0.08045578002929688,9.728K,0.027987957000732422,0,3,0,0,41.68359375,41.54296875,0,0,0,0.0,0,9,23700,training
1754995435.9564679,10635,10635,0.041622161865234375,349.125,0.08045578002929688,9.728K,0.03722190856933594,0,3,0,0,41.68359375,41.54296875,0,0,0,0.0,0,9,23800,training
1754995436.02607,10635,10635,0.041622161865234375,349.15625,0.08045578002929688,9.728K,0.02779245376586914,0,3,0,0,41.68359375,41.54296875,0,0,0,0.0,0,9,23900,training
1754995436.082009,10635,10635,0.041622161865234375,349.15625,0.08045578002929688,9.728K,0.027492046356201172,0,3,0,0,41.68359375,41.54296875,0,0,0,0.0,0,9,24000,training
1754995436.1447139,10635,10635,0.041622161865234375,349.15625,0.08045578002929688,9.728K,0.025250911712646484,0,3,0,0,41.68359375,41.54296875,0,0,0,0.0,0,9,24100,training
1754995436.19314,10635,10635,0.041622161865234375,349.15625,0.08045578002929688,9.728K,0.025827884674072266,0,3,0,0,41.68359375,41.54296875,0,0,0,0.0,0,9,24200,training
1754995436.242362,10635,10635,0.041622161865234375,349.15625,0.08045578002929688,9.728K,0.025424957275390625,0,3,0,0,41.68359375,41.54296875,0,0,0,0.0,0,9,24300,training
1754995436.290976,10635,10635,0.041622161865234375,349.15625,0.08045578002929688,9.728K,0.027697086334228516,0,3,0,0,41.68359375,41.54296875,0,0,0,0.0,0,9,24400,training
1754995436.3403032,10635,10635,0.041622161865234375,349.15625,0.08045578002929688,9.728K,0.027873516082763672,0,3,0,0,41.68359375,41.54296875,0,0,0,0.0,0,9,24500,training
1754995436.389222,10635,10635,0.041622161865234375,349.15625,0.08045578002929688,9.728K,0.029363632202148438,0,3,0,0,41.68359375,41.54296875,0,0,0,0.0,0,9,24600,training
1754995436.437383,10635,10635,0.041622161865234375,349.15625,0.08045578002929688,9.728K,0.025441646575927734,0,3,0,0,41.68359375,41.54296875,0,0,0,0.0,0,9,24700,training
1754995436.488014,10635,10635,0.041622161865234375,349.1875,0.08045578002929688,9.728K,0.028011798858642578,0,3,0,0,41.68359375,41.54296875,0,0,0,0.0,0,9,24800,training
1754995436.551668,10635,10635,0.041622161865234375,349.1875,0.08045578002929688,9.728K,0.025370121002197266,0,3,0,0,41.68359375,41.54296875,0,0,0,0.0,0,9,24900,training
1754995436.601421,10635,10635,0.041622161865234375,349.1875,0.08045578002929688,9.728K,0.025470256805419922,0,3,0,0,41.68359375,41.54296875,0,0,0,0.0,0,9,25000,training
1754995436.649896,10635,10635,0.041622161865234375,349.21875,0.08045578002929688,9.728K,0.025453567504882812,0,3,0,0,41.68359375,41.54296875,0,0,0,0.0,0,9,25100,training
1754995436.698633,10635,10635,0.041622161865234375,349.21875,0.08045578002929688,9.728K,0.025386810302734375,0,3,0,0,41.68359375,41.54296875,0,0,0,0.0,0,9,25200,training
1754995436.747325,10635,10635,0.041622161865234375,349.21875,0.08045578002929688,9.728K,0.025787353515625,0,3,0,0,41.68359375,41.54296875,0,0,0,0.0,0,9,25300,training
1754995436.796298,10635,10635,0.041622161865234375,349.21875,0.08045578002929688,9.728K,0.025758743286132812,0,3,0,0,41.68359375,41.54296875,0,0,0,0.0,0,9,25400,training
1754995436.845972,10635,10635,0.041622161865234375,349.21875,0.08045578002929688,9.728K,0.02532958984375,0,3,0,0,41.68359375,41.54296875,0,0,0,0.0,0,9,25500,training
1754995436.895025,10635,10635,0.041622161865234375,349.21875,0.08045578002929688,9.728K,0.025305747985839844,0,3,0,0,41.68359375,41.54296875,0,0,0,0.0,0,9,25600,training
1754995436.943893,10635,10635,0.041622161865234375,349.21875,0.08045578002929688,9.728K,0.025854110717773438,0,3,0,0,41.68359375,41.54296875,0,0,0,0.0,0,9,25700,training
1754995436.991723,10635,10635,0.041622161865234375,349.21875,0.08045578002929688,9.728K,0.025911331176757812,0,3,0,0,41.68359375,41.54296875,0,0,0,0.0,0,9,25800,training
1754995437.040349,10635,10635,0.041622161865234375,349.21875,0.08045578002929688,9.728K,0.028641223907470703,0,3,0,0,41.68359375,41.54296875,0,0,0,0.0,0,9,25900,training
1754995437.089248,10635,10635,0.041622161865234375,349.21875,0.08045578002929688,9.728K,0.028977394104003906,0,3,0,0,41.68359375,41.54296875,0,0,0,0.0,0,9,26000,training
1754995437.138331,10635,10635,0.041622161865234375,349.21875,0.08045578002929688,9.728K,0.02790689468383789,0,3,0,0,41.68359375,41.54296875,0,0,0,0.0,0,9,26100,training
1754995437.186887,10635,10635,0.041622161865234375,349.21875,0.08045578002929688,9.728K,0.025739669799804688,0,3,0,0,41.68359375,41.54296875,0,0,0,0.0,0,9,26200,training
1754995437.2359428,10635,10635,0.041622161865234375,349.21875,0.08045578002929688,9.728K,0.02561330795288086,0,3,0,0,41.68359375,41.54296875,0,0,0,0.0,0,9,26300,training
1754995437.284492,10635,10635,0.041622161865234375,349.21875,0.08045578002929688,9.728K,0.025758743286132812,0,3,0,0,41.68359375,41.54296875,0,0,0,0.0,0,9,26400,training
1754995437.332402,10635,10635,0.041622161865234375,349.21875,0.08045578002929688,9.728K,0.025260448455810547,0,3,0,0,41.68359375,41.54296875,0,0,0,0.0,0,9,26500,training
1754995437.3805592,10635,10635,0.041622161865234375,349.21875,0.08045578002929688,9.728K,0.025262832641601562,0,3,0,0,41.68359375,41.54296875,0,0,0,0.0,0,9,26600,training
1754995437.429132,10635,10635,0.041622161865234375,349.21875,0.08045578002929688,9.728K,0.02529621124267578,0,3,0,0,41.68359375,41.54296875,0,0,0,0.0,0,9,26700,training
1754995437.477812,10635,10635,0.041622161865234375,349.21875,0.08045578002929688,9.728K,0.025467872619628906,0,3,0,0,41.68359375,41.54296875,0,0,0,0.0,0,9,26800,training
1754995437.526558,10635,10635,0.041622161865234375,349.21875,0.08045578002929688,9.728K,0.02562999725341797,0,3,0,0,41.68359375,41.54296875,0,0,0,0.0,0,9,26900,training
1754995437.574676,10635,10635,0.041622161865234375,349.21875,0.08045578002929688,9.728K,0.02562999725341797,0,3,0,0,41.68359375,41.54296875,0,0,0,0.0,0,9,27000,training
1754995437.6234372,10635,10635,0.041622161865234375,349.21875,0.08045578002929688,9.728K,0.032439231872558594,0,3,0,0,41.68359375,41.54296875,0,0,0,0.0,0,9,27100,training
1754995437.672296,10635,10635,0.041622161865234375,349.21875,0.08045578002929688,9.728K,0.028641223907470703,0,3,0,0,41.68359375,41.54296875,0,0,0,0.0,0,9,27200,training
1754995437.7206159,10635,10635,0.041622161865234375,349.21875,0.08045578002929688,9.728K,0.0252532958984375,0,3,0,0,41.68359375,41.54296875,0,0,0,0.0,0,9,27300,training
1754995437.769634,10635,10635,0.041622161865234375,349.21875,0.08045578002929688,9.728K,0.02556324005126953,0,3,0,0,41.68359375,41.54296875,0,0,0,0.0,0,9,27400,training
1754995437.817965,10635,10635,0.041622161865234375,349.21875,0.08045578002929688,9.728K,0.025739669799804688,0,3,0,0,41.68359375,41.54296875,0,0,0,0.0,0,9,27500,training
1754995437.866872,10635,10635,0.041622161865234375,349.21875,0.08045578002929688,9.728K,0.025453567504882812,0,3,0,0,41.68359375,41.54296875,0,0,0,0.0,0,9,27600,training
1754995437.915503,10635,10635,0.041622161865234375,349.21875,0.08045578002929688,9.728K,0.025241374969482422,0,3,0,0,41.68359375,41.54296875,0,0,0,0.0,0,9,27700,training
1754995437.9640498,10635,10635,0.041622161865234375,349.21875,0.08045578002929688,9.728K,0.025088787078857422,0,3,0,0,41.68359375,41.54296875,0,0,0,0.0,0,9,27800,training
1754995438.013224,10635,10635,0.041622161865234375,349.234375,0.08045578002929688,9.728K,0.025913715362548828,0,3,0,0,41.68359375,41.54296875,0,0,0,0.0,0,9,27900,training
1754995438.061402,10635,10635,0.041622161865234375,349.234375,0.08045578002929688,9.728K,0.025551319122314453,0,3,0,0,41.68359375,41.54296875,0,0,0,0.0,0,9,28000,training
1754995438.110249,10635,10635,0.041622161865234375,349.234375,0.08045578002929688,9.728K,0.02565145492553711,0,3,0,0,41.68359375,41.54296875,0,0,0,0.0,0,9,28100,training
1754995438.158459,10635,10635,0.041622161865234375,349.234375,0.08045578002929688,9.728K,0.025513172149658203,0,3,0,0,41.68359375,41.54296875,0,0,0,0.0,0,9,28200,training
1754995438.2072608,10635,10635,0.041622161865234375,349.234375,0.08045578002929688,9.728K,0.02972126007080078,0,3,0,0,41.68359375,41.54296875,0,0,0,0.0,0,9,28300,training
1754995438.2564769,10635,10635,0.041622161865234375,349.234375,0.08045578002929688,9.728K,0.028769969940185547,0,3,0,0,41.68359375,41.54296875,0,0,0,0.0,0,9,28400,training
1754995438.304946,10635,10635,0.041622161865234375,349.234375,0.08045578002929688,9.728K,0.026628971099853516,0,3,0,0,41.68359375,41.54296875,0,0,0,0.0,0,9,28500,training
1754995438.35358,10635,10635,0.041622161865234375,349.234375,0.08045578002929688,9.728K,0.025484561920166016,0,3,0,0,41.68359375,41.54296875,0,0,0,0.0,0,9,28600,training
1754995438.4024389,10635,10635,0.041622161865234375,349.234375,0.08045578002929688,9.728K,0.025534629821777344,0,3,0,0,41.68359375,41.54296875,0,0,0,0.0,0,9,28700,training
1754995438.451073,10635,10635,0.041622161865234375,349.234375,0.08045578002929688,9.728K,0.025811195373535156,0,3,0,0,41.68359375,41.54296875,0,0,0,0.0,0,9,28800,training
1754995438.499796,10635,10635,0.041622161865234375,349.234375,0.08045578002929688,9.728K,0.025432109832763672,0,3,0,0,41.68359375,41.54296875,0,0,0,0.0,0,9,28900,training
1754995438.5484421,10635,10635,0.041622161865234375,349.234375,0.08045578002929688,9.728K,0.02547740936279297,0,3,0,0,41.68359375,41.54296875,0,0,0,0.0,0,9,29000,training
1754995438.597044,10635,10635,0.041622161865234375,349.234375,0.08045578002929688,9.728K,0.025861263275146484,0,3,0,0,41.68359375,41.54296875,0,0,0,0.0,0,9,29100,training
1754995438.646061,10635,10635,0.041622161865234375,349.234375,0.08045578002929688,9.728K,0.025599002838134766,0,3,0,0,41.68359375,41.54296875,0,0,0,0.0,0,9,29200,training
1754995438.694389,10635,10635,0.041622161865234375,349.234375,0.08045578002929688,9.728K,0.02553701400756836,0,3,0,0,41.68359375,41.54296875,0,0,0,0.0,0,9,29300,training
1754995438.742581,10635,10635,0.041622161865234375,349.234375,0.08045578002929688,9.728K,0.025954246520996094,0,3,0,0,41.68359375,41.54296875,0,0,0,0.0,0,9,29400,training
1754995438.791185,10635,10635,0.041622161865234375,349.234375,0.08045578002929688,9.728K,0.027518272399902344,0,3,0,0,41.68359375,41.54296875,0,0,0,0.0,0,9,29500,training
1754995438.839757,10635,10635,0.041622161865234375,349.234375,0.08045578002929688,9.728K,0.02866506576538086,0,3,0,0,41.68359375,41.54296875,0,0,0,0.0,0,9,29600,training
1754995438.889046,10635,10635,0.041622161865234375,349.234375,0.08045578002929688,9.728K,0.027973651885986328,0,3,0,0,41.68359375,41.54296875,0,0,0,0.0,0,9,29700,training
1754995438.937095,10635,10635,0.041622161865234375,349.234375,0.08045578002929688,9.728K,0.025246143341064453,0,3,0,0,41.68359375,41.54296875,0,0,0,0.0,0,9,29800,training
1754995438.985966,10635,10635,0.041622161865234375,349.234375,0.08045578002929688,9.728K,0.025420188903808594,0,3,0,0,41.68359375,41.54296875,0,0,0,0.0,0,9,29900,training
1754995439.034208,10635,10635,0.041622161865234375,349.234375,0.08045578002929688,9.728K,0.025641918182373047,0,3,0,0,41.68359375,41.54296875,0,0,0,0.0,0,9,30000,training
1754995439.082295,10635,10635,0.041622161865234375,349.234375,0.08045578002929688,9.728K,0.025565624237060547,0,3,0,0,41.68359375,41.54296875,0,0,0,0.0,0,9,30100,training
1754995439.1306188,10635,10635,0.041622161865234375,349.234375,0.08045578002929688,9.728K,0.02550363540649414,0,3,0,0,41.68359375,41.54296875,0,0,0,0.0,0,9,30200,training
1754995439.178951,10635,10635,0.041622161865234375,349.234375,0.08045578002929688,9.728K,0.025615692138671875,0,3,0,0,41.68359375,41.54296875,0,0,0,0.0,0,9,30300,training
1754995439.227264,10635,10635,0.041622161865234375,349.234375,0.08045578002929688,9.728K,0.02590179443359375,0,3,0,0,41.68359375,41.54296875,0,0,0,0.0,0,9,30400,training
1754995439.276017,10635,10635,0.041622161865234375,349.234375,0.08045578002929688,9.728K,0.025794506072998047,0,3,0,0,41.68359375,41.54296875,0,0,0,0.0,0,9,30500,training
1754995439.3246799,10635,10635,0.041622161865234375,349.234375,0.08045578002929688,9.728K,0.027306079864501953,0,3,0,0,41.68359375,41.54296875,0,0,0,0.0,0,9,30600,training
1754995439.3735292,10635,10635,0.041622161865234375,349.234375,0.08045578002929688,9.728K,0.03019094467163086,0,3,0,0,41.68359375,41.54296875,0,0,0,0.0,0,9,30700,training
1754995439.4223518,10635,10635,0.041622161865234375,349.234375,0.08045578002929688,9.728K,0.028753280639648438,0,3,0,0,41.68359375,41.54296875,0,0,0,0.0,0,9,30800,training
1754995439.4708369,10635,10635,0.041622161865234375,349.234375,0.08045578002929688,9.728K,0.02513885498046875,0,3,0,0,41.68359375,41.54296875,0,0,0,0.0,0,9,30900,training
1754995439.519551,10635,10635,0.041622161865234375,349.234375,0.08045578002929688,9.728K,0.025265216827392578,0,3,0,0,41.68359375,41.54296875,0,0,0,0.0,0,9,31000,training
1754995439.567806,10635,10635,0.041622161865234375,349.234375,0.08045578002929688,9.728K,0.025837421417236328,0,3,0,0,41.68359375,41.54296875,0,0,0,0.0,0,9,31100,training
1754995439.615704,10635,10635,0.041622161865234375,349.234375,0.08045578002929688,9.728K,0.02515554428100586,0,3,0,0,41.68359375,41.54296875,0,0,0,0.0,0,9,31200,training
1754995439.664493,10635,10635,0.041622161865234375,349.234375,0.08045578002929688,9.728K,0.025699138641357422,0,3,0,0,41.68359375,41.54296875,0,0,0,0.0,0,9,31300,training
1754995439.713344,10635,10635,0.041622161865234375,349.234375,0.08045578002929688,9.728K,0.025684833526611328,0,3,0,0,41.68359375,41.54296875,0,0,0,0.0,0,9,31400,training
1754995439.7613719,10635,10635,0.041622161865234375,349.234375,0.08045578002929688,9.728K,0.025415420532226562,0,3,0,0,41.68359375,41.54296875,0,0,0,0.0,0,9,31500,training
1754995439.810005,10635,10635,0.041622161865234375,349.234375,0.08045578002929688,9.728K,0.025775432586669922,0,3,0,0,41.68359375,41.54296875,0,0,0,0.0,0,9,31600,training
1754995439.8589702,10635,10635,0.041622161865234375,349.234375,0.08045578002929688,9.728K,0.025572776794433594,0,3,0,0,41.68359375,41.54296875,0,0,0,0.0,0,9,31700,training
1754995439.90842,10635,10635,0.041622161865234375,349.234375,0.08045578002929688,9.728K,0.025653839111328125,0,3,0,0,41.68359375,41.54296875,0,0,0,0.0,0,9,31800,training
1754995439.957301,10635,10635,0.041622161865234375,349.234375,0.08045578002929688,9.728K,0.028176307678222656,0,3,0,0,41.68359375,41.54296875,0,0,0,0.0,0,9,31900,training
1754995440.007176,10635,10635,0.041622161865234375,349.234375,0.08045578002929688,9.728K,0.029449462890625,0,3,0,0,41.68359375,41.54296875,0,0,0,0.0,0,9,32000,training
1754995440.057034,10635,10635,0.041622161865234375,349.234375,0.08045578002929688,9.728K,0.028884410858154297,0,3,0,0,41.68359375,41.54296875,0,0,0,0.0,0,9,32100,training
1754995440.1061,10635,10635,0.041622161865234375,349.234375,0.08045578002929688,9.728K,0.02834796905517578,0,3,0,0,41.68359375,41.54296875,0,0,0,0.0,0,9,32200,training
1754995440.154388,10635,10635,0.041622161865234375,349.234375,0.08045578002929688,9.728K,0.025353431701660156,0,3,0,0,41.68359375,41.54296875,0,0,0,0.0,0,9,32300,training
1754995440.203605,10635,10635,0.041622161865234375,349.234375,0.08045578002929688,9.728K,0.025234222412109375,0,3,0,0,41.68359375,41.54296875,0,0,0,0.0,0,9,32400,training
1754995440.2526348,10635,10635,0.041622161865234375,349.234375,0.08045578002929688,9.728K,0.025758743286132812,0,3,0,0,41.68359375,41.54296875,0,0,0,0.0,0,9,32500,training
1754995440.30093,10635,10635,0.041622161865234375,349.234375,0.08045578002929688,9.728K,0.025625228881835938,0,3,0,0,41.68359375,41.54296875,0,0,0,0.0,0,9,32600,training
1754995440.349731,10635,10635,0.041622161865234375,349.25,0.08045578002929688,9.728K,0.02568960189819336,0,3,0,0,41.68359375,41.54296875,0,0,0,0.0,0,9,32700,training
1754995440.398536,10635,10635,0.041622161865234375,349.25,0.08045578002929688,9.728K,0.025141239166259766,0,3,0,0,41.68359375,41.54296875,0,0,0,0.0,0,9,32800,training
1754995440.447053,10635,10635,0.041622161865234375,349.25,0.08045578002929688,9.728K,0.02543926239013672,0,3,0,0,41.68359375,41.54296875,0,0,0,0.0,0,9,32900,training
1754995440.495405,10635,10635,0.041622161865234375,349.28125,0.08045578002929688,9.728K,0.025701522827148438,0,3,0,0,41.68359375,41.54296875,0,0,0,0.0,0,9,33000,training
1754995440.5440419,10635,10635,0.041622161865234375,349.28125,0.08045578002929688,9.728K,0.02521038055419922,0,3,0,0,41.68359375,41.54296875,0,0,0,0.0,0,9,33100,training
1754995440.592461,10635,10635,0.041622161865234375,349.28125,0.08045578002929688,9.728K,0.025408267974853516,0,3,0,0,41.68359375,41.54296875,0,0,0,0.0,0,9,33200,training
1754995440.6409101,10635,10635,0.041622161865234375,349.28125,0.08045578002929688,9.728K,0.027179718017578125,0,3,0,0,41.68359375,41.54296875,0,0,0,0.0,0,9,33300,training
1754995440.689901,10635,10635,0.041622161865234375,349.28125,0.08045578002929688,9.728K,0.028617382049560547,0,3,0,0,41.68359375,41.54296875,0,0,0,0.0,0,9,33400,training
1754995440.737967,10635,10635,0.041622161865234375,349.28125,0.08045578002929688,9.728K,0.026519298553466797,0,3,0,0,41.68359375,41.54296875,0,0,0,0.0,0,9,33500,training
1754995440.786203,10635,10635,0.041622161865234375,349.28125,0.08045578002929688,9.728K,0.025129318237304688,0,3,0,0,41.68359375,41.54296875,0,0,0,0.0,0,9,33600,training
1754995440.839128,10635,10635,0.041622161865234375,349.3125,0.08045578002929688,9.728K,0.02954721450805664,0,3,0,0,41.68359375,41.54296875,0,0,0,0.0,0,9,33700,training
1754995440.888534,10635,10635,0.041622161865234375,349.3125,0.08045578002929688,9.728K,0.027434825897216797,0,3,0,0,41.68359375,41.54296875,0,0,0,0.0,0,9,33800,training
1754995440.937119,10635,10635,0.041622161865234375,349.34375,0.08045578002929688,9.728K,0.024993419647216797,0,3,0,0,41.68359375,41.54296875,0,0,0,0.0,0,9,33900,training
1754995440.98547,10635,10635,0.041622161865234375,349.34375,0.08045578002929688,9.728K,0.025725364685058594,0,3,0,0,41.68359375,41.54296875,0,0,0,0.0,0,9,34000,training
1754995441.034121,10635,10635,0.041622161865234375,349.34375,0.08045578002929688,9.728K,0.02551555633544922,0,3,0,0,41.68359375,41.54296875,0,0,0,0.0,0,9,34100,training
1754995441.0826051,10635,10635,0.041622161865234375,349.34375,0.08045578002929688,9.728K,0.02596139907836914,0,3,0,0,41.68359375,41.54296875,0,0,0,0.0,0,9,34200,training
1754995441.131392,10635,10635,0.041622161865234375,349.34375,0.08045578002929688,9.728K,0.025408267974853516,0,3,0,0,41.68359375,41.54296875,0,0,0,0.0,0,9,34300,training
1754995441.179413,10635,10635,0.041622161865234375,349.34375,0.08045578002929688,9.728K,0.02525806427001953,0,3,0,0,41.68359375,41.54296875,0,0,0,0.0,0,9,34400,training
1754995441.2282481,10635,10635,0.041622161865234375,349.34375,0.08045578002929688,9.728K,0.02521991729736328,0,3,0,0,41.68359375,41.54296875,0,0,0,0.0,0,9,34500,training
1754995441.2765288,10635,10635,0.041622161865234375,349.34375,0.08045578002929688,9.728K,0.025374889373779297,0,3,0,0,41.68359375,41.54296875,0,0,0,0.0,0,9,34600,training
1754995441.324523,10635,10635,0.041622161865234375,349.34375,0.08045578002929688,9.728K,0.025751590728759766,0,3,0,0,41.68359375,41.54296875,0,0,0,0.0,0,9,34700,training
1754995441.372965,10635,10635,0.041622161865234375,349.34375,0.08045578002929688,9.728K,0.029256343841552734,0,3,0,0,41.68359375,41.54296875,0,0,0,0.0,0,9,34800,training
1754995441.421964,10635,10635,0.041622161865234375,349.34375,0.08045578002929688,9.728K,0.028197765350341797,0,3,0,0,41.68359375,41.54296875,0,0,0,0.0,0,9,34900,training
1754995441.4705348,10635,10635,0.041622161865234375,349.34375,0.08045578002929688,9.728K,0.025322437286376953,0,3,0,0,41.68359375,41.54296875,0,0,0,0.0,0,9,35000,training
1754995441.518844,10635,10635,0.041622161865234375,349.34375,0.08045578002929688,9.728K,0.025250911712646484,0,3,0,0,41.68359375,41.54296875,0,0,0,0.0,0,9,35100,training
1754995441.567717,10635,10635,0.041622161865234375,349.375,0.08045578002929688,9.728K,0.025675296783447266,0,3,0,0,41.68359375,41.54296875,0,0,0,0.0,0,9,35200,training
1754995441.616096,10635,10635,0.041622161865234375,349.375,0.08045578002929688,9.728K,0.025396347045898438,0,3,0,0,41.68359375,41.54296875,0,0,0,0.0,0,9,35300,training
1754995441.664618,10635,10635,0.041622161865234375,349.375,0.08045578002929688,9.728K,0.025494098663330078,0,3,0,0,41.68359375,41.54296875,0,0,0,0.0,0,9,35400,training
1754995441.712839,10635,10635,0.041622161865234375,349.375,0.08045578002929688,9.728K,0.025513172149658203,0,3,0,0,41.68359375,41.54296875,0,0,0,0.0,0,9,35500,training
1754995441.76122,10635,10635,0.041622161865234375,349.375,0.08045578002929688,9.728K,0.025861263275146484,0,3,0,0,41.68359375,41.54296875,0,0,0,0.0,0,9,35600,training
1754995441.809346,10635,10635,0.041622161865234375,349.375,0.08045578002929688,9.728K,0.02565622329711914,0,3,0,0,41.68359375,41.54296875,0,0,0,0.0,0,9,35700,training
1754995441.857434,10635,10635,0.041622161865234375,349.375,0.08045578002929688,9.728K,0.02559185028076172,0,3,0,0,41.68359375,41.54296875,0,0,0,0.0,0,9,35800,training
1754995441.906827,10635,10635,0.041622161865234375,349.375,0.08045578002929688,9.728K,0.029616355895996094,0,3,0,0,41.68359375,41.54296875,0,0,0,0.0,0,9,35900,training
1754995441.9552178,10635,10635,0.041622161865234375,349.375,0.08045578002929688,9.728K,0.02849578857421875,0,3,0,0,41.68359375,41.54296875,0,0,0,0.0,0,9,36000,training
1754995442.004401,10635,10635,0.041622161865234375,349.375,0.08045578002929688,9.728K,0.02734661102294922,0,3,0,0,41.68359375,41.54296875,0,0,0,0.0,0,9,36100,training
1754995442.056382,10635,10635,0.041622161865234375,349.375,0.08045578002929688,9.728K,0.028655529022216797,0,3,0,0,41.68359375,41.54296875,0,0,0,0.0,0,9,36200,training
1754995442.1062489,10635,10635,0.041622161865234375,349.375,0.08045578002929688,9.728K,0.02926349639892578,0,3,0,0,41.68359375,41.54296875,0,0,0,0.0,0,9,36300,training
1754995442.1546361,10635,10635,0.041622161865234375,349.375,0.08045578002929688,9.728K,0.026559829711914062,0,3,0,0,41.68359375,41.54296875,0,0,0,0.0,0,9,36400,training
1754995442.203259,10635,10635,0.041622161865234375,349.375,0.08045578002929688,9.728K,0.025343894958496094,0,3,0,0,41.68359375,41.54296875,0,0,0,0.0,0,9,36500,training
1754995442.2515872,10635,10635,0.041622161865234375,349.375,0.08045578002929688,9.728K,0.025658607482910156,0,3,0,0,41.68359375,41.54296875,0,0,0,0.0,0,9,36600,training
1754995442.3004,10635,10635,0.041622161865234375,349.375,0.08045578002929688,9.728K,0.02574920654296875,0,3,0,0,41.68359375,41.54296875,0,0,0,0.0,0,9,36700,training
1754995442.348823,10635,10635,0.041622161865234375,349.375,0.08045578002929688,9.728K,0.025153160095214844,0,3,0,0,41.68359375,41.54296875,0,0,0,0.0,0,9,36800,training
1754995442.397951,10635,10635,0.041622161865234375,349.375,0.08045578002929688,9.728K,0.025403499603271484,0,3,0,0,41.68359375,41.54296875,0,0,0,0.0,0,9,36900,training
1754995442.446452,10635,10635,0.041622161865234375,349.375,0.08045578002929688,9.728K,0.025293827056884766,0,3,0,0,41.68359375,41.54296875,0,0,0,0.0,0,9,37000,training
1754995442.495029,10635,10635,0.041622161865234375,349.375,0.08045578002929688,9.728K,0.025396347045898438,0,3,0,0,41.68359375,41.54296875,0,0,0,0.0,0,9,37100,training
1754995442.543742,10635,10635,0.041622161865234375,349.375,0.08045578002929688,9.728K,0.025813579559326172,0,3,0,0,41.68359375,41.54296875,0,0,0,0.0,0,9,37200,training
1754995442.592104,10635,10635,0.041622161865234375,349.375,0.08045578002929688,9.728K,0.025377273559570312,0,3,0,0,41.68359375,41.54296875,0,0,0,0.0,0,9,37300,training
1754995442.6407082,10635,10635,0.041622161865234375,349.375,0.08045578002929688,9.728K,0.028297901153564453,0,3,0,0,41.68359375,41.54296875,0,0,0,0.0,0,9,37400,training
1754995442.689239,10635,10635,0.041622161865234375,349.375,0.08045578002929688,9.728K,0.029163360595703125,0,3,0,0,41.68359375,41.54296875,0,0,0,0.0,0,9,37500,training
1754995442.7374878,10635,10635,0.041622161865234375,349.390625,0.08045578002929688,9.728K,0.025315284729003906,0,3,0,0,41.68359375,41.54296875,0,0,0,0.0,0,9,37600,training
1754995442.786622,10635,10635,0.041622161865234375,349.390625,0.08045578002929688,9.728K,0.02521514892578125,0,3,0,0,41.68359375,41.54296875,0,0,0,0.0,0,9,37700,training
1754995442.835335,10635,10635,0.041622161865234375,349.390625,0.08045578002929688,9.728K,0.025331974029541016,0,3,0,0,41.68359375,41.54296875,0,0,0,0.0,0,9,37800,training
1754995442.884083,10635,10635,0.041622161865234375,349.421875,0.08045578002929688,9.728K,0.025544166564941406,0,3,0,0,41.68359375,41.54296875,0,0,0,0.0,0,9,37900,training
1754995442.9328861,10635,10635,0.041622161865234375,349.421875,0.08045578002929688,9.728K,0.025603771209716797,0,3,0,0,41.68359375,41.54296875,0,0,0,0.0,0,9,38000,training
1754995442.980822,10635,10635,0.041622161865234375,349.421875,0.08045578002929688,9.728K,0.025396347045898438,0,3,0,0,41.68359375,41.54296875,0,0,0,0.0,0,9,38100,training
1754995443.029645,10635,10635,0.041622161865234375,349.421875,0.08045578002929688,9.728K,0.025637149810791016,0,3,0,0,41.68359375,41.54296875,0,0,0,0.0,0,9,38200,training
1754995443.078194,10635,10635,0.041622161865234375,349.421875,0.08045578002929688,9.728K,0.025184154510498047,0,3,0,0,41.68359375,41.54296875,0,0,0,0.0,0,9,38300,training
1754995443.126286,10635,10635,0.041622161865234375,349.453125,0.08045578002929688,9.728K,0.025434494018554688,0,3,0,0,41.68359375,41.54296875,0,0,0,0.0,0,9,38400,training
1754995443.174724,10635,10635,0.041622161865234375,349.453125,0.08045578002929688,9.728K,0.025889873504638672,0,3,0,0,41.68359375,41.54296875,0,0,0,0.0,0,9,38500,training
1754995443.223852,10635,10635,0.041622161865234375,349.453125,0.08045578002929688,9.728K,0.029327869415283203,0,3,0,0,41.68359375,41.54296875,0,0,0,0.0,0,9,38600,training
1754995443.272817,10635,10635,0.041622161865234375,349.453125,0.08045578002929688,9.728K,0.029323101043701172,0,3,0,0,41.68359375,41.54296875,0,0,0,0.0,0,9,38700,training
1754995443.320981,10635,10635,0.041622161865234375,349.453125,0.08045578002929688,9.728K,0.025622844696044922,0,3,0,0,41.68359375,41.54296875,0,0,0,0.0,0,9,38800,training
1754995443.3692522,10635,10635,0.041622161865234375,349.453125,0.08045578002929688,9.728K,0.025534629821777344,0,3,0,0,41.68359375,41.54296875,0,0,0,0.0,0,9,38900,training
1754995443.418009,10635,10635,0.041622161865234375,349.453125,0.08045578002929688,9.728K,0.025873184204101562,0,3,0,0,41.68359375,41.54296875,0,0,0,0.0,0,9,39000,training
1754995443.4665542,10635,10635,0.041622161865234375,349.453125,0.08045578002929688,9.728K,0.02557516098022461,0,3,0,0,41.68359375,41.54296875,0,0,0,0.0,0,9,39100,training
1754995443.5149398,10635,10635,0.041622161865234375,349.453125,0.08045578002929688,9.728K,0.025126934051513672,0,3,0,0,41.68359375,41.54296875,0,0,0,0.0,0,9,39200,training
1754995443.5633678,10635,10635,0.041622161865234375,349.453125,0.08045578002929688,9.728K,0.025429725646972656,0,3,0,0,41.68359375,41.54296875,0,0,0,0.0,0,9,39300,training
1754995443.612545,10635,10635,0.041622161865234375,349.453125,0.08045578002929688,9.728K,0.02546548843383789,0,3,0,0,41.68359375,41.54296875,0,0,0,0.0,0,9,39400,training
1754995443.6605928,10635,10635,0.041622161865234375,349.453125,0.08045578002929688,9.728K,0.02561807632446289,0,3,0,0,41.68359375,41.54296875,0,0,0,0.0,0,9,39500,training
1754995443.709646,10635,10635,0.041622161865234375,349.453125,0.08045578002929688,9.728K,0.025501251220703125,0,3,0,0,41.68359375,41.54296875,0,0,0,0.0,0,9,39600,training
1754995443.7575989,10635,10635,0.041622161865234375,349.453125,0.08045578002929688,9.728K,0.027186870574951172,0,3,0,0,41.68359375,41.54296875,0,0,0,0.0,0,9,39700,training
1754995443.806022,10635,10635,0.041622161865234375,349.46875,0.08045578002929688,9.728K,0.029053688049316406,0,3,0,0,41.68359375,41.54296875,0,0,0,0.0,0,9,39800,training
1754995443.854021,10635,10635,0.041622161865234375,349.46875,0.08045578002929688,9.728K,0.025222301483154297,0,3,0,0,41.68359375,41.54296875,0,0,0,0.0,0,9,39900,training
1754995443.902993,10635,10635,0.041622161865234375,349.46875,0.08045578002929688,9.728K,0.02531290054321289,0,3,0,0,41.68359375,41.54296875,0,0,0,0.0,0,9,40000,training
1754995443.953003,10635,10635,0.041622161865234375,349.46875,0.08045578002929688,9.728K,0.025227069854736328,0,3,0,0,41.68359375,41.54296875,0,0,0,0.0,0,9,40100,training
1754995444.0016,10635,10635,0.041622161865234375,349.46875,0.08045578002929688,9.728K,0.025532245635986328,0,3,0,0,41.68359375,41.54296875,0,0,0,0.0,0,9,40200,training
1754995444.049967,10635,10635,0.041622161865234375,349.46875,0.08045578002929688,9.728K,0.025684833526611328,0,3,0,0,41.68359375,41.54296875,0,0,0,0.0,0,9,40300,training
1754995444.0984461,10635,10635,0.041622161865234375,349.46875,0.08045578002929688,9.728K,0.025658607482910156,0,3,0,0,41.68359375,41.54296875,0,0,0,0.0,0,9,40400,training
1754995444.146892,10635,10635,0.041622161865234375,349.46875,0.08045578002929688,9.728K,0.02557992935180664,0,3,0,0,41.68359375,41.54296875,0,0,0,0.0,0,9,40500,training
1754995444.195762,10635,10635,0.041622161865234375,349.46875,0.08045578002929688,9.728K,0.025646686553955078,0,3,0,0,41.68359375,41.54296875,0,0,0,0.0,0,9,40600,training
1754995444.244017,10635,10635,0.041622161865234375,349.46875,0.08045578002929688,9.728K,0.025894641876220703,0,3,0,0,41.68359375,41.54296875,0,0,0,0.0,0,9,40700,training
1754995444.292232,10635,10635,0.041622161865234375,349.46875,0.08045578002929688,9.728K,0.025734901428222656,0,3,0,0,41.68359375,41.54296875,0,0,0,0.0,0,9,40800,training
1754995444.340786,10635,10635,0.041622161865234375,349.46875,0.08045578002929688,9.728K,0.027530193328857422,0,3,0,0,41.68359375,41.54296875,0,0,0,0.0,0,9,40900,training
1754995444.389188,10635,10635,0.041622161865234375,349.46875,0.08045578002929688,9.728K,0.028395652770996094,0,3,0,0,41.68359375,41.54296875,0,0,0,0.0,0,9,41000,training
1754995444.437425,10635,10635,0.041622161865234375,349.46875,0.08045578002929688,9.728K,0.025470256805419922,0,3,0,0,41.68359375,41.54296875,0,0,0,0.0,0,9,41100,training
1754995444.486148,10635,10635,0.041622161865234375,349.46875,0.08045578002929688,9.728K,0.025420188903808594,0,3,0,0,41.68359375,41.54296875,0,0,0,0.0,0,9,41200,training
1754995444.534919,10635,10635,0.041622161865234375,349.5,0.08045578002929688,9.728K,0.025577545166015625,0,3,0,0,41.68359375,41.54296875,0,0,0,0.0,0,9,41300,training
1754995444.583601,10635,10635,0.041622161865234375,349.5,0.08045578002929688,9.728K,0.025806427001953125,0,3,0,0,41.68359375,41.54296875,0,0,0,0.0,0,9,41400,training
1754995444.632083,10635,10635,0.041622161865234375,349.5,0.08045578002929688,9.728K,0.025396347045898438,0,3,0,0,41.68359375,41.54296875,0,0,0,0.0,0,9,41500,training
1754995444.680821,10635,10635,0.041622161865234375,349.5,0.08045578002929688,9.728K,0.025510787963867188,0,3,0,0,41.68359375,41.54296875,0,0,0,0.0,0,9,41600,training
1754995444.7290199,10635,10635,0.041622161865234375,349.53125,0.08045578002929688,9.728K,0.02560138702392578,0,3,0,0,41.68359375,41.54296875,0,0,0,0.0,0,9,41700,training
1754995444.7773461,10635,10635,0.041622161865234375,349.546875,0.08045578002929688,9.728K,0.02542734146118164,0,3,0,0,41.68359375,41.54296875,0,0,0,0.0,0,9,41800,training
1754995451.451773,10700,780,0.042110443115234375,350.875,0.0433502197265625,9.728K,0.025072097778320312,0,3,0,0,41.9375,41.796875,0,0,0,0.0,1,0,0,training
1754995455.574364,10700,780,0.042125701904296875,353.265625,0.043365478515625,9.728K,0.02541065216064453,0,3,0,0,41.9375,41.796875,0,0,0,0.0,1,5,5,training
1754995459.7198231,10700,780,0.042125701904296875,355.03125,0.043365478515625,9.728K,0.027730464935302734,0,3,0,0,41.9375,41.796875,0,0,0,0.0,1,10,10,training
1754995464.0736718,10765,845,0.042613983154296875,352.34375,0.044101715087890625,9.728K,0.026941299438476562,0,3,0,0,42.19140625,42.05078125,0,0,0,0.0,2,0,0,training
1754995468.326615,10765,845,0.042629241943359375,352.40625,0.044116973876953125,9.728K,0.02582073211669922,0,3,0,0,42.19140625,42.05078125,0,0,0,0.0,2,5,5,training
1754995472.5741792,10765,845,0.042629241943359375,352.46875,0.044116973876953125,9.728K,0.02518177032470703,0,3,0,0,42.19140625,42.05078125,0,0,0,0.0,2,10,10,training
1754995476.982412,10830,910,0.043117523193359375,352.75,0.04485321044921875,9.728K,0.025534629821777344,0,3,0,0,42.4453125,42.3046875,0,0,0,0.0,3,0,0,training
1754995481.494424,10830,910,0.043132781982421875,352.859375,0.04486846923828125,9.728K,0.025272369384765625,0,3,0,0,42.4453125,42.3046875,0,0,0,0.0,3,5,5,training
1754995486.088036,10830,910,0.043132781982421875,353.046875,0.04486846923828125,9.728K,0.03236055374145508,0,3,0,0,42.4453125,42.3046875,0,0,0,0.0,3,10,10,training
