model,avg_acc,avg_forg,avg_inc_acc,fwt,bwt
model,0.9111800000000001,0.06061000000000001,0.93088,nan,-0.07797499999999999
