model,avg_acc,avg_forg,avg_inc_acc,fwt,bwt
model,0.9090399999999998,0.08532,0.9346933333333334,nan,-0.10195000000000004
