model,avg_acc,avg_forg,avg_inc_acc,fwt,bwt
model,0.87408,0.09469999999999999,0.9062600000000001,nan,-0.117425
