model,avg_acc,avg_forg,avg_inc_acc,fwt,bwt
model,0.86302,0.08508,0.9290799999999999,nan,-0.15525000000000003
