model,avg_acc,avg_forg,avg_inc_acc,fwt,bwt
model,0.8885000000000002,0.07105,0.9389733333333334,nan,-0.12170000000000003
