model,avg_acc,avg_forg,avg_inc_acc,fwt,bwt
model,0.9236800000000001,0.07569000000000001,0.9374266666666667,nan,-0.08097499999999999
