model,avg_acc,avg_forg,avg_inc_acc,fwt,bwt
model,0.9016200000000001,0.07960999999999999,0.9323533333333335,nan,-0.102775
