model,avg_acc,avg_forg,avg_inc_acc,fwt,bwt
Hybrid,0.0874,0.41574999999999995,0.14146666666666666,nan,-0.421
