model,avg_acc,avg_forg,avg_inc_acc,fwt,bwt
Hybrid,0.0902,0.41669999999999996,0.14336666666666667,nan,-0.42475
