model,avg_acc,avg_forg,avg_inc_acc,fwt,bwt
model,0.9673400000000001,0.02137,0.9821133333333333,nan,-0.034924999999999956
