model,avg_acc,avg_forg,avg_inc_acc,fwt,bwt
model,0.9004,0.06455,0.9323133333333332,nan,-0.08834999999999998
