{
  "FP32": {
    "Acc": 0.9861,
    "Flash (KB)": 815.1767578125,
    "RAM (KB)": 7936.0,
    "MACs (M)": 1.293312,
    "Params (K)": 207.018,
    "Latency": "0.23\u00b10.07"
  },
  "Pruned": {
    "Acc": 0.9872,
    "Flash (KB)": 815.2236328125,
    "RAM (KB)": 528.0,
    "MACs (M)": 1.218048,
    "Params (K)": 206.922,
    "Latency": "0.54\u00b10.04"
  },
  "Pruned+INT8": {
    "Acc": 0.9866,
    "Flash (KB)": 209.2158203125,
    "RAM (KB)": 1312.0,
    "MACs (M)": 0.0,
    "Params (K)": 0.0,
    "Latency": "0.26\u00b10.07"
  }
}