task_id,task_name,epoch,step,accuracy,timestamp
0,Task_0,0,0,0.5952740835708791,1754672175.690757
0,Task_0,0,0,0.8457422747956252,1754672175.690763
0,Task_0,0,1,0.5414209467194759,1754672175.6907651
0,Task_0,0,1,0.8791455847301914,1754672175.690767
0,Task_0,0,2,0.5302257156300503,1754672175.690769
0,Task_0,0,2,0.8557389167766156,1754672175.69077
0,Task_0,0,3,0.6013422337160791,1754672175.690772
0,Task_0,0,3,0.8523341275436974,1754672175.690773
0,Task_0,0,4,0.5536966954396705,1754672175.690776
0,Task_0,0,4,0.8349209104421909,1754672175.690778
0,Task_0,0,5,0.5292722663653651,1754672175.690779
0,Task_0,0,5,0.8901403400790046,1754672175.69078
0,Task_0,0,6,0.5492839106500981,1754672175.6907809
0,Task_0,0,6,0.8459525663359975,1754672175.690783
0,Task_0,0,7,0.5767507723327412,1754672175.690784
0,Task_0,0,7,0.866918014635383,1754672175.690785
0,Task_0,0,8,0.5358083965353895,1754672175.6907861
0,Task_0,0,8,0.8151491114642082,1754672175.690788
0,Task_0,0,9,0.5436402504960962,1754672175.6907892
0,Task_0,0,9,0.878455963594595,1754672175.69079
0,Task_0,0,10,0.5601798396469908,1754672175.690791
0,Task_0,0,10,0.8420257676348221,1754672175.6907918
0,Task_0,0,11,0.6072046562685417,1754672175.690793
0,Task_0,0,11,0.8077357443632668,1754672175.690794
0,Task_0,0,12,0.573707827485313,1754672175.690795
0,Task_0,0,12,0.8690818608359105,1754672175.690797
0,Task_0,0,13,0.5562923391805267,1754672175.690798
0,Task_0,0,13,0.8037106955260251,1754672175.690799
0,Task_0,0,14,0.6416944677434375,1754672175.6908002
0,Task_0,0,14,0.8369505423239663,1754672175.6908019
0,Task_0,0,15,0.633777233998594,1754672175.690803
0,Task_0,0,15,0.8637315092408278,1754672175.690804
0,Task_0,0,16,0.5716914317380732,1754672175.690805
0,Task_0,0,16,0.8175363787459875,1754672175.690806
0,Task_0,0,17,0.6079378300955766,1754672175.690807
0,Task_0,0,17,0.8821744365023556,1754672175.6908102
0,Task_0,0,18,0.6488059287221872,1754672175.690811
0,Task_0,0,18,0.8745102873072471,1754672175.6908119
0,Task_0,0,19,0.6072798728354866,1754672175.6908128
0,Task_0,0,19,0.887768658996033,1754672175.690815
0,Task_0,0,20,0.6285318457759634,1754672175.690816
0,Task_0,0,20,0.8217862140902003,1754672175.690817
0,Task_0,0,21,0.6753362284015073,1754672175.690818
0,Task_0,0,21,0.878002625966998,1754672175.69082
0,Task_0,0,22,0.6689245627967305,1754672175.6908212
0,Task_0,0,22,0.8309887004084119,1754672175.690822
0,Task_0,0,23,0.6006232204479307,1754672175.6908228
0,Task_0,0,23,0.8690939874437289,1754672175.690824
0,Task_0,0,24,0.6454705056786219,1754672175.690825
0,Task_0,0,24,0.8656732188339091,1754672175.690826
0,Task_0,0,25,0.6481740158054725,1754672175.690827
0,Task_0,0,25,0.8519047216530522,1754672175.690828
0,Task_0,0,26,0.6626854744628599,1754672175.690829
0,Task_0,0,26,0.8558476783702046,1754672175.6908312
0,Task_0,0,27,0.6888403851897247,1754672175.690832
0,Task_0,0,27,0.8202389674250347,1754672175.6908329
0,Task_0,0,28,0.6223659192560755,1754672175.6908338
0,Task_0,0,28,0.8317951946155154,1754672175.690835
0,Task_0,0,29,0.6198713210220218,1754672175.690836
0,Task_0,0,29,0.8885156886303496,1754672175.690837
0,Task_0,0,30,0.6304880485584838,1754672175.690838
0,Task_0,0,30,0.8933679680985469,1754672175.69084
0,Task_0,0,31,0.6857556428239147,1754672175.6908412
0,Task_0,0,31,0.8161466913420171,1754672175.6908422
0,Task_0,0,32,0.7246210901952509,1754672175.6908429
0,Task_0,0,32,0.8208005105933559,1754672175.690845
0,Task_0,0,33,0.6493526273468923,1754672175.690846
0,Task_0,0,33,0.8349839973621255,1754672175.690847
0,Task_0,0,34,0.6722447940175538,1754672175.690848
0,Task_0,0,34,0.8280305929576607,1754672175.690849
0,Task_0,0,35,0.6403471425583291,1754672175.69085
0,Task_0,0,35,0.8836247349771709,1754672175.6908522
0,Task_0,0,36,0.6458670695297688,1754672175.690853
0,Task_0,0,36,0.8296116281033266,1754672175.6908538
0,Task_0,0,37,0.7165242339833625,1754672175.690855
0,Task_0,0,37,0.857675752804608,1754672175.690856
0,Task_0,0,38,0.6668277648509595,1754672175.690857
0,Task_0,0,38,0.8449370654175857,1754672175.690864
0,Task_0,0,39,0.6962879092696761,1754672175.6908648
0,Task_0,0,39,0.8973374430944266,1754672175.690867
0,Task_0,0,40,0.6991319285281102,1754672175.690868
0,Task_0,0,40,0.8762857536180712,1754672175.690869
0,Task_0,0,41,0.7295342960526447,1754672175.69087
0,Task_0,0,41,0.8158316595313082,1754672175.690871
0,Task_0,0,42,0.7379460502128462,1754672175.690872
0,Task_0,0,42,0.8494489314422556,1754672175.6908731
0,Task_0,0,43,0.7311525832264627,1754672175.690874
0,Task_0,0,43,0.8622037124263529,1754672175.6908748
0,Task_0,0,44,0.7129158492906664,1754672175.690878
0,Task_0,0,44,0.8537790468995272,1754672175.6908789
0,Task_0,0,45,0.7282272388036742,1754672175.690882
0,Task_0,0,45,0.8700532168127366,1754672175.6908832
0,Task_0,0,46,0.6927690877195467,1754672175.690884
0,Task_0,0,46,0.8829465958833036,1754672175.6908858
0,Task_0,0,47,0.7024166237178491,1754672175.690887
0,Task_0,0,47,0.8237081650699484,1754672175.690888
0,Task_0,0,48,0.7605397945992508,1754672175.690889
0,Task_0,0,48,0.877022708035288,1754672175.69089
0,Task_0,0,49,0.763384612520675,1754672175.690891
0,Task_0,0,49,0.8305058613985474,1754672175.690892
0,Task_0,0,50,0.7305122544097605,1754672175.690895
0,Task_0,0,50,0.8846412558846657,1754672175.6908958
0,Task_0,0,51,0.7214020003381976,1754672175.690897
0,Task_0,0,51,0.8157168697583088,1754672175.690898
0,Task_0,0,52,0.7705398060111577,1754672175.690899
0,Task_0,0,52,0.8553437725388539,1754672175.6908998
0,Task_0,0,53,0.763713262668607,1754672175.690901
0,Task_0,0,53,0.8063561010932854,1754672175.690902
0,Task_0,0,54,0.765799889518047,1754672175.690903
0,Task_0,0,54,0.8246286172984395,1754672175.690905
0,Task_0,0,55,0.7995838754710587,1754672175.690906
0,Task_0,0,55,0.8399835886583062,1754672175.690908
0,Task_0,0,56,0.8123067783248739,1754672175.690909
0,Task_0,0,56,0.8067434897582819,1754672175.6909099
0,Task_0,0,57,0.8207489386747241,1754672175.690911
0,Task_0,0,57,0.8350488683511402,1754672175.690912
0,Task_0,0,58,0.803257657842385,1754672175.690913
0,Task_0,0,58,0.8263885133751373,1754672175.6909142
0,Task_0,0,59,0.8323738978224224,1754672175.690915
0,Task_0,0,59,0.8184311040630694,1754672175.690916
0,Task_0,0,60,0.7738612581770516,1754672175.690917
0,Task_0,0,60,0.8801898091816005,1754672175.690918
0,Task_0,0,61,0.7813347078454058,1754672175.690919
0,Task_0,0,61,0.8222323017463874,1754672175.690921
0,Task_0,0,62,0.828081215323982,1754672175.690921
0,Task_0,0,62,0.8897292450256298,1754672175.690923
0,Task_0,0,63,0.7587784951532023,1754672175.690924
0,Task_0,0,63,0.8979009847369832,1754672175.6909251
0,Task_0,0,64,0.8147527872129151,1754672175.690926
0,Task_0,0,64,0.8425159599210162,1754672175.6909282
0,Task_0,0,65,0.7771935733807812,1754672175.6909282
0,Task_0,0,65,0.846581124137958,1754672175.69093
0,Task_0,0,66,0.8144054296582588,1754672175.6909308
0,Task_0,0,66,0.8003851324447373,1754672175.690932
0,Task_0,0,67,0.8082873319642003,1754672175.690933
0,Task_0,0,67,0.8038942310857574,1754672175.690934
0,Task_0,0,68,0.8629878807318444,1754672175.6909351
0,Task_0,0,68,0.824991515616704,1754672175.690936
0,Task_0,0,69,0.8733339041400809,1754672175.690937
0,Task_0,0,69,0.8885902405428624,1754672175.690938
0,Task_0,0,70,0.8727348576473054,1754672175.690939
0,Task_0,0,70,0.8424669361727569,1754672175.690942
0,Task_0,0,71,0.8730169107942913,1754672175.690943
0,Task_0,0,71,0.8189087979957208,1754672175.690944
0,Task_0,0,72,0.864835744190246,1754672175.691016
0,Task_0,0,72,0.8316762090018537,1754672175.6910179
0,Task_0,0,73,0.8272467312379028,1754672175.691019
0,Task_0,0,73,0.8102765016035662,1754672175.69102
0,Task_0,0,74,0.8283196290063776,1754672175.691021
0,Task_0,0,74,0.8602215380202899,1754672175.6910222
0,Task_0,0,75,0.8789426094090658,1754672175.691023
0,Task_0,0,75,0.8405512038113636,1754672175.6910248
0,Task_0,0,76,0.891495096315496,1754672175.691026
0,Task_0,0,76,0.8433222879799758,1754672175.691027
0,Task_0,0,77,0.8930731655743547,1754672175.6910279
0,Task_0,0,77,0.8598372413621838,1754672175.691029
0,Task_0,0,78,0.8207548314011321,1754672175.69103
0,Task_0,0,78,0.8290664211975569,1754672175.691031
0,Task_0,0,79,0.836631231202267,1754672175.6910322
0,Task_0,0,79,0.8662060766081914,1754672175.6910331
0,Task_0,0,80,0.8904821773879719,1754672175.691034
0,Task_0,0,80,0.806004901730455,1754672175.691036
0,Task_0,0,81,0.8968448679953324,1754672175.691038
0,Task_0,0,81,0.8510987115279396,1754672175.69104
0,Task_0,0,82,0.9170147053902422,1754672175.691041
0,Task_0,0,82,0.8301282153735714,1754672175.691042
0,Task_0,0,83,0.8677849898996789,1754672175.6910431
0,Task_0,0,83,0.8878006291102052,1754672175.691044
0,Task_0,0,84,0.8742926575434319,1754672175.691045
0,Task_0,0,84,0.847118052673496,1754672175.691046
0,Task_0,0,85,0.906465799165941,1754672175.691047
0,Task_0,0,85,0.8785682521904783,1754672175.691048
0,Task_0,0,86,0.8871731202923837,1754672175.6910489
0,Task_0,0,86,0.8176717635169001,1754672175.691051
0,Task_0,0,87,0.8949689333606519,1754672175.691052
0,Task_0,0,87,0.8962690093396636,1754672175.6910532
0,Task_0,0,88,0.9146246349970067,1754672175.691054
0,Task_0,0,88,0.8706862994133909,1754672175.691055
0,Task_0,0,89,0.946193386127529,1754672175.691056
0,Task_0,0,89,0.8198846773966865,1754672175.691057
0,Task_0,0,90,0.9168190322625049,1754672175.691058
0,Task_0,0,90,0.8959089643900596,1754672175.69106
0,Task_0,0,91,0.8802980274312001,1754672175.691061
0,Task_0,0,91,0.8713323229046546,1754672175.691062
0,Task_0,0,92,0.9357750694199023,1754672175.691063
0,Task_0,0,92,0.8909979407955084,1754672175.6910641
0,Task_0,0,93,0.9582030493652474,1754672175.691065
0,Task_0,0,93,0.8670951574343067,1754672175.691066
0,Task_0,0,94,0.9033412922221361,1754672175.691067
0,Task_0,0,94,0.8771282376096279,1754672175.691068
0,Task_0,0,95,0.8882134770462558,1754672175.691069
0,Task_0,0,95,0.8548737155054402,1754672175.6910698
0,Task_0,0,96,0.9130679120400144,1754672175.691073
0,Task_0,0,96,0.8473719635464144,1754672175.6910741
0,Task_0,0,97,0.9236674355649204,1754672175.6910772
0,Task_0,0,97,0.8651281441451598,1754672175.691079
0,Task_0,0,98,0.9569054208642913,1754672175.6910799
0,Task_0,0,98,0.8643949220191285,1754672175.691081
0,Task_0,0,99,0.9750055769760975,1754672175.691082
0,Task_0,0,99,0.862127144167572,1754672175.691083
0,Task_0,1,0,0.5266825678225152,1754672175.691091
0,Task_0,1,0,0.8853507069247082,1754672175.691093
0,Task_0,1,1,0.5075103534641757,1754672175.691094
0,Task_0,1,1,0.8835239626027028,1754672175.691095
0,Task_0,1,2,0.5859975486754899,1754672175.691096
0,Task_0,1,2,0.879529934021626,1754672175.6910982
0,Task_0,1,3,0.5449711768337044,1754672175.6910982
0,Task_0,1,3,0.8615556690495035,1754672175.6911
0,Task_0,1,4,0.5643512083471652,1754672175.6911008
0,Task_0,1,4,0.8552331308287009,1754672175.691102
0,Task_0,1,5,0.5782055989474509,1754672175.691103
0,Task_0,1,5,0.8220431274991914,1754672175.691104
0,Task_0,1,6,0.5759576274009245,1754672175.6911051
0,Task_0,1,6,0.8894648350175712,1754672175.691106
0,Task_0,1,7,0.5641852122866953,1754672175.691107
0,Task_0,1,7,0.832973857269422,1754672175.691108
0,Task_0,1,8,0.5783642756099958,1754672175.6911092
0,Task_0,1,8,0.8042566118899677,1754672175.6911108
0,Task_0,1,9,0.6007902734242513,1754672175.691112
0,Task_0,1,9,0.8579710741738081,1754672175.691113
0,Task_0,1,10,0.6198304470555468,1754672175.691114
0,Task_0,1,10,0.8231830057786987,1754672175.691115
0,Task_0,1,11,0.5529483095915967,1754672175.691116
0,Task_0,1,11,0.8438420694869984,1754672175.691117
0,Task_0,1,12,0.612452347758574,1754672175.691118
0,Task_0,1,12,0.8470408137470907,1754672175.6911192
0,Task_0,1,13,0.592884824453486,1754672175.6911201
0,Task_0,1,13,0.8415442130987759,1754672175.6911209
0,Task_0,1,14,0.6464653250912598,1754672175.6911218
0,Task_0,1,14,0.8988503508045693,1754672175.691124
0,Task_0,1,15,0.5777815103686483,1754672175.691125
0,Task_0,1,15,0.8456243734864032,1754672175.691126
0,Task_0,1,16,0.617148075894959,1754672175.691127
0,Task_0,1,16,0.8365471240186939,1754672175.691128
0,Task_0,1,17,0.5930068234042377,1754672175.691129
0,Task_0,1,17,0.8192111792462415,1754672175.6911309
0,Task_0,1,18,0.6680188316600666,1754672175.6911318
0,Task_0,1,18,0.8888261069307277,1754672175.691133
0,Task_0,1,19,0.6463333913423509,1754672175.691134
0,Task_0,1,19,0.8658969669040515,1754672175.691135
0,Task_0,1,20,0.6280004095339768,1754672175.691136
0,Task_0,1,20,0.8143398202804211,1754672175.691137
0,Task_0,1,21,0.603169552182894,1754672175.691138
0,Task_0,1,21,0.8337279193173778,1754672175.691139
0,Task_0,1,22,0.6611222215722484,1754672175.6911402
0,Task_0,1,22,0.8467632551587769,1754672175.6911411
0,Task_0,1,23,0.6418127396696339,1754672175.691148
0,Task_0,1,23,0.8959344883191691,1754672175.6911511
0,Task_0,1,24,0.6729048234838927,1754672175.6911519
0,Task_0,1,24,0.8952869261098092,1754672175.6911528
0,Task_0,1,25,0.6321696184195778,1754672175.691154
0,Task_0,1,25,0.870213558171981,1754672175.691156
0,Task_0,1,26,0.653886151659879,1754672175.691157
0,Task_0,1,26,0.8909020709545667,1754672175.691158
0,Task_0,1,27,0.6244970658730973,1754672175.691159
0,Task_0,1,27,0.8824585462998632,1754672175.69116
0,Task_0,1,28,0.6327921232050931,1754672175.6911612
0,Task_0,1,28,0.8280680220678027,1754672175.691162
0,Task_0,1,29,0.6937979543948317,1754672175.6911628
0,Task_0,1,29,0.8747784922621001,1754672175.691164
0,Task_0,1,30,0.7153523255988425,1754672175.691165
0,Task_0,1,30,0.8892392398618975,1754672175.691166
0,Task_0,1,31,0.7178679043394911,1754672175.6911669
0,Task_0,1,31,0.8683829276904265,1754672175.691169
0,Task_0,1,32,0.6893163676491527,1754672175.691169
0,Task_0,1,32,0.8958117356204255,1754672175.6911712
0,Task_0,1,33,0.7092340820886438,1754672175.6911721
0,Task_0,1,33,0.8532440717253965,1754672175.691173
0,Task_0,1,34,0.7161285529682783,1754672175.6911738
0,Task_0,1,34,0.8915056943326495,1754672175.691175
0,Task_0,1,35,0.6934740916137022,1754672175.691176
0,Task_0,1,35,0.8557292716314241,1754672175.691177
0,Task_0,1,36,0.6795858850117688,1754672175.691178
0,Task_0,1,36,0.8582147979266885,1754672175.69118
0,Task_0,1,37,0.7135620630486634,1754672175.691181
0,Task_0,1,37,0.8803028811467645,1754672175.6911821
0,Task_0,1,38,0.7149369957802558,1754672175.691183
0,Task_0,1,38,0.8927039790050941,1754672175.691184
0,Task_0,1,39,0.7281183327079722,1754672175.691185
0,Task_0,1,39,0.8953587996591854,1754672175.691186
0,Task_0,1,40,0.751522828169333,1754672175.691187
0,Task_0,1,40,0.8743313004008986,1754672175.691189
0,Task_0,1,41,0.7208319160389265,1754672175.69119
0,Task_0,1,41,0.8367909352826217,1754672175.691191
0,Task_0,1,42,0.7203031709537981,1754672175.691193
0,Task_0,1,42,0.8599913280148096,1754672175.691194
0,Task_0,1,43,0.769895532796651,1754672175.6911948
0,Task_0,1,43,0.8004256681948766,1754672175.691196
0,Task_0,1,44,0.6791031063480858,1754672175.691197
0,Task_0,1,44,0.8278857363743417,1754672175.691199
0,Task_0,1,45,0.771082305612857,1754672175.6912
0,Task_0,1,45,0.8712485896097746,1754672175.691201
0,Task_0,1,46,0.7690404317728181,1754672175.6912022
0,Task_0,1,46,0.8657791912186444,1754672175.691203
0,Task_0,1,47,0.6900250403948853,1754672175.691204
0,Task_0,1,47,0.8449267087218478,1754672175.691205
0,Task_0,1,48,0.7395033764174296,1754672175.691206
0,Task_0,1,48,0.8419756153393096,1754672175.691208
0,Task_0,1,49,0.7040453459240584,1754672175.691209
0,Task_0,1,49,0.8641176674313404,1754672175.69121
0,Task_0,1,50,0.7993208018077425,1754672175.691212
0,Task_0,1,50,0.8065246993128664,1754672175.6912131
0,Task_0,1,51,0.7406811053338805,1754672175.691214
0,Task_0,1,51,0.8864314205620353,1754672175.691215
0,Task_0,1,52,0.7681242317047842,1754672175.6912158
0,Task_0,1,52,0.860213018152343,1754672175.691217
0,Task_0,1,53,0.7557238179373819,1754672175.691218
0,Task_0,1,53,0.8552548956528134,1754672175.69122
0,Task_0,1,54,0.7753062824458646,1754672175.691221
0,Task_0,1,54,0.8286816993624679,1754672175.691222
0,Task_0,1,55,0.7876925793204123,1754672175.6912231
0,Task_0,1,55,0.8772269627247122,1754672175.691224
0,Task_0,1,56,0.7340531293055254,1754672175.691225
0,Task_0,1,56,0.8899748008140317,1754672175.691227
0,Task_0,1,57,0.8225377951577757,1754672175.691228
0,Task_0,1,57,0.8772111105671604,1754672175.6912289
0,Task_0,1,58,0.7634929937119896,1754672175.69123
0,Task_0,1,58,0.8048431551057205,1754672175.691231
0,Task_0,1,59,0.7455711758482173,1754672175.691232
0,Task_0,1,59,0.8287214374251604,1754672175.691233
0,Task_0,1,60,0.7568831897212364,1754672175.691234
0,Task_0,1,60,0.8264574203698818,1754672175.691235
0,Task_0,1,61,0.7660276828463364,1754672175.691236
0,Task_0,1,61,0.8206270660990043,1754672175.6912372
0,Task_0,1,62,0.8357191657933457,1754672175.691238
0,Task_0,1,62,0.8316351385166848,1754672175.6912398
0,Task_0,1,63,0.777283561889812,1754672175.691241
0,Task_0,1,63,0.8400140271557287,1754672175.691242
0,Task_0,1,64,0.8378030921712122,1754672175.691243
0,Task_0,1,64,0.8809268302780708,1754672175.6912441
0,Task_0,1,65,0.8538338269374878,1754672175.691245
0,Task_0,1,65,0.801965602519841,1754672175.6912482
0,Task_0,1,66,0.8277088485279908,1754672175.691249
0,Task_0,1,66,0.8787208941341852,1754672175.6912498
0,Task_0,1,67,0.7990951535671275,1754672175.691251
0,Task_0,1,67,0.8667058881532734,1754672175.691252
0,Task_0,1,68,0.7727875584475248,1754672175.691253
0,Task_0,1,68,0.8560214487674715,1754672175.691254
0,Task_0,1,69,0.8758260957420022,1754672175.691255
0,Task_0,1,69,0.8651361228533503,1754672175.691256
0,Task_0,1,70,0.8498493490790962,1754672175.691257
0,Task_0,1,70,0.894864625272602,1754672175.6912582
0,Task_0,1,71,0.8028673914440082,1754672175.691259
0,Task_0,1,71,0.827301907691562,1754672175.6912599
0,Task_0,1,72,0.819348774682187,1754672175.6912608
0,Task_0,1,72,0.8664155276401218,1754672175.691263
0,Task_0,1,73,0.8227831874264087,1754672175.691265
0,Task_0,1,73,0.8824672645789398,1754672175.691266
0,Task_0,1,74,0.8487142123660463,1754672175.691267
0,Task_0,1,74,0.8208767076024671,1754672175.6912692
0,Task_0,1,75,0.8033794365162911,1754672175.6912699
0,Task_0,1,75,0.8521256392330226,1754672175.6912708
0,Task_0,1,76,0.8061810203456016,1754672175.691272
0,Task_0,1,76,0.8351232576571677,1754672175.691274
0,Task_0,1,77,0.8453751502291682,1754672175.6912751
0,Task_0,1,77,0.8751866320235325,1754672175.691276
0,Task_0,1,78,0.8990142230261156,1754672175.691277
0,Task_0,1,78,0.8396448873813451,1754672175.691278
0,Task_0,1,79,0.8632046165695604,1754672175.6912792
0,Task_0,1,79,0.8846022096431515,1754672175.6912808
0,Task_0,1,80,0.8259423902474343,1754672175.691282
0,Task_0,1,80,0.8452184606099284,1754672175.691283
0,Task_0,1,81,0.8270339566694481,1754672175.691284
0,Task_0,1,81,0.8855142602889055,1754672175.691285
0,Task_0,1,82,0.8954639849116133,1754672175.691286
0,Task_0,1,82,0.8089789581988813,1754672175.691287
0,Task_0,1,83,0.9143551958503012,1754672175.691288
0,Task_0,1,83,0.8516885718249366,1754672175.6912892
0,Task_0,1,84,0.8903035741938901,1754672175.6912901
0,Task_0,1,84,0.8734748197229613,1754672175.6912909
0,Task_0,1,85,0.939585621739305,1754672175.6912918
0,Task_0,1,85,0.8170278584738893,1754672175.691294
0,Task_0,1,86,0.8716945236905806,1754672175.691295
0,Task_0,1,86,0.8261603456180164,1754672175.691296
0,Task_0,1,87,0.8538272539649873,1754672175.691297
0,Task_0,1,87,0.882447345328447,1754672175.691298
0,Task_0,1,88,0.9051001604266306,1754672175.6913002
0,Task_0,1,88,0.8431317167761387,1754672175.6913018
0,Task_0,1,89,0.9514912793167253,1754672175.691303
0,Task_0,1,89,0.8576295816801185,1754672175.691304
0,Task_0,1,90,0.8974427913276779,1754672175.691305
0,Task_0,1,90,0.8469099139809936,1754672175.6913059
0,Task_0,1,91,0.9409165689908701,1754672175.691307
0,Task_0,1,91,0.8297607319856932,1754672175.691308
0,Task_0,1,92,0.8696867142753459,1754672175.691309
0,Task_0,1,92,0.819534598116902,1754672175.6913102
0,Task_0,1,93,0.8725774551007339,1754672175.6913111
0,Task_0,1,93,0.8123697324162468,1754672175.6913128
0,Task_0,1,94,0.9293594629610716,1754672175.6913128
0,Task_0,1,94,0.8245466695367102,1754672175.691315
0,Task_0,1,95,0.9194046908611174,1754672175.691316
0,Task_0,1,95,0.8486075776206246,1754672175.691317
0,Task_0,1,96,0.8860086239413361,1754672175.691318
0,Task_0,1,96,0.8200241173230495,1754672175.691319
0,Task_0,1,97,0.918643863022087,1754672175.6913202
0,Task_0,1,97,0.8641711918319376,1754672175.6913211
0,Task_0,1,98,0.9232478955608139,1754672175.691322
0,Task_0,1,98,0.847352634408388,1754672175.6913228
0,Task_0,1,99,0.96785533654882,1754672175.691324
0,Task_0,1,99,0.8760545316480791,1754672175.691325
1,Task_1,0,0,0.5219171538455094,1754672177.0733912
0,Task_0,0,0,0.7701833886885,1754672177.073399
1,Task_1,0,0,0.8524015511973565,1754672177.073401
1,Task_1,0,1,0.5879342808464791,1754672177.0734022
0,Task_0,0,1,0.771496583791235,1754672177.0734038
1,Task_1,0,1,0.8328053675738443,1754672177.073405
1,Task_1,0,2,0.5701263059306777,1754672177.073406
0,Task_0,0,2,0.7301270173034732,1754672177.073407
1,Task_1,0,2,0.8395062021464886,1754672177.073408
1,Task_1,0,3,0.5870005448621407,1754672177.073409
0,Task_0,0,3,0.787118435718008,1754672177.07341
1,Task_1,0,3,0.829472580453088,1754672177.0734122
1,Task_1,0,4,0.6121567804819548,1754672177.0734131
0,Task_0,0,4,0.7390025683181604,1754672177.0734138
1,Task_1,0,4,0.8467097933804032,1754672177.0734148
1,Task_1,0,5,0.5391592123126443,1754672177.073416
0,Task_0,0,5,0.7427179000194158,1754672177.073417
1,Task_1,0,5,0.8617253431658779,1754672177.073418
1,Task_1,0,6,0.5518086473118594,1754672177.07342
0,Task_0,0,6,0.775894266361442,1754672177.073421
1,Task_1,0,6,0.8858813864316388,1754672177.0734222
1,Task_1,0,7,0.5674273311206592,1754672177.0734231
0,Task_0,0,7,0.7939363868028578,1754672177.0734248
1,Task_1,0,7,0.864185416746198,1754672177.073426
1,Task_1,0,8,0.5641538001536653,1754672177.073427
0,Task_0,0,8,0.8013347844965146,1754672177.073428
1,Task_1,0,8,0.8156668515764519,1754672177.073429
1,Task_1,0,9,0.5875599625341009,1754672177.07343
0,Task_0,0,9,0.7498578095297588,1754672177.073431
1,Task_1,0,9,0.806001295866108,1754672177.073432
1,Task_1,0,10,0.6255386123868931,1754672177.0734332
0,Task_0,0,10,0.7631283197491457,1754672177.0734348
1,Task_1,0,10,0.8566225044631287,1754672177.073436
1,Task_1,0,11,0.560736037562235,1754672177.073437
0,Task_0,0,11,0.7440019248358104,1754672177.073438
1,Task_1,0,11,0.8478412671265981,1754672177.073439
1,Task_1,0,12,0.5656619605502493,1754672177.07344
0,Task_0,0,12,0.8010896243742698,1754672177.073441
1,Task_1,0,12,0.8484413438415942,1754672177.073442
1,Task_1,0,13,0.5897456419646647,1754672177.0734432
0,Task_0,0,13,0.7801271638090458,1754672177.0734441
1,Task_1,0,13,0.8277715460418208,1754672177.073445
1,Task_1,0,14,0.652775747157408,1754672177.0734458
0,Task_0,0,14,0.7992022075448196,1754672177.073447
1,Task_1,0,14,0.8931115590824812,1754672177.073448
1,Task_1,0,15,0.6405233207057534,1754672177.073449
0,Task_0,0,15,0.7954341565642519,1754672177.07345
1,Task_1,0,15,0.8638125854539587,1754672177.073451
1,Task_1,0,16,0.6168413624769875,1754672177.073452
0,Task_0,0,16,0.7510052069247893,1754672177.073453
1,Task_1,0,16,0.835299764726509,1754672177.073455
1,Task_1,0,17,0.6316057564052235,1754672177.073456
0,Task_0,0,17,0.728617067988531,1754672177.073457
1,Task_1,0,17,0.8796033039015595,1754672177.073458
1,Task_1,0,18,0.5827612196488525,1754672177.073459
0,Task_0,0,18,0.7580225974211383,1754672177.0734599
1,Task_1,0,18,0.8188374577387656,1754672177.073461
1,Task_1,0,19,0.6305631252263988,1754672177.073462
0,Task_0,0,19,0.7910999334178654,1754672177.073463
1,Task_1,0,19,0.8330578530759237,1754672177.0734642
1,Task_1,0,20,0.6360774770460886,1754672177.073465
0,Task_0,0,20,0.7352142099790367,1754672177.073466
1,Task_1,0,20,0.8560454644047215,1754672177.0734668
1,Task_1,0,21,0.6647352740485055,1754672177.073468
0,Task_0,0,21,0.7942329010950782,1754672177.073469
1,Task_1,0,21,0.8597875209036784,1754672177.0734699
1,Task_1,0,22,0.6109791533787391,1754672177.073471
0,Task_0,0,22,0.7970501586319183,1754672177.073472
1,Task_1,0,22,0.8153227996506733,1754672177.073473
1,Task_1,0,23,0.6406291620228683,1754672177.073474
0,Task_0,0,23,0.7760511165647069,1754672177.0734751
1,Task_1,0,23,0.8213767547535816,1754672177.073476
1,Task_1,0,24,0.6431161368799538,1754672177.073476
0,Task_0,0,24,0.7612736152128232,1754672177.073477
1,Task_1,0,24,0.8188922106128432,1754672177.073478
1,Task_1,0,25,0.6021211562123385,1754672177.073479
0,Task_0,0,25,0.7248550217611818,1754672177.07348
1,Task_1,0,25,0.8431902505502831,1754672177.073482
1,Task_1,0,26,0.7007658829667534,1754672177.073483
0,Task_0,0,26,0.7211240745277429,1754672177.073484
1,Task_1,0,26,0.8822769772277457,1754672177.0734851
1,Task_1,0,27,0.6818534281721732,1754672177.073486
0,Task_0,0,27,0.7629043814390842,1754672177.073487
1,Task_1,0,27,0.8189916097138811,1754672177.0734878
1,Task_1,0,28,0.7106163467189526,1754672177.073489
0,Task_0,0,28,0.7254731077282588,1754672177.0734909
1,Task_1,0,28,0.8058979926373592,1754672177.073492
1,Task_1,0,29,0.7101983871183655,1754672177.073493
0,Task_0,0,29,0.7735862804223158,1754672177.073494
1,Task_1,0,29,0.8333656694353413,1754672177.073496
1,Task_1,0,30,0.688193769712678,1754672177.073497
0,Task_0,0,30,0.7710837309656132,1754672177.073498
1,Task_1,0,30,0.8980290194453908,1754672177.073499
1,Task_1,0,31,0.7198086778143711,1754672177.0735
0,Task_0,0,31,0.7601571583409026,1754672177.0735009
1,Task_1,0,31,0.8329604819689795,1754672177.073502
1,Task_1,0,32,0.6967742256337249,1754672177.073503
0,Task_0,0,32,0.7445802086733082,1754672177.073504
1,Task_1,0,32,0.8033251074477922,1754672177.073505
1,Task_1,0,33,0.6922228703323658,1754672177.073506
0,Task_0,0,33,0.7725598772012984,1754672177.073507
1,Task_1,0,33,0.8179667878076724,1754672177.073508
1,Task_1,0,34,0.6656199308562891,1754672177.0735092
0,Task_0,0,34,0.7907215564310796,1754672177.07351
1,Task_1,0,34,0.8104086762207942,1754672177.073511
1,Task_1,0,35,0.7009630208202695,1754672177.0735118
0,Task_0,0,35,0.7737996613051862,1754672177.073513
1,Task_1,0,35,0.8008719590142439,1754672177.073514
1,Task_1,0,36,0.7370031705561171,1754672177.073515
0,Task_0,0,36,0.7547283963733228,1754672177.0735161
1,Task_1,0,36,0.8916009791739977,1754672177.073517
1,Task_1,0,37,0.6576206208201371,1754672177.073518
0,Task_0,0,37,0.8030513955264064,1754672177.073519
1,Task_1,0,37,0.8108533754235445,1754672177.0735202
1,Task_1,0,38,0.6525855003785731,1754672177.073521
0,Task_0,0,38,0.7940915935773621,1754672177.0735219
1,Task_1,0,38,0.888658837011887,1754672177.073523
1,Task_1,0,39,0.7469258783652778,1754672177.073524
0,Task_0,0,39,0.7478281855416367,1754672177.073525
1,Task_1,0,39,0.8168546206418299,1754672177.073526
1,Task_1,0,40,0.7444643560009958,1754672177.073527
0,Task_0,0,40,0.7407212368821934,1754672177.073528
1,Task_1,0,40,0.8162971195790557,1754672177.073529
1,Task_1,0,41,0.7271705573420809,1754672177.073529
0,Task_0,0,41,0.7673301484568685,1754672177.073531
1,Task_1,0,41,0.8509795771574623,1754672177.0735319
1,Task_1,0,42,0.7359353824208507,1754672177.0735319
0,Task_0,0,42,0.7642646772518783,1754672177.073534
1,Task_1,0,42,0.8344747083773896,1754672177.073535
1,Task_1,0,43,0.7336314673994272,1754672177.073536
0,Task_0,0,43,0.782762206351723,1754672177.073537
1,Task_1,0,43,0.8685646871137254,1754672177.073538
1,Task_1,0,44,0.6819312832588331,1754672177.073538
0,Task_0,0,44,0.7961709914898379,1754672177.0735402
1,Task_1,0,44,0.865218381853937,1754672177.0735412
1,Task_1,0,45,0.7137480227015073,1754672177.0735412
0,Task_0,0,45,0.7796163091953282,1754672177.0735419
1,Task_1,0,45,0.8301474056388642,1754672177.0735428
1,Task_1,0,46,0.7107352225312839,1754672177.073544
0,Task_0,0,46,0.7907463827572179,1754672177.073546
1,Task_1,0,46,0.8981746181734428,1754672177.073546
1,Task_1,0,47,0.7843741515113828,1754672177.0735471
0,Task_0,0,47,0.7482388187531706,1754672177.073548
1,Task_1,0,47,0.886921496853464,1754672177.073549
1,Task_1,0,48,0.6935325680291431,1754672177.07355
0,Task_0,0,48,0.7416355466926812,1754672177.0735512
1,Task_1,0,48,0.8352473537023166,1754672177.073552
1,Task_1,0,49,0.7365014790862152,1754672177.0735528
0,Task_0,0,49,0.7385530003179217,1754672177.073554
1,Task_1,0,49,0.8863226364851657,1754672177.073555
1,Task_1,0,50,0.781862408459695,1754672177.073556
0,Task_0,0,50,0.7416269245125818,1754672177.073557
1,Task_1,0,50,0.8017884647785907,1754672177.073558
1,Task_1,0,51,0.7575678623205933,1754672177.073559
0,Task_0,0,51,0.7420595051216688,1754672177.07356
1,Task_1,0,51,0.8476822000004203,1754672177.0735612
1,Task_1,0,52,0.7089401049693524,1754672177.0735621
0,Task_0,0,52,0.7337400326761643,1754672177.0735629
1,Task_1,0,52,0.8916543791546617,1754672177.0735638
1,Task_1,0,53,0.8013304674594113,1754672177.073565
0,Task_0,0,53,0.7993016911770957,1754672177.073566
1,Task_1,0,53,0.8122212937718324,1754672177.073567
1,Task_1,0,54,0.7614080224561472,1754672177.073568
0,Task_0,0,54,0.8002441517955606,1754672177.073569
1,Task_1,0,54,0.813670257486415,1754672177.07357
1,Task_1,0,55,0.7672646256379435,1754672177.073571
0,Task_0,0,55,0.7552278842438807,1754672177.0735722
1,Task_1,0,55,0.8331787733881162,1754672177.073573
1,Task_1,0,56,0.7879679046403076,1754672177.0735738
0,Task_0,0,56,0.7304481172135533,1754672177.073575
1,Task_1,0,56,0.8892760280542361,1754672177.073576
1,Task_1,0,57,0.7569343071514438,1754672177.073577
0,Task_0,0,57,0.7868684817346803,1754672177.073578
1,Task_1,0,57,0.8225268275490385,1754672177.073579
1,Task_1,0,58,0.7958784332366842,1754672177.07358
0,Task_0,0,58,0.7787689603755896,1754672177.073581
1,Task_1,0,58,0.82665606182553,1754672177.0735822
1,Task_1,0,59,0.7536913773526855,1754672177.0735831
0,Task_0,0,59,0.7660333972034197,1754672177.073584
1,Task_1,0,59,0.8129117697902821,1754672177.0735848
1,Task_1,0,60,0.7982133588717757,1754672177.073586
0,Task_0,0,60,0.8024434340603313,1754672177.073588
1,Task_1,0,60,0.8945985367302505,1754672177.073589
1,Task_1,0,61,0.8364202291623835,1754672177.07359
0,Task_0,0,61,0.7496573804732243,1754672177.073591
1,Task_1,0,61,0.8400913540463764,1754672177.073592
1,Task_1,0,62,0.7729882620738068,1754672177.0735931
0,Task_0,0,62,0.8031592297802176,1754672177.073594
1,Task_1,0,62,0.8232242131566253,1754672177.0735948
1,Task_1,0,63,0.7731980387208215,1754672177.0735948
0,Task_0,0,63,0.7703624885738335,1754672177.073597
1,Task_1,0,63,0.8168601496312518,1754672177.073597
1,Task_1,0,64,0.7871151649881133,1754672177.073598
0,Task_0,0,64,0.7538354398901485,1754672177.0736
1,Task_1,0,64,0.8281840992052782,1754672177.073601
1,Task_1,0,65,0.7642431848716148,1754672177.073601
0,Task_0,0,65,0.772481286993694,1754672177.0736032
1,Task_1,0,65,0.8009547642827728,1754672177.0736032
1,Task_1,0,66,0.8343613013470734,1754672177.073604
0,Task_0,0,66,0.7204927072353344,1754672177.073605
1,Task_1,0,66,0.8519796913857909,1754672177.0736058
1,Task_1,0,67,0.8327533630946338,1754672177.073607
0,Task_0,0,67,0.7392161995093591,1754672177.073608
1,Task_1,0,67,0.8621402666794825,1754672177.0736089
1,Task_1,0,68,0.7784791966405852,1754672177.07361
0,Task_0,0,68,0.7464184723688393,1754672177.073611
1,Task_1,0,68,0.8979370079965123,1754672177.073612
1,Task_1,0,69,0.7905581582054172,1754672177.0736132
0,Task_0,0,69,0.7430086612122438,1754672177.0736141
1,Task_1,0,69,0.823819914666084,1754672177.073615
1,Task_1,0,70,0.8190024239306956,1754672177.0736158
0,Task_0,0,70,0.7201842225441789,1754672177.073617
1,Task_1,0,70,0.818718508108174,1754672177.073618
1,Task_1,0,71,0.880983249407558,1754672177.073619
0,Task_0,0,71,0.7568000533733644,1754672177.07362
1,Task_1,0,71,0.8828491978958369,1754672177.073621
1,Task_1,0,72,0.8365570663108048,1754672177.073622
0,Task_0,0,72,0.7902725857124434,1754672177.073623
1,Task_1,0,72,0.8307546644394084,1754672177.0736241
1,Task_1,0,73,0.8303422294307959,1754672177.073625
0,Task_0,0,73,0.80392759261527,1754672177.073626
1,Task_1,0,73,0.8366929249459589,1754672177.073627
1,Task_1,0,74,0.8753661864089877,1754672177.073628
0,Task_0,0,74,0.79862070516646,1754672177.073629
1,Task_1,0,74,0.8775739650744038,1754672177.0736299
1,Task_1,0,75,0.8185785650195854,1754672177.073631
0,Task_0,0,75,0.7887299624745336,1754672177.073632
1,Task_1,0,75,0.8868201022328843,1754672177.073633
1,Task_1,0,76,0.8176826377732105,1754672177.0736341
0,Task_0,0,76,0.7747124826507245,1754672177.073636
1,Task_1,0,76,0.8062965216612249,1754672177.073637
1,Task_1,0,77,0.8647060095145641,1754672177.073638
0,Task_0,0,77,0.7609823300449924,1754672177.073639
1,Task_1,0,77,0.8143815760113522,1754672177.0736399
1,Task_1,0,78,0.8464704525234277,1754672177.073641
0,Task_0,0,78,0.7415614123354364,1754672177.073642
1,Task_1,0,78,0.842785120237874,1754672177.073643
1,Task_1,0,79,0.9111678149749155,1754672177.073644
0,Task_0,0,79,0.8075831457324311,1754672177.073645
1,Task_1,0,79,0.8117459901493769,1754672177.073646
1,Task_1,0,80,0.8745925883360425,1754672177.073647
0,Task_0,0,80,0.7761742879863223,1754672177.0736482
1,Task_1,0,80,0.8924186166939074,1754672177.073649
1,Task_1,0,81,0.8613023682074114,1754672177.07365
0,Task_0,0,81,0.7865682827187844,1754672177.0736508
1,Task_1,0,81,0.8604316236164264,1754672177.073652
1,Task_1,0,82,0.8623386323775094,1754672177.073653
0,Task_0,0,82,0.7777922777590078,1754672177.073654
1,Task_1,0,82,0.8235512706710297,1754672177.0736551
1,Task_1,0,83,0.8499003027704835,1754672177.073657
0,Task_0,0,83,0.7567860920577475,1754672177.0736582
1,Task_1,0,83,0.8698148679234243,1754672177.073659
1,Task_1,0,84,0.8794710141161806,1754672177.073659
0,Task_0,0,84,0.7423772604099419,1754672177.07366
1,Task_1,0,84,0.8671380185789734,1754672177.0736609
1,Task_1,0,85,0.877338077777465,1754672177.073663
0,Task_0,0,85,0.8074138177717675,1754672177.073664
1,Task_1,0,85,0.8299812722902886,1754672177.0736651
1,Task_1,0,86,0.875533047117718,1754672177.073666
0,Task_0,0,86,0.800547947706672,1754672177.073667
1,Task_1,0,86,0.87872622411647,1754672177.073668
1,Task_1,0,87,0.9349570577040829,1754672177.0736692
0,Task_0,0,87,0.7343857355604441,1754672177.07367
1,Task_1,0,87,0.8903200595628663,1754672177.0736709
1,Task_1,0,88,0.9402725927545812,1754672177.0736718
0,Task_0,0,88,0.7734652102899672,1754672177.073673
1,Task_1,0,88,0.8491693219799501,1754672177.073674
1,Task_1,0,89,0.9030928931966284,1754672177.073675
0,Task_0,0,89,0.7963056715393575,1754672177.073676
1,Task_1,0,89,0.8927339899171886,1754672177.073677
1,Task_1,0,90,0.8921157693518005,1754672177.073678
0,Task_0,0,90,0.8062974793475352,1754672177.0736792
1,Task_1,0,90,0.8040314162952169,1754672177.07368
1,Task_1,0,91,0.9150311065557893,1754672177.0736809
0,Task_0,0,91,0.7318478590621612,1754672177.0736818
1,Task_1,0,91,0.8693428371552201,1754672177.073683
1,Task_1,0,92,0.9678835846406806,1754672177.073684
0,Task_0,0,92,0.8085055750390578,1754672177.073685
1,Task_1,0,92,0.837291185435604,1754672177.0736861
1,Task_1,0,93,0.8777802130829321,1754672177.073687
0,Task_0,0,93,0.8065170849573281,1754672177.073688
1,Task_1,0,93,0.8523686804144808,1754672177.073689
1,Task_1,0,94,0.9615419124541579,1754672177.0736902
0,Task_0,0,94,0.795489636309646,1754672177.073691
1,Task_1,0,94,0.8732282184155695,1754672177.0736918
1,Task_1,0,95,0.9615649965026637,1754672177.073693
0,Task_0,0,95,0.7256544896704836,1754672177.073694
1,Task_1,0,95,0.8645673225818546,1754672177.0737011
1,Task_1,0,96,0.9181407843279195,1754672177.0737019
0,Task_0,0,96,0.7985374498286765,1754672177.073704
1,Task_1,0,96,0.8618792093372409,1754672177.073705
1,Task_1,0,97,0.9349585914154912,1754672177.073706
0,Task_0,0,97,0.739695252895137,1754672177.073707
1,Task_1,0,97,0.8631855879622091,1754672177.073708
1,Task_1,0,98,0.9629780219832494,1754672177.07371
0,Task_0,0,98,0.7440707053444919,1754672177.073712
1,Task_1,0,98,0.8159062743980916,1754672177.0737128
1,Task_1,0,99,0.9421449853771238,1754672177.073714
0,Task_0,0,99,0.7692218943539704,1754672177.073715
1,Task_1,0,99,0.8041518527593626,1754672177.073716
1,Task_1,1,0,0.5349249748225678,1754672177.0737212
0,Task_0,1,0,0.781123206102838,1754672177.0737221
1,Task_1,1,0,0.8831500049211248,1754672177.0737238
1,Task_1,1,1,0.5204893311691596,1754672177.0737238
0,Task_0,1,1,0.75831014161097,1754672177.073726
1,Task_1,1,1,0.8668941611535513,1754672177.073727
1,Task_1,1,2,0.5310329454556617,1754672177.073728
0,Task_0,1,2,0.7409626735590396,1754672177.073729
1,Task_1,1,2,0.8139637729145066,1754672177.07373
1,Task_1,1,3,0.5609438022997302,1754672177.0737312
0,Task_0,1,3,0.8054672334674556,1754672177.0737321
1,Task_1,1,3,0.835392432216545,1754672177.0737338
1,Task_1,1,4,0.5662059770259293,1754672177.073735
0,Task_0,1,4,0.7583399336653469,1754672177.073736
1,Task_1,1,4,0.81828594720176,1754672177.073737
1,Task_1,1,5,0.5402469291950874,1754672177.073738
0,Task_0,1,5,0.7381634056441322,1754672177.073739
1,Task_1,1,5,0.8795413959707363,1754672177.07374
1,Task_1,1,6,0.6229979497881243,1754672177.073741
0,Task_0,1,6,0.7621664482384455,1754672177.0737422
1,Task_1,1,6,0.8106798885850064,1754672177.073743
1,Task_1,1,7,0.5882813298425359,1754672177.0737438
0,Task_0,1,7,0.7995019200272909,1754672177.073745
1,Task_1,1,7,0.8729279567032623,1754672177.073746
1,Task_1,1,8,0.5808548893172638,1754672177.073747
0,Task_0,1,8,0.7847295622374897,1754672177.0737479
1,Task_1,1,8,0.859896757766612,1754672177.073749
1,Task_1,1,9,0.6340093060373644,1754672177.07375
0,Task_0,1,9,0.7577314459386362,1754672177.073751
1,Task_1,1,9,0.8494073478058152,1754672177.0737522
1,Task_1,1,10,0.5869838201588343,1754672177.073753
0,Task_0,1,10,0.8030380409437411,1754672177.073754
1,Task_1,1,10,0.8877835518169236,1754672177.0737548
1,Task_1,1,11,0.6426484316821267,1754672177.073756
0,Task_0,1,11,0.7267858410837471,1754672177.073757
1,Task_1,1,11,0.899623473249207,1754672177.073758
1,Task_1,1,12,0.642598519171478,1754672177.073759
0,Task_0,1,12,0.7305981917108286,1754672177.07376
1,Task_1,1,12,0.803240258769399,1754672177.073761
1,Task_1,1,13,0.601954360417003,1754672177.073762
0,Task_0,1,13,0.7408828447085425,1754672177.073765
1,Task_1,1,13,0.8826696937963099,1754672177.073766
1,Task_1,1,14,0.6290919813719935,1754672177.073766
0,Task_0,1,14,0.7765488733381791,1754672177.073768
1,Task_1,1,14,0.8785380087156861,1754672177.0737689
1,Task_1,1,15,0.565910074312354,1754672177.0737689
0,Task_0,1,15,0.7919699500227534,1754672177.073771
1,Task_1,1,15,0.812662432834044,1754672177.073771
1,Task_1,1,16,0.5883831758894045,1754672177.073772
0,Task_0,1,16,0.7688903462422292,1754672177.0737731
1,Task_1,1,16,0.8854362395676741,1754672177.073774
1,Task_1,1,17,0.625298059465868,1754672177.073775
0,Task_0,1,17,0.7728558275339272,1754672177.0737762
1,Task_1,1,17,0.8559354196297809,1754672177.073777
1,Task_1,1,18,0.5943393319969094,1754672177.073778
0,Task_0,1,18,0.7701012417635669,1754672177.0737789
1,Task_1,1,18,0.8440303375906598,1754672177.07378
1,Task_1,1,19,0.6702870935188004,1754672177.073781
0,Task_0,1,19,0.7610256298723675,1754672177.073783
1,Task_1,1,19,0.807630589779169,1754672177.073784
1,Task_1,1,20,0.580995458247609,1754672177.073785
0,Task_0,1,20,0.7436917775042934,1754672177.073786
1,Task_1,1,20,0.8815864640198026,1754672177.073787
1,Task_1,1,21,0.6173416877583067,1754672177.073788
0,Task_0,1,21,0.7716114658518941,1754672177.073789
1,Task_1,1,21,0.8029937582290743,1754672177.0737898
1,Task_1,1,22,0.6699781421575732,1754672177.073795
0,Task_0,1,22,0.7315199442290472,1754672177.0737972
1,Task_1,1,22,0.8646390684069878,1754672177.073798
1,Task_1,1,23,0.6472964882205932,1754672177.073799
0,Task_0,1,23,0.7319380632038814,1754672177.0737998
1,Task_1,1,23,0.8352513818592808,1754672177.073801
1,Task_1,1,24,0.6106945435413761,1754672177.073802
0,Task_0,1,24,0.7944436023521845,1754672177.073803
1,Task_1,1,24,0.8120119375273279,1754672177.0738041
1,Task_1,1,25,0.6131866692938199,1754672177.073805
0,Task_0,1,25,0.7238708009014134,1754672177.073806
1,Task_1,1,25,0.8846872543887421,1754672177.073807
1,Task_1,1,26,0.6897558056756594,1754672177.073807
0,Task_0,1,26,0.7730792104092412,1754672177.073809
1,Task_1,1,26,0.8668957781065736,1754672177.073809
1,Task_1,1,27,0.663338161300069,1754672177.0738099
0,Task_0,1,27,0.7460649505410056,1754672177.073811
1,Task_1,1,27,0.8614943900514902,1754672177.073812
1,Task_1,1,28,0.6757123316395589,1754672177.073813
0,Task_0,1,28,0.7319140601799476,1754672177.073814
1,Task_1,1,28,0.8276969890058951,1754672177.073815
1,Task_1,1,29,0.66254841366266,1754672177.073816
0,Task_0,1,29,0.7498233915350805,1754672177.073817
1,Task_1,1,29,0.8786371795048624,1754672177.0738182
1,Task_1,1,30,0.713924381069613,1754672177.073819
0,Task_0,1,30,0.7385509405355718,1754672177.0738199
1,Task_1,1,30,0.8744204065339466,1754672177.0738208
1,Task_1,1,31,0.6784339799057281,1754672177.073823
0,Task_0,1,31,0.7954916995258491,1754672177.073824
1,Task_1,1,31,0.8724834031283855,1754672177.0738251
1,Task_1,1,32,0.7185203980132381,1754672177.073826
0,Task_0,1,32,0.7979786831577288,1754672177.073827
1,Task_1,1,32,0.8038277297404604,1754672177.0738292
1,Task_1,1,33,0.639741128840456,1754672177.07383
0,Task_0,1,33,0.7629693511769414,1754672177.0738308
1,Task_1,1,33,0.8429709157713284,1754672177.073832
1,Task_1,1,34,0.6714581453165306,1754672177.073832
0,Task_0,1,34,0.7417593788500828,1754672177.073833
1,Task_1,1,34,0.8395023804977417,1754672177.073834
1,Task_1,1,35,0.7194871444303728,1754672177.073835
0,Task_0,1,35,0.7532288394451453,1754672177.073836
1,Task_1,1,35,0.8152730271536504,1754672177.073837
1,Task_1,1,36,0.741700761750851,1754672177.073838
0,Task_0,1,36,0.73376301571414,1754672177.0738392
1,Task_1,1,36,0.8489352877903202,1754672177.0738401
1,Task_1,1,37,0.6695309490126857,1754672177.0738409
0,Task_0,1,37,0.7490931444907973,1754672177.0738418
1,Task_1,1,37,0.896095363249206,1754672177.073843
1,Task_1,1,38,0.6844680579280881,1754672177.073844
0,Task_0,1,38,0.7896549595858837,1754672177.073845
1,Task_1,1,38,0.8529782401110548,1754672177.073846
1,Task_1,1,39,0.712921165015875,1754672177.073847
0,Task_0,1,39,0.7438766391899633,1754672177.073848
1,Task_1,1,39,0.8926564548683364,1754672177.0738492
1,Task_1,1,40,0.6627066302302336,1754672177.0738502
0,Task_0,1,40,0.797097021367228,1754672177.0738509
1,Task_1,1,40,0.8069415024495549,1754672177.0738518
1,Task_1,1,41,0.7299939943849176,1754672177.0738518
0,Task_0,1,41,0.7810896215700007,1754672177.073853
1,Task_1,1,41,0.8874672748312631,1754672177.073854
1,Task_1,1,42,0.7544111093494252,1754672177.073855
0,Task_0,1,42,0.8065120735901606,1754672177.073856
1,Task_1,1,42,0.8789816711371856,1754672177.073858
1,Task_1,1,43,0.6918889726608741,1754672177.073859
0,Task_0,1,43,0.7788512126123182,1754672177.0738602
1,Task_1,1,43,0.8923168461494277,1754672177.0738611
1,Task_1,1,44,0.6773133160448547,1754672177.0738618
0,Task_0,1,44,0.7485853017758328,1754672177.073863
1,Task_1,1,44,0.8714793810952107,1754672177.073864
1,Task_1,1,45,0.7589199741074277,1754672177.073865
0,Task_0,1,45,0.761600975482412,1754672177.073866
1,Task_1,1,45,0.8015891181997801,1754672177.073867
1,Task_1,1,46,0.7019531354624347,1754672177.073868
0,Task_0,1,46,0.7691648005708496,1754672177.073869
1,Task_1,1,46,0.8953103040438886,1754672177.0738702
1,Task_1,1,47,0.7507055281947087,1754672177.0738711
0,Task_0,1,47,0.8010193511221636,1754672177.0738719
1,Task_1,1,47,0.8285201188626349,1754672177.0738728
1,Task_1,1,48,0.7308627143897096,1754672177.073874
0,Task_0,1,48,0.7533900727134,1754672177.073875
1,Task_1,1,48,0.8166692935700355,1754672177.073878
1,Task_1,1,49,0.7392279006488492,1754672177.073878
0,Task_0,1,49,0.7582663982745466,1754672177.073879
1,Task_1,1,49,0.8203252787972561,1754672177.07388
1,Task_1,1,50,0.784468568799345,1754672177.0738811
0,Task_0,1,50,0.7862225072428943,1754672177.073882
1,Task_1,1,50,0.8011852963750689,1754672177.0738828
1,Task_1,1,51,0.7740784821474456,1754672177.073884
0,Task_0,1,51,0.7266101346244194,1754672177.073885
1,Task_1,1,51,0.8560958664327215,1754672177.073886
1,Task_1,1,52,0.7470940324735339,1754672177.0738869
0,Task_0,1,52,0.7731556829279674,1754672177.073888
1,Task_1,1,52,0.8032313449781081,1754672177.073889
1,Task_1,1,53,0.7234704231020161,1754672177.07389
0,Task_0,1,53,0.7329265730536209,1754672177.0738912
1,Task_1,1,53,0.884869865799296,1754672177.073892
1,Task_1,1,54,0.7789675392649513,1754672177.073893
0,Task_0,1,54,0.80697491755192,1754672177.0738938
1,Task_1,1,54,0.8994245002993185,1754672177.073895
1,Task_1,1,55,0.7293384065040349,1754672177.073896
0,Task_0,1,55,0.8041975729964409,1754672177.073897
1,Task_1,1,55,0.8119628540527726,1754672177.073898
1,Task_1,1,56,0.8210522406336515,1754672177.073899
0,Task_0,1,56,0.7718838334525703,1754672177.0739
1,Task_1,1,56,0.8437962908099044,1754672177.073901
1,Task_1,1,57,0.7388817094056096,1754672177.0739021
0,Task_0,1,57,0.7212974431567002,1754672177.073903
1,Task_1,1,57,0.8179952020785727,1754672177.073904
1,Task_1,1,58,0.7855702731192424,1754672177.073905
0,Task_0,1,58,0.7637132462433779,1754672177.073906
1,Task_1,1,58,0.8362412546619746,1754672177.073907
1,Task_1,1,59,0.7996303735909981,1754672177.0739079
0,Task_0,1,59,0.7380919405727266,1754672177.073909
1,Task_1,1,59,0.8246383432632298,1754672177.073909
1,Task_1,1,60,0.8341732024805555,1754672177.07391
0,Task_0,1,60,0.8003395093223263,1754672177.073911
1,Task_1,1,60,0.8357586458113989,1754672177.0739121
1,Task_1,1,61,0.824662984228062,1754672177.073913
0,Task_0,1,61,0.799418939024879,1754672177.073914
1,Task_1,1,61,0.8960076551113223,1754672177.0739148
1,Task_1,1,62,0.8451166747425366,1754672177.073916
0,Task_0,1,62,0.7348678269978756,1754672177.073917
1,Task_1,1,62,0.8973704108331344,1754672177.0739179
1,Task_1,1,63,0.7592617435849927,1754672177.073919
0,Task_0,1,63,0.7327250815938632,1754672177.07392
1,Task_1,1,63,0.8614472261456751,1754672177.073921
1,Task_1,1,64,0.8415054891749053,1754672177.0739222
0,Task_0,1,64,0.7924648647299477,1754672177.073923
1,Task_1,1,64,0.864038500357403,1754672177.073924
1,Task_1,1,65,0.8499715005958065,1754672177.073925
0,Task_0,1,65,0.739366128891587,1754672177.0739279
1,Task_1,1,65,0.849996606212303,1754672177.073929
1,Task_1,1,66,0.8237216394200982,1754672177.07393
0,Task_0,1,66,0.7525840825911693,1754672177.0739331
1,Task_1,1,66,0.8833747381637266,1754672177.073934
1,Task_1,1,67,0.7828674242682933,1754672177.073935
0,Task_0,1,67,0.7547475880807895,1754672177.073936
1,Task_1,1,67,0.865888532740448,1754672177.073937
1,Task_1,1,68,0.831485152430078,1754672177.073938
0,Task_0,1,68,0.7431684401428527,1754672177.0739388
1,Task_1,1,68,0.8715582565716584,1754672177.07394
1,Task_1,1,69,0.8647548247134985,1754672177.073941
0,Task_0,1,69,0.8062948116793918,1754672177.073942
1,Task_1,1,69,0.8390589729181935,1754672177.0739431
1,Task_1,1,70,0.8109260673670149,1754672177.073945
0,Task_0,1,70,0.7520708465090464,1754672177.073946
1,Task_1,1,70,0.8560523819859607,1754672177.073947
1,Task_1,1,71,0.7907944821894342,1754672177.073948
0,Task_0,1,71,0.7664835581320062,1754672177.0739489
1,Task_1,1,71,0.8992567231722668,1754672177.07395
1,Task_1,1,72,0.8446572423342656,1754672177.073951
0,Task_0,1,72,0.7315102478359462,1754672177.073952
1,Task_1,1,72,0.8103645872404948,1754672177.073953
1,Task_1,1,73,0.8311179583449458,1754672177.073954
0,Task_0,1,73,0.7669720934237086,1754672177.073955
1,Task_1,1,73,0.8160868083427042,1754672177.073956
1,Task_1,1,74,0.7980192346470997,1754672177.0739572
0,Task_0,1,74,0.765818228833648,1754672177.073958
1,Task_1,1,74,0.8700270907335342,1754672177.0739589
1,Task_1,1,75,0.8538186499038165,1754672177.0739598
0,Task_0,1,75,0.7820870095693655,1754672177.073961
1,Task_1,1,75,0.815526154596142,1754672177.073962
1,Task_1,1,76,0.8445439474118863,1754672177.073963
0,Task_0,1,76,0.8046415654788363,1754672177.073964
1,Task_1,1,76,0.8409649601229137,1754672177.073965
1,Task_1,1,77,0.8262493624452654,1754672177.073966
0,Task_0,1,77,0.7958952427546189,1754672177.0739672
1,Task_1,1,77,0.8799887839929696,1754672177.0739682
1,Task_1,1,78,0.852841725771176,1754672177.073969
0,Task_0,1,78,0.799871496578715,1754672177.0739698
1,Task_1,1,78,0.8793705873541398,1754672177.073971
1,Task_1,1,79,0.8183547462873432,1754672177.073972
0,Task_0,1,79,0.7788955088439884,1754672177.073973
1,Task_1,1,79,0.824938987661706,1754672177.0739741
1,Task_1,1,80,0.8426734509342412,1754672177.073975
0,Task_0,1,80,0.7759626306406865,1754672177.073977
1,Task_1,1,80,0.8640477319238958,1754672177.0739782
1,Task_1,1,81,0.8941006840033119,1754672177.073979
0,Task_0,1,81,0.7457170411871166,1754672177.0739799
1,Task_1,1,81,0.8242003862644096,1754672177.073981
1,Task_1,1,82,0.8683345470097049,1754672177.073982
0,Task_0,1,82,0.79878774816249,1754672177.073983
1,Task_1,1,82,0.8409103416599921,1754672177.073984
1,Task_1,1,83,0.8906138725466671,1754672177.073986
0,Task_0,1,83,0.7203770217983557,1754672177.073987
1,Task_1,1,83,0.8585048435503835,1754672177.0739892
1,Task_1,1,84,0.8624179609523536,1754672177.0739908
0,Task_0,1,84,0.7816755786603934,1754672177.073992
1,Task_1,1,84,0.8148319737102602,1754672177.073993
1,Task_1,1,85,0.8553117290477833,1754672177.073994
0,Task_0,1,85,0.7733238635020763,1754672177.073995
1,Task_1,1,85,0.8381674951117993,1754672177.073996
1,Task_1,1,86,0.8937724049742677,1754672177.073997
0,Task_0,1,86,0.7713666505400224,1754672177.0739992
1,Task_1,1,86,0.8394436946190942,1754672177.074
1,Task_1,1,87,0.8592390066664833,1754672177.0740008
0,Task_0,1,87,0.7918888548575839,1754672177.074002
1,Task_1,1,87,0.8327548917768812,1754672177.074003
1,Task_1,1,88,0.8640468288169212,1754672177.074004
0,Task_0,1,88,0.7905285854006411,1754672177.074005
1,Task_1,1,88,0.8577011978059396,1754672177.074006
1,Task_1,1,89,0.9128292661402768,1754672177.074007
0,Task_0,1,89,0.7896927462525226,1754672177.074008
1,Task_1,1,89,0.8562386767859436,1754672177.0740092
1,Task_1,1,90,0.9495866858026645,1754672177.0740101
0,Task_0,1,90,0.7259991026265075,1754672177.0740108
1,Task_1,1,90,0.8049587954530999,1754672177.0740118
1,Task_1,1,91,0.9535748170825877,1754672177.074013
0,Task_0,1,91,0.7593127447563787,1754672177.074014
1,Task_1,1,91,0.8883688711777851,1754672177.074015
1,Task_1,1,92,0.912541462543889,1754672177.074016
0,Task_0,1,92,0.7547700996390709,1754672177.074017
1,Task_1,1,92,0.8171233951727488,1754672177.074018
1,Task_1,1,93,0.942533417923876,1754672177.074019
0,Task_0,1,93,0.7302397611124415,1754672177.0740201
1,Task_1,1,93,0.8736914685949023,1754672177.074021
1,Task_1,1,94,0.955201466777954,1754672177.0740218
0,Task_0,1,94,0.7811727005324791,1754672177.074023
1,Task_1,1,94,0.8543917074297309,1754672177.074024
1,Task_1,1,95,0.8905033133716901,1754672177.074025
0,Task_0,1,95,0.7632730573585655,1754672177.0740259
1,Task_1,1,95,0.8941315562297092,1754672177.074027
1,Task_1,1,96,0.954421899012545,1754672177.074029
0,Task_0,1,96,0.7545749388534803,1754672177.0740302
1,Task_1,1,96,0.8792611972386307,1754672177.074031
1,Task_1,1,97,0.9276578184026997,1754672177.074032
0,Task_0,1,97,0.7725580361688615,1754672177.0740328
1,Task_1,1,97,0.8996072938261973,1754672177.074034
1,Task_1,1,98,0.9642342800823662,1754672177.074035
0,Task_0,1,98,0.7408867792888003,1754672177.074037
1,Task_1,1,98,0.8909302546320663,1754672177.074038
1,Task_1,1,99,0.9107781117788197,1754672177.074039
0,Task_0,1,99,0.7200953510953452,1754672177.0740402
1,Task_1,1,99,0.8524821545004189,1754672177.0740411
2,Task_2,0,0,0.5724788750819702,1754672178.168448
0,Task_0,0,0,0.6420866815872651,1754672178.168454
1,Task_1,0,0,0.7958070161019797,1754672178.1684558
2,Task_2,0,0,0.8577093127497422,1754672178.168458
2,Task_2,0,1,0.5452074272310237,1754672178.168459
0,Task_0,0,1,0.6745380369864473,1754672178.1684601
1,Task_1,0,1,0.7742847717088286,1754672178.168461
2,Task_2,0,1,0.8467280457892054,1754672178.168462
2,Task_2,0,2,0.5536189688890086,1754672178.168463
0,Task_0,0,2,0.684080948106881,1754672178.168464
1,Task_1,0,2,0.7933231056789369,1754672178.1684659
2,Task_2,0,2,0.8135200664198353,1754672178.168467
2,Task_2,0,3,0.586612082484915,1754672178.168468
0,Task_0,0,3,0.6871006749779381,1754672178.168469
1,Task_1,0,3,0.7685664727622421,1754672178.16847
2,Task_2,0,3,0.8919610020473733,1754672178.168471
2,Task_2,0,4,0.5847617741657961,1754672178.168472
0,Task_0,0,4,0.6647062643110708,1754672178.168473
1,Task_1,0,4,0.7575316860188592,1754672178.1684742
2,Task_2,0,4,0.8340803664928927,1754672178.168475
2,Task_2,0,5,0.5512033980131057,1754672178.1684759
0,Task_0,0,5,0.6638489609539303,1754672178.1684768
1,Task_1,0,5,0.7221857563854716,1754672178.168478
2,Task_2,0,5,0.8390685006824194,1754672178.168479
2,Task_2,0,6,0.5650384970784376,1754672178.16848
0,Task_0,0,6,0.7147696511416131,1754672178.168482
1,Task_1,0,6,0.762514667578304,1754672178.168483
2,Task_2,0,6,0.8494552413267155,1754672178.1684842
2,Task_2,0,7,0.6131212821867936,1754672178.1684852
0,Task_0,0,7,0.6868999632869623,1754672178.1684859
1,Task_1,0,7,0.7777311903874854,1754672178.1684868
2,Task_2,0,7,0.894023980815559,1754672178.168488
2,Task_2,0,8,0.590448315857065,1754672178.168489
0,Task_0,0,8,0.6405958005390578,1754672178.16849
1,Task_1,0,8,0.8066137615460828,1754672178.168492
2,Task_2,0,8,0.8053276507956061,1754672178.168493
2,Task_2,0,9,0.5871631978750159,1754672178.168494
0,Task_0,0,9,0.6971178823681035,1754672178.1684952
1,Task_1,0,9,0.7854142074777192,1754672178.1684961
2,Task_2,0,9,0.8969717480826425,1754672178.1684968
2,Task_2,0,10,0.5431669064850123,1754672178.1684978
0,Task_0,0,10,0.7181717884595061,1754672178.168499
1,Task_1,0,10,0.8071501293448289,1754672178.1685
2,Task_2,0,10,0.8231581026612269,1754672178.168501
2,Task_2,0,11,0.5994508590902027,1754672178.168502
0,Task_0,0,11,0.7171971387921382,1754672178.168503
1,Task_1,0,11,0.7813671268057747,1754672178.168504
2,Task_2,0,11,0.8529429366572725,1754672178.1685052
2,Task_2,0,12,0.5581058538668748,1754672178.1685061
0,Task_0,0,12,0.6701516039669514,1754672178.1685069
1,Task_1,0,12,0.774607553194723,1754672178.1685078
2,Task_2,0,12,0.8080911330081726,1754672178.168509
2,Task_2,0,13,0.6186577434069888,1754672178.16851
0,Task_0,0,13,0.7048642146567272,1754672178.168511
1,Task_1,0,13,0.7343598603414687,1754672178.168512
2,Task_2,0,13,0.867265670258413,1754672178.168513
2,Task_2,0,14,0.6185901572252878,1754672178.168514
0,Task_0,0,14,0.664841816415719,1754672178.168515
1,Task_1,0,14,0.7850560393238413,1754672178.1685162
2,Task_2,0,14,0.8626478804024915,1754672178.168517
2,Task_2,0,15,0.5928041389695533,1754672178.1685178
0,Task_0,0,15,0.7181893988239119,1754672178.168519
1,Task_1,0,15,0.7237322160231348,1754672178.16852
2,Task_2,0,15,0.8961941290962505,1754672178.168521
2,Task_2,0,16,0.6578839985422873,1754672178.168522
0,Task_0,0,16,0.6850601822120737,1754672178.168523
1,Task_1,0,16,0.7789208816165464,1754672178.168524
2,Task_2,0,16,0.8478867043141993,1754672178.168525
2,Task_2,0,17,0.6260617409344076,1754672178.1685262
0,Task_0,0,17,0.6686859721671614,1754672178.1685271
1,Task_1,0,17,0.7605666391037449,1754672178.1685271
2,Task_2,0,17,0.8834289351728228,1754672178.1685278
2,Task_2,0,18,0.6486171319341936,1754672178.1685288
0,Task_0,0,18,0.6879008442132166,1754672178.16853
1,Task_1,0,18,0.8024338737760844,1754672178.168531
2,Task_2,0,18,0.8050205243383872,1754672178.168532
2,Task_2,0,19,0.628591773604344,1754672178.168533
0,Task_0,0,19,0.662952875450166,1754672178.168534
1,Task_1,0,19,0.7927467764114214,1754672178.168535
2,Task_2,0,19,0.8750396226545323,1754672178.168536
2,Task_2,0,20,0.6200544126318789,1754672178.1685371
0,Task_0,0,20,0.6544126559859728,1754672178.168538
1,Task_1,0,20,0.7630505677566604,1754672178.1685388
2,Task_2,0,20,0.8082974459743536,1754672178.16854
2,Task_2,0,21,0.6387811967329942,1754672178.168541
0,Task_0,0,21,0.718720651424977,1754672178.168542
1,Task_1,0,21,0.7285036942894505,1754672178.1685429
2,Task_2,0,21,0.8834499982722313,1754672178.168544
2,Task_2,0,22,0.6391104791724652,1754672178.168544
0,Task_0,0,22,0.7042060382941235,1754672178.168546
1,Task_1,0,22,0.763093695884945,1754672178.168546
2,Task_2,0,22,0.8716056253320884,1754672178.1685472
2,Task_2,0,23,0.6147576252768643,1754672178.168548
0,Task_0,0,23,0.704326501086739,1754672178.168549
1,Task_1,0,23,0.741497049608391,1754672178.1685498
2,Task_2,0,23,0.8205366112999573,1754672178.168551
2,Task_2,0,24,0.6342479793346325,1754672178.168552
0,Task_0,0,24,0.6884346123961922,1754672178.1685529
1,Task_1,0,24,0.734787922533831,1754672178.168554
2,Task_2,0,24,0.8070123122651444,1754672178.168555
2,Task_2,0,25,0.627977389378744,1754672178.168556
0,Task_0,0,25,0.7049210073355381,1754672178.1685572
1,Task_1,0,25,0.7598754786305888,1754672178.1685581
2,Task_2,0,25,0.8056749341449956,1754672178.168559
2,Task_2,0,26,0.6398968600687972,1754672178.16856
0,Task_0,0,26,0.659527533368668,1754672178.168561
1,Task_1,0,26,0.7484177795728498,1754672178.168562
2,Task_2,0,26,0.8535448005064683,1754672178.168563
2,Task_2,0,27,0.6550021169883692,1754672178.168563
0,Task_0,0,27,0.694497065239206,1754672178.168565
1,Task_1,0,27,0.8048370003200627,1754672178.168565
2,Task_2,0,27,0.8738171005951214,1754672178.168566
2,Task_2,0,28,0.6402174656506967,1754672178.168567
0,Task_0,0,28,0.6590702733748697,1754672178.1685681
1,Task_1,0,28,0.7444716487179991,1754672178.168569
2,Task_2,0,28,0.8805555942194161,1754672178.16857
2,Task_2,0,29,0.6555189016933004,1754672178.168571
0,Task_0,0,29,0.6865017860262778,1754672178.168572
1,Task_1,0,29,0.7916345754421101,1754672178.168573
2,Task_2,0,29,0.8599385132749017,1754672178.1685739
2,Task_2,0,30,0.7111001497671343,1754672178.168575
0,Task_0,0,30,0.703719188504897,1754672178.168576
1,Task_1,0,30,0.7495154248495803,1754672178.168576
2,Task_2,0,30,0.8839839449353175,1754672178.168577
2,Task_2,0,31,0.6502522094311823,1754672178.1685781
0,Task_0,0,31,0.7035995794133226,1754672178.168579
1,Task_1,0,31,0.7896970803558953,1754672178.16858
2,Task_2,0,31,0.8289086393359424,1754672178.168581
2,Task_2,0,32,0.6525378578691715,1754672178.168582
0,Task_0,0,32,0.6771042212788366,1754672178.168583
1,Task_1,0,32,0.7750321572636445,1754672178.1685839
2,Task_2,0,32,0.8727021919635325,1754672178.168585
2,Task_2,0,33,0.7159326280198062,1754672178.168586
0,Task_0,0,33,0.6602361000739897,1754672178.168587
1,Task_1,0,33,0.7667842188751313,1754672178.168588
2,Task_2,0,33,0.8849933363509891,1754672178.168589
2,Task_2,0,34,0.6991129727751872,1754672178.16859
0,Task_0,0,34,0.6488461993403023,1754672178.168591
1,Task_1,0,34,0.7647616977778456,1754672178.168592
2,Task_2,0,34,0.8827498710379039,1754672178.168593
2,Task_2,0,35,0.6909642513683925,1754672178.168594
0,Task_0,0,35,0.6607755455390827,1754672178.1685948
1,Task_1,0,35,0.7376940488238956,1754672178.168596
2,Task_2,0,35,0.8021200687745759,1754672178.168597
2,Task_2,0,36,0.6834710479526008,1754672178.168597
0,Task_0,0,36,0.6551984212839541,1754672178.168598
1,Task_1,0,36,0.7379095806339329,1754672178.1685991
2,Task_2,0,36,0.8702051794448761,1754672178.1686
2,Task_2,0,37,0.7203368420762299,1754672178.168601
0,Task_0,0,37,0.6515598545718237,1754672178.1686022
1,Task_1,0,37,0.722163293339815,1754672178.168603
2,Task_2,0,37,0.8797170863992413,1754672178.168604
2,Task_2,0,38,0.682137743300093,1754672178.1686049
0,Task_0,0,38,0.6950114849195725,1754672178.168606
1,Task_1,0,38,0.8021308788277224,1754672178.168607
2,Task_2,0,38,0.8846046909664109,1754672178.168608
2,Task_2,0,39,0.7017755586329036,1754672178.1686091
0,Task_0,0,39,0.648412776450422,1754672178.16861
1,Task_1,0,39,0.7883119894310532,1754672178.168611
2,Task_2,0,39,0.8038697917530878,1754672178.168612
2,Task_2,0,40,0.747770005257999,1754672178.168612
0,Task_0,0,40,0.6710543992075659,1754672178.1686132
1,Task_1,0,40,0.7855792511287659,1754672178.168614
2,Task_2,0,40,0.877094863248044,1754672178.1686149
2,Task_2,0,41,0.7363734242383787,1754672178.1686158
0,Task_0,0,41,0.6489336347462129,1754672178.168617
1,Task_1,0,41,0.721729263943345,1754672178.168618
2,Task_2,0,41,0.8183106916235873,1754672178.168619
2,Task_2,0,42,0.6701581676465258,1754672178.16862
0,Task_0,0,42,0.717507602702303,1754672178.168621
1,Task_1,0,42,0.746138991462421,1754672178.168621
2,Task_2,0,42,0.851824727866857,1754672178.168622
2,Task_2,0,43,0.6929479984643613,1754672178.1686232
0,Task_0,0,43,0.6953696107200215,1754672178.1686242
1,Task_1,0,43,0.7510979234805368,1754672178.1686249
2,Task_2,0,43,0.8346050633163842,1754672178.1686258
2,Task_2,0,44,0.7600521840325705,1754672178.168627
0,Task_0,0,44,0.6718921371890452,1754672178.168628
1,Task_1,0,44,0.7848233521738218,1754672178.168629
2,Task_2,0,44,0.8672770794050855,1754672178.1686301
2,Task_2,0,45,0.7543634323668963,1754672178.1686301
0,Task_0,0,45,0.6706334478900903,1754672178.168631
1,Task_1,0,45,0.7741762355188837,1754672178.168632
2,Task_2,0,45,0.8481671794341195,1754672178.168633
2,Task_2,0,46,0.6843779039589103,1754672178.1686342
0,Task_0,0,46,0.6699080682365643,1754672178.168635
1,Task_1,0,46,0.7696002311232042,1754672178.1686358
2,Task_2,0,46,0.8512253638492122,1754672178.168637
2,Task_2,0,47,0.715895079448849,1754672178.168638
0,Task_0,0,47,0.6594710856075601,1754672178.168639
1,Task_1,0,47,0.7283022221410409,1754672178.16864
2,Task_2,0,47,0.8751864558612334,1754672178.168641
2,Task_2,0,48,0.736728694490427,1754672178.168641
0,Task_0,0,48,0.7085762981337862,1754672178.168642
1,Task_1,0,48,0.7640089943003956,1754672178.168643
2,Task_2,0,48,0.8910601254926095,1754672178.1686442
2,Task_2,0,49,0.7108883386895383,1754672178.1686451
0,Task_0,0,49,0.6518813981493414,1754672178.1686459
1,Task_1,0,49,0.7538385298611415,1754672178.1686468
2,Task_2,0,49,0.8507029339704867,1754672178.168648
2,Task_2,0,50,0.7242243014395318,1754672178.168649
0,Task_0,0,50,0.7142108363292201,1754672178.16865
1,Task_1,0,50,0.7848948806601553,1754672178.168651
2,Task_2,0,50,0.8604869234812601,1754672178.168651
2,Task_2,0,51,0.7646089141192143,1754672178.168652
0,Task_0,0,51,0.6670125645076749,1754672178.168653
1,Task_1,0,51,0.7617113891303361,1754672178.168654
2,Task_2,0,51,0.8902756439608552,1754672178.1686552
2,Task_2,0,52,0.7232432755694398,1754672178.1686559
0,Task_0,0,52,0.6568409446158276,1754672178.1686568
1,Task_1,0,52,0.7757998646656594,1754672178.168658
2,Task_2,0,52,0.8738283786233163,1754672178.168702
2,Task_2,0,53,0.7558517218122083,1754672178.168703
0,Task_0,0,53,0.7075350396741595,1754672178.168704
1,Task_1,0,53,0.7818619813709458,1754672178.168705
2,Task_2,0,53,0.8880426307949219,1754672178.168706
2,Task_2,0,54,0.787497741930415,1754672178.1687071
0,Task_0,0,54,0.6487585474545957,1754672178.168708
1,Task_1,0,54,0.7200152124102012,1754672178.168709
2,Task_2,0,54,0.8556345879245136,1754672178.16871
2,Task_2,0,55,0.771870065578671,1754672178.168711
0,Task_0,0,55,0.6563765576191645,1754672178.168712
1,Task_1,0,55,0.7568391942768776,1754672178.1687129
2,Task_2,0,55,0.833193053992231,1754672178.168714
2,Task_2,0,56,0.7561922875076619,1754672178.168714
0,Task_0,0,56,0.6599238408441712,1754672178.168715
1,Task_1,0,56,0.7809246199078677,1754672178.168716
2,Task_2,0,56,0.8030612655486549,1754672178.1687171
2,Task_2,0,57,0.755806315439224,1754672178.168718
0,Task_0,0,57,0.6469042883026489,1754672178.168719
1,Task_1,0,57,0.7464545749601179,1754672178.1687198
2,Task_2,0,57,0.8719594340342145,1754672178.168721
2,Task_2,0,58,0.7397380447428397,1754672178.168722
0,Task_0,0,58,0.6959126250428004,1754672178.1687229
1,Task_1,0,58,0.7219750538037958,1754672178.168724
2,Task_2,0,58,0.8963709742616744,1754672178.168724
2,Task_2,0,59,0.7877230690236757,1754672178.168725
0,Task_0,0,59,0.6612949392932587,1754672178.168726
1,Task_1,0,59,0.7617028480645459,1754672178.168727
2,Task_2,0,59,0.8002040502081664,1754672178.168728
2,Task_2,0,60,0.8123170196418236,1754672178.168729
0,Task_0,0,60,0.6972220808546425,1754672178.16873
1,Task_1,0,60,0.8089418698291151,1754672178.168731
2,Task_2,0,60,0.8796489620856714,1754672178.168732
2,Task_2,0,61,0.7586425209204433,1754672178.168733
0,Task_0,0,61,0.6807322564994589,1754672178.1687338
1,Task_1,0,61,0.7670010874079332,1754672178.168735
2,Task_2,0,61,0.859571421695013,1754672178.168736
2,Task_2,0,62,0.8120439517566843,1754672178.168737
0,Task_0,0,62,0.6410152290507823,1754672178.1687381
1,Task_1,0,62,0.7974612998660667,1754672178.168739
2,Task_2,0,62,0.8938642103976756,1754672178.16874
2,Task_2,0,63,0.7692385554144398,1754672178.1687412
0,Task_0,0,63,0.6865192286867643,1754672178.168742
1,Task_1,0,63,0.795898594748002,1754672178.168743
2,Task_2,0,63,0.8400965143934545,1754672178.168743
2,Task_2,0,64,0.799545700680665,1754672178.1687438
0,Task_0,0,64,0.651665402922383,1754672178.168745
1,Task_1,0,64,0.7525056201754844,1754672178.168746
2,Task_2,0,64,0.825428763615342,1754672178.168747
2,Task_2,0,65,0.7860064586658416,1754672178.1687481
0,Task_0,0,65,0.6547998399705407,1754672178.168749
1,Task_1,0,65,0.7992609134296967,1754672178.16875
2,Task_2,0,65,0.8626281431854768,1754672178.168751
2,Task_2,0,66,0.7744751231385428,1754672178.1687522
0,Task_0,0,66,0.6645438790469209,1754672178.168753
1,Task_1,0,66,0.7820534250074647,1754672178.1687539
2,Task_2,0,66,0.8258075867375179,1754672178.168755
2,Task_2,0,67,0.7792861142515783,1754672178.168755
0,Task_0,0,67,0.6652501062692302,1754672178.168756
1,Task_1,0,67,0.7555225203963275,1754672178.168757
2,Task_2,0,67,0.8337815386509833,1754672178.168758
2,Task_2,0,68,0.8167121616573252,1754672178.168759
0,Task_0,0,68,0.7178495026702589,1754672178.16876
1,Task_1,0,68,0.7276323626616931,1754672178.168761
2,Task_2,0,68,0.8667072313861404,1754672178.1687622
2,Task_2,0,69,0.7815916615903696,1754672178.168763
0,Task_0,0,69,0.6941207058931538,1754672178.1687639
1,Task_1,0,69,0.7329514300193384,1754672178.1687639
2,Task_2,0,69,0.8851458198466422,1754672178.1687648
2,Task_2,0,70,0.8332191269107915,1754672178.168766
0,Task_0,0,70,0.7199922695660975,1754672178.168767
1,Task_1,0,70,0.7650744920701027,1754672178.168768
2,Task_2,0,70,0.8664604371531617,1754672178.1687691
2,Task_2,0,71,0.8226390594790486,1754672178.16877
0,Task_0,0,71,0.7104422549740086,1754672178.168771
1,Task_1,0,71,0.7457586227508268,1754672178.168772
2,Task_2,0,71,0.8089532411268677,1754672178.1687732
2,Task_2,0,72,0.8852039609833084,1754672178.1687732
0,Task_0,0,72,0.6695486513144235,1754672178.168774
1,Task_1,0,72,0.8035609477298935,1754672178.1687748
2,Task_2,0,72,0.8888986431473226,1754672178.168776
2,Task_2,0,73,0.8614348244885532,1754672178.168777
0,Task_0,0,73,0.6703436852439344,1754672178.168778
1,Task_1,0,73,0.771808591973986,1754672178.168779
2,Task_2,0,73,0.8015704330024647,1754672178.16878
2,Task_2,0,74,0.8353397009895032,1754672178.168781
0,Task_0,0,74,0.7024960914636029,1754672178.168782
1,Task_1,0,74,0.7317508391065951,1754672178.1687832
2,Task_2,0,74,0.8786310977108615,1754672178.168784
2,Task_2,0,75,0.897791180729598,1754672178.168784
0,Task_0,0,75,0.717694113483586,1754672178.1687849
1,Task_1,0,75,0.7324826018944818,1754672178.1687858
2,Task_2,0,75,0.8841197036876796,1754672178.168787
2,Task_2,0,76,0.8645389486943977,1754672178.168788
0,Task_0,0,76,0.6764667490413077,1754672178.168789
1,Task_1,0,76,0.7588585712580481,1754672178.16879
2,Task_2,0,76,0.811973120226526,1754672178.168791
2,Task_2,0,77,0.8810909860947507,1754672178.168792
0,Task_0,0,77,0.7039792093699667,1754672178.1687932
1,Task_1,0,77,0.777842133980782,1754672178.1687932
2,Task_2,0,77,0.894745366068402,1754672178.1687942
2,Task_2,0,78,0.8749726161739816,1754672178.1687949
0,Task_0,0,78,0.6891269125168613,1754672178.1687958
1,Task_1,0,78,0.7737127986946586,1754672178.168797
2,Task_2,0,78,0.8298774890710814,1754672178.168798
2,Task_2,0,79,0.8325704728732102,1754672178.168799
0,Task_0,0,79,0.6750233452708009,1754672178.1688
1,Task_1,0,79,0.7205904586450194,1754672178.168801
2,Task_2,0,79,0.8986261196187285,1754672178.168802
2,Task_2,0,80,0.8451728403459439,1754672178.168802
0,Task_0,0,80,0.6849329838779474,1754672178.168803
1,Task_1,0,80,0.759840059089621,1754672178.1688042
2,Task_2,0,80,0.8375686357641421,1754672178.1688051
2,Task_2,0,81,0.9119777498880314,1754672178.1688058
0,Task_0,0,81,0.6625762617724726,1754672178.168813
1,Task_1,0,81,0.7224198807062048,1754672178.1688142
2,Task_2,0,81,0.8149942598197659,1754672178.1688151
2,Task_2,0,82,0.9045475447974136,1754672178.168816
0,Task_0,0,82,0.7071456810063652,1754672178.1688168
1,Task_1,0,82,0.7925531706235892,1754672178.1688168
2,Task_2,0,82,0.8586134919884394,1754672178.168818
2,Task_2,0,83,0.8683385704738452,1754672178.168819
0,Task_0,0,83,0.6558687662482148,1754672178.16882
1,Task_1,0,83,0.7864693274434981,1754672178.168821
2,Task_2,0,83,0.821585061321678,1754672178.168822
2,Task_2,0,84,0.9124208097854017,1754672178.168823
0,Task_0,0,84,0.6591372184484907,1754672178.168824
1,Task_1,0,84,0.7265422628374637,1754672178.1688251
2,Task_2,0,84,0.8275692103311832,1754672178.1688251
2,Task_2,0,85,0.8479414384901618,1754672178.168826
0,Task_0,0,85,0.6901236197192862,1754672178.168829
1,Task_1,0,85,0.8092568055919045,1754672178.16883
2,Task_2,0,85,0.8609782496962032,1754672178.1688309
2,Task_2,0,86,0.8614175383024633,1754672178.168832
0,Task_0,0,86,0.6766826024005623,1754672178.168833
1,Task_1,0,86,0.7643980529822897,1754672178.168834
2,Task_2,0,86,0.8335726595375732,1754672178.1688352
2,Task_2,0,87,0.8603872094812717,1754672178.168836
0,Task_0,0,87,0.6949239506986803,1754672178.168837
1,Task_1,0,87,0.7816788365536275,1754672178.1688378
2,Task_2,0,87,0.8669323764767829,1754672178.168839
2,Task_2,0,88,0.928469802281471,1754672178.168839
0,Task_0,0,88,0.6910174651554448,1754672178.16884
1,Task_1,0,88,0.8041335779656402,1754672178.168841
2,Task_2,0,88,0.8875884362773142,1754672178.168842
2,Task_2,0,89,0.9384802145745336,1754672178.168843
0,Task_0,0,89,0.7024523733777266,1754672178.168844
1,Task_1,0,89,0.7618680628914076,1754672178.168845
2,Task_2,0,89,0.8507383268989583,1754672178.1688461
2,Task_2,0,90,0.9474942820289015,1754672178.168847
0,Task_0,0,90,0.6954153490648661,1754672178.1688478
1,Task_1,0,90,0.7612433865907494,1754672178.1688478
2,Task_2,0,90,0.8582225210510448,1754672178.168849
2,Task_2,0,91,0.9160942467998838,1754672178.16885
0,Task_0,0,91,0.6458585445129731,1754672178.168851
1,Task_1,0,91,0.7574392978789141,1754672178.1688519
2,Task_2,0,91,0.8562053978778694,1754672178.168853
2,Task_2,0,92,0.9300338227633411,1754672178.168854
0,Task_0,0,92,0.6892713991157866,1754672178.168855
1,Task_1,0,92,0.767178173699939,1754672178.1688561
2,Task_2,0,92,0.8540545386629586,1754672178.168857
2,Task_2,0,93,0.9352870015485629,1754672178.168857
0,Task_0,0,93,0.7013127138944499,1754672178.168858
1,Task_1,0,93,0.8060288928029365,1754672178.1688588
2,Task_2,0,93,0.8695205026906538,1754672178.16886
2,Task_2,0,94,0.9455694110808266,1754672178.168861
0,Task_0,0,94,0.6542334675371855,1754672178.1688619
1,Task_1,0,94,0.7719496881403343,1754672178.168863
2,Task_2,0,94,0.8270125210572877,1754672178.168864
2,Task_2,0,95,0.9659925176315133,1754672178.168865
0,Task_0,0,95,0.6916275378012217,1754672178.1688662
1,Task_1,0,95,0.7448896956325245,1754672178.168867
2,Task_2,0,95,0.816395081368167,1754672178.168868
2,Task_2,0,96,0.9419462163056669,1754672178.168868
0,Task_0,0,96,0.6440104393448629,1754672178.168869
1,Task_1,0,96,0.7745811626685144,1754672178.16887
2,Task_2,0,96,0.8151128048046776,1754672178.168871
2,Task_2,0,97,0.9565105649125578,1754672178.1688719
0,Task_0,0,97,0.6839969599303977,1754672178.168873
1,Task_1,0,97,0.7573488901089184,1754672178.168874
2,Task_2,0,97,0.8108752457876093,1754672178.168875
2,Task_2,0,98,0.9253063601025774,1754672178.168876
0,Task_0,0,98,0.6960883757575428,1754672178.1688771
1,Task_1,0,98,0.7795527452870082,1754672178.168882
2,Task_2,0,98,0.8628884483161252,1754672178.1688828
2,Task_2,0,99,0.9297838836670234,1754672178.168884
0,Task_0,0,99,0.6503614797747455,1754672178.168885
1,Task_1,0,99,0.7376631010456965,1754672178.168886
2,Task_2,0,99,0.8577654091856011,1754672178.168886
2,Task_2,1,0,0.5073761368320917,1754672178.168891
0,Task_0,1,0,0.7155561616412441,1754672178.1688929
1,Task_1,1,0,0.7339341733659163,1754672178.168894
2,Task_2,1,0,0.8986871690949294,1754672178.168895
2,Task_2,1,1,0.5242218748692832,1754672178.168896
0,Task_0,1,1,0.6697368693496493,1754672178.168897
1,Task_1,1,1,0.737024903635424,1754672178.168898
2,Task_2,1,1,0.8904775781248631,1754672178.168899
2,Task_2,1,2,0.5211619298893818,1754672178.1689
0,Task_0,1,2,0.6669558990146411,1754672178.168902
1,Task_1,1,2,0.7959114302415145,1754672178.1689029
2,Task_2,1,2,0.8742804957818661,1754672178.1689038
2,Task_2,1,3,0.5497565116103524,1754672178.168905
0,Task_0,1,3,0.710188408941656,1754672178.168906
1,Task_1,1,3,0.7532864786009936,1754672178.168907
2,Task_2,1,3,0.8757693519157472,1754672178.168908
2,Task_2,1,4,0.5579102135327267,1754672178.16891
0,Task_0,1,4,0.6886506628042078,1754672178.168912
1,Task_1,1,4,0.7971512481485433,1754672178.168912
2,Task_2,1,4,0.853390186269833,1754672178.168913
2,Task_2,1,5,0.5715836826590557,1754672178.1689138
0,Task_0,1,5,0.6537506066716321,1754672178.168915
1,Task_1,1,5,0.8009055861307287,1754672178.168916
2,Task_2,1,5,0.868958438645149,1754672178.168917
2,Task_2,1,6,0.5410073459408632,1754672178.1689181
0,Task_0,1,6,0.6837086761783188,1754672178.168919
1,Task_1,1,6,0.8029705397855221,1754672178.16892
2,Task_2,1,6,0.8704625713212775,1754672178.168921
2,Task_2,1,7,0.5701669522280512,1754672178.1689222
0,Task_0,1,7,0.6802748482382134,1754672178.168923
1,Task_1,1,7,0.7782991882533336,1754672178.168923
2,Task_2,1,7,0.8178089918805036,1754672178.1689239
2,Task_2,1,8,0.5871184791890036,1754672178.168925
0,Task_0,1,8,0.6719919802402475,1754672178.168926
1,Task_1,1,8,0.797720913669075,1754672178.168927
2,Task_2,1,8,0.80254920089846,1754672178.168928
2,Task_2,1,9,0.5370121799397133,1754672178.168929
0,Task_0,1,9,0.671491751527991,1754672178.16893
1,Task_1,1,9,0.761822613036888,1754672178.168931
2,Task_2,1,9,0.8173718429102527,1754672178.1689322
2,Task_2,1,10,0.6079463867846182,1754672178.1689332
0,Task_0,1,10,0.6663042277723302,1754672178.1689339
1,Task_1,1,10,0.7366645107377909,1754672178.1689348
2,Task_2,1,10,0.8341401361118844,1754672178.168936
2,Task_2,1,11,0.5608118862613256,1754672178.168936
0,Task_0,1,11,0.6745258297694713,1754672178.168937
1,Task_1,1,11,0.7524991904506969,1754672178.16894
2,Task_2,1,11,0.8457995199504234,1754672178.168941
2,Task_2,1,12,0.5809648320915805,1754672178.168942
0,Task_0,1,12,0.686000697357611,1754672178.1689432
1,Task_1,1,12,0.7510537974964849,1754672178.1689432
2,Task_2,1,12,0.8662581389183384,1754672178.1689441
2,Task_2,1,13,0.6387637567036789,1754672178.1689448
0,Task_0,1,13,0.6514081818964295,1754672178.168946
1,Task_1,1,13,0.7206355493820337,1754672178.168947
2,Task_2,1,13,0.8718455813553112,1754672178.168948
2,Task_2,1,14,0.6352671594835763,1754672178.168949
0,Task_0,1,14,0.7166234362943298,1754672178.16895
1,Task_1,1,14,0.7533055644073797,1754672178.168951
2,Task_2,1,14,0.8418079527733544,1754672178.168952
2,Task_2,1,15,0.6089141968935662,1754672178.168952
0,Task_0,1,15,0.7149172193512068,1754672178.1689532
1,Task_1,1,15,0.7212218239968129,1754672178.1689541
2,Task_2,1,15,0.8024218939852314,1754672178.1689548
2,Task_2,1,16,0.5821285427632281,1754672178.1689558
0,Task_0,1,16,0.6401746840901122,1754672178.168957
1,Task_1,1,16,0.7779768940323704,1754672178.168958
2,Task_2,1,16,0.835247940130863,1754672178.168959
2,Task_2,1,17,0.6310189947952587,1754672178.16896
0,Task_0,1,17,0.6798545759387166,1754672178.168961
1,Task_1,1,17,0.779279591599093,1754672178.168962
2,Task_2,1,17,0.8975059676752778,1754672178.168962
2,Task_2,1,18,0.619247659700789,1754672178.168963
0,Task_0,1,18,0.6665561830818305,1754672178.1689641
1,Task_1,1,18,0.7638473131733717,1754672178.168965
2,Task_2,1,18,0.803123636525462,1754672178.1689658
2,Task_2,1,19,0.6758400306181449,1754672178.168967
0,Task_0,1,19,0.7026032038037945,1754672178.168968
1,Task_1,1,19,0.7203258634735322,1754672178.168969
2,Task_2,1,19,0.8463521303075016,1754672178.1689699
2,Task_2,1,20,0.6382969399035957,1754672178.1689699
0,Task_0,1,20,0.6745592052888711,1754672178.168971
1,Task_1,1,20,0.7974176896432549,1754672178.168972
2,Task_2,1,20,0.8404238825965138,1754672178.168973
2,Task_2,1,21,0.6036744098252824,1754672178.1689742
0,Task_0,1,21,0.6538328521915976,1754672178.168975
1,Task_1,1,21,0.7372003058583069,1754672178.1689758
2,Task_2,1,21,0.8418356567420033,1754672178.1689768
2,Task_2,1,22,0.6725664403888465,1754672178.168978
0,Task_0,1,22,0.6841707861455744,1754672178.168979
1,Task_1,1,22,0.7967021947831594,1754672178.16898
2,Task_2,1,22,0.8292540697565639,1754672178.16898
2,Task_2,1,23,0.6057533945624235,1754672178.168981
0,Task_0,1,23,0.6647705201126629,1754672178.168982
1,Task_1,1,23,0.7820894586677783,1754672178.1689851
2,Task_2,1,23,0.8497232210858519,1754672178.168986
2,Task_2,1,24,0.6683282742190838,1754672178.168986
0,Task_0,1,24,0.7042797383647907,1754672178.1689868
1,Task_1,1,24,0.7499006772590969,1754672178.168988
2,Task_2,1,24,0.8205903826724773,1754672178.168991
2,Task_2,1,25,0.6124650794947191,1754672178.168991
0,Task_0,1,25,0.6481459295429538,1754672178.168992
1,Task_1,1,25,0.7724724142025224,1754672178.168993
2,Task_2,1,25,0.8424866546439796,1754672178.168994
2,Task_2,1,26,0.6835294922010847,1754672178.1689951
0,Task_0,1,26,0.6735218405927617,1754672178.168996
1,Task_1,1,26,0.7248155939361371,1754672178.168997
2,Task_2,1,26,0.8401330002900633,1754672178.168998
2,Task_2,1,27,0.659452424223623,1754672178.1690009
0,Task_0,1,27,0.6972374494083582,1754672178.169002
1,Task_1,1,27,0.7783731787190517,1754672178.169003
2,Task_2,1,27,0.872872360621486,1754672178.169004
2,Task_2,1,28,0.6494971783610207,1754672178.1690052
0,Task_0,1,28,0.6819542555018816,1754672178.169006
1,Task_1,1,28,0.7824972835460465,1754672178.169006
2,Task_2,1,28,0.8722129782885436,1754672178.169007
2,Task_2,1,29,0.7116474001156816,1754672178.169008
0,Task_0,1,29,0.7145650911302284,1754672178.169009
1,Task_1,1,29,0.7836502073710646,1754672178.16901
2,Task_2,1,29,0.8286309856046268,1754672178.1690109
2,Task_2,1,30,0.6216145832718722,1754672178.169012
0,Task_0,1,30,0.6558422560675293,1754672178.169013
1,Task_1,1,30,0.7338495025626974,1754672178.169014
2,Task_2,1,30,0.8284233017233709,1754672178.169015
2,Task_2,1,31,0.7135998587061151,1754672178.169015
0,Task_0,1,31,0.684184959346507,1754672178.1690161
1,Task_1,1,31,0.7944527006324322,1754672178.169017
2,Task_2,1,31,0.8276425500925287,1754672178.169018
2,Task_2,1,32,0.7013729384791786,1754672178.169019
0,Task_0,1,32,0.6687210687444933,1754672178.16902
1,Task_1,1,32,0.7694736900299463,1754672178.169021
2,Task_2,1,32,0.8001422915747481,1754672178.1690218
2,Task_2,1,33,0.636144876105093,1754672178.169023
0,Task_0,1,33,0.6915075083409108,1754672178.169024
1,Task_1,1,33,0.7380957327561173,1754672178.169025
2,Task_2,1,33,0.8501177109674606,1754672178.1690261
2,Task_2,1,34,0.7100202900435316,1754672178.169027
0,Task_0,1,34,0.687720343704174,1754672178.169028
1,Task_1,1,34,0.7478301431195503,1754672178.1690292
2,Task_2,1,34,0.8162783675196692,1754672178.16903
2,Task_2,1,35,0.6691531147927223,1754672178.169031
0,Task_0,1,35,0.6687514589124709,1754672178.1690319
1,Task_1,1,35,0.72017557988024,1754672178.169033
2,Task_2,1,35,0.8734079082352473,1754672178.169033
2,Task_2,1,36,0.6969457694565716,1754672178.169034
0,Task_0,1,36,0.6694804541660798,1754672178.169035
1,Task_1,1,36,0.7207608379359272,1754672178.1690361
2,Task_2,1,36,0.8614998312999552,1754672178.169037
2,Task_2,1,37,0.6648545809506412,1754672178.169038
0,Task_0,1,37,0.6615337650446368,1754672178.169039
1,Task_1,1,37,0.8075483560755591,1754672178.16904
2,Task_2,1,37,0.8314953960163135,1754672178.169041
2,Task_2,1,38,0.6782008542736291,1754672178.1690428
0,Task_0,1,38,0.7135279068135667,1754672178.169044
1,Task_1,1,38,0.7664886379306972,1754672178.169045
2,Task_2,1,38,0.8749159648396546,1754672178.169046
2,Task_2,1,39,0.678611330721296,1754672178.169047
0,Task_0,1,39,0.6743114371364234,1754672178.169048
1,Task_1,1,39,0.7349935330478798,1754672178.169049
2,Task_2,1,39,0.8551802774041701,1754672178.1690502
2,Task_2,1,40,0.6630299210996096,1754672178.169051
0,Task_0,1,40,0.7032482819958341,1754672178.169052
1,Task_1,1,40,0.7527409023674282,1754672178.1690528
2,Task_2,1,40,0.8514521835281921,1754672178.169054
2,Task_2,1,41,0.6797661670495089,1754672178.169055
0,Task_0,1,41,0.6642775172431761,1754672178.169056
1,Task_1,1,41,0.7559232581377981,1754672178.1690571
2,Task_2,1,41,0.8808259467944511,1754672178.169058
2,Task_2,1,42,0.668095086726744,1754672178.169059
0,Task_0,1,42,0.6414608863619664,1754672178.16906
1,Task_1,1,42,0.7261476268050413,1754672178.16906
2,Task_2,1,42,0.8374077687748565,1754672178.1690612
2,Task_2,1,43,0.6770222495570974,1754672178.169062
0,Task_0,1,43,0.7154107217539224,1754672178.1690629
1,Task_1,1,43,0.7687936325417795,1754672178.169064
2,Task_2,1,43,0.8966974474986246,1754672178.169065
2,Task_2,1,44,0.6805188290488527,1754672178.169066
0,Task_0,1,44,0.6437613345792731,1754672178.169067
1,Task_1,1,44,0.7236098577457487,1754672178.169068
2,Task_2,1,44,0.815099137295245,1754672178.1690712
2,Task_2,1,45,0.6896743536267788,1754672178.1690722
0,Task_0,1,45,0.6542665613902913,1754672178.1690729
1,Task_1,1,45,0.7718533726152416,1754672178.1690738
2,Task_2,1,45,0.8172416091601802,1754672178.169075
2,Task_2,1,46,0.7311903455059945,1754672178.169076
0,Task_0,1,46,0.7058122951465347,1754672178.169077
1,Task_1,1,46,0.7254388244085853,1754672178.169078
2,Task_2,1,46,0.850059673941951,1754672178.169079
2,Task_2,1,47,0.738043942847406,1754672178.16908
0,Task_0,1,47,0.7019503411876004,1754672178.169081
1,Task_1,1,47,0.7963694883700615,1754672178.1690822
2,Task_2,1,47,0.872269088198311,1754672178.1690829
2,Task_2,1,48,0.7030991111219637,1754672178.1690829
0,Task_0,1,48,0.7101012892269265,1754672178.1690838
1,Task_1,1,48,0.7352500306255384,1754672178.169085
2,Task_2,1,48,0.8195722963753178,1754672178.169086
2,Task_2,1,49,0.7192282751120076,1754672178.169087
0,Task_0,1,49,0.650898887093782,1754672178.169088
1,Task_1,1,49,0.7994973126119695,1754672178.169089
2,Task_2,1,49,0.8550349260568992,1754672178.16909
2,Task_2,1,50,0.7277357431496435,1754672178.1690922
0,Task_0,1,50,0.6637482775422437,1754672178.1690931
1,Task_1,1,50,0.7957216205610183,1754672178.1690938
2,Task_2,1,50,0.8276293233500575,1754672178.1690948
2,Task_2,1,51,0.7619210440156753,1754672178.169096
0,Task_0,1,51,0.648428325827416,1754672178.169098
1,Task_1,1,51,0.7744072995881829,1754672178.169099
2,Task_2,1,51,0.8291185812931374,1754672178.1691
2,Task_2,1,52,0.80166689167768,1754672178.169101
0,Task_0,1,52,0.6913906275317376,1754672178.1691022
1,Task_1,1,52,0.7775992589721613,1754672178.1691031
2,Task_2,1,52,0.8818913441564005,1754672178.1691039
2,Task_2,1,53,0.7374278906933946,1754672178.1691048
0,Task_0,1,53,0.6974844277644616,1754672178.169106
1,Task_1,1,53,0.7515504094653194,1754672178.169106
2,Task_2,1,53,0.8606620349162247,1754672178.169107
2,Task_2,1,54,0.810795948806348,1754672178.169108
0,Task_0,1,54,0.6472973558206855,1754672178.169109
1,Task_1,1,54,0.8051190594656564,1754672178.16911
2,Task_2,1,54,0.811427571284887,1754672178.169111
2,Task_2,1,55,0.7850500559015059,1754672178.169112
0,Task_0,1,55,0.6970293405481671,1754672178.1691132
1,Task_1,1,55,0.7974429639590523,1754672178.169114
2,Task_2,1,55,0.8926659928710902,1754672178.1691148
2,Task_2,1,56,0.751256193902352,1754672178.169116
0,Task_0,1,56,0.6795316797613906,1754672178.169117
1,Task_1,1,56,0.7468434169223079,1754672178.169118
2,Task_2,1,56,0.8594955570397688,1754672178.169119
2,Task_2,1,57,0.8264388930918074,1754672178.169119
0,Task_0,1,57,0.7010627340070352,1754672178.16912
1,Task_1,1,57,0.7722247130662232,1754672178.169121
2,Task_2,1,57,0.8253179688672337,1754672178.169122
2,Task_2,1,58,0.806922995899865,1754672178.1691232
0,Task_0,1,58,0.653239031292406,1754672178.1691241
1,Task_1,1,58,0.7456515786776304,1754672178.169125
2,Task_2,1,58,0.8514736491923968,1754672178.1691258
2,Task_2,1,59,0.7849660822832073,1754672178.169127
0,Task_0,1,59,0.6963819028669458,1754672178.169128
1,Task_1,1,59,0.7504993230062333,1754672178.169128
2,Task_2,1,59,0.870209693457227,1754672178.169129
2,Task_2,1,60,0.767186863824354,1754672178.16913
0,Task_0,1,60,0.6768405184852645,1754672178.169131
1,Task_1,1,60,0.8053240768375616,1754672178.169132
2,Task_2,1,60,0.8798926791834302,1754672178.169133
2,Task_2,1,61,0.8369802157194813,1754672178.1691341
0,Task_0,1,61,0.6992073749021741,1754672178.169135
1,Task_1,1,61,0.7335863696749968,1754672178.169136
2,Task_2,1,61,0.8109039126168834,1754672178.169137
2,Task_2,1,62,0.8132523107539695,1754672178.169137
0,Task_0,1,62,0.6994933569558442,1754672178.169138
1,Task_1,1,62,0.7624694750061098,1754672178.169139
2,Task_2,1,62,0.8066282931518169,1754672178.1691399
2,Task_2,1,63,0.8274903848004624,1754672178.169141
0,Task_0,1,63,0.6916207708547053,1754672178.169142
1,Task_1,1,63,0.7273632867675435,1754672178.169143
2,Task_2,1,63,0.8381971417906253,1754672178.1691442
2,Task_2,1,64,0.8425588644206633,1754672178.169145
0,Task_0,1,64,0.6601696919128449,1754672178.169146
1,Task_1,1,64,0.7803669031349405,1754672178.169148
2,Task_2,1,64,0.8608187426368048,1754672178.169149
2,Task_2,1,65,0.7731362766422898,1754672178.1691499
0,Task_0,1,65,0.6923684301259607,1754672178.169151
1,Task_1,1,65,0.7417208832083017,1754672178.169152
2,Task_2,1,65,0.8165174034747915,1754672178.169153
2,Task_2,1,66,0.8550311067677154,1754672178.1691551
0,Task_0,1,66,0.6921246629411764,1754672178.169156
1,Task_1,1,66,0.7630746109033978,1754672178.169157
2,Task_2,1,66,0.8732678141144826,1754672178.169158
2,Task_2,1,67,0.8000251637330826,1754672178.169158
0,Task_0,1,67,0.6953613529888245,1754672178.169159
1,Task_1,1,67,0.7901381371216586,1754672178.16916
2,Task_2,1,67,0.8291720545810275,1754672178.1691608
2,Task_2,1,68,0.8322202744913342,1754672178.169162
0,Task_0,1,68,0.6994840431641539,1754672178.169163
1,Task_1,1,68,0.7927057902268897,1754672178.169164
2,Task_2,1,68,0.8955956908090534,1754672178.1691651
2,Task_2,1,69,0.8732281342065947,1754672178.169166
0,Task_0,1,69,0.7004515919786491,1754672178.169167
1,Task_1,1,69,0.7659646299153511,1754672178.1691678
2,Task_2,1,69,0.8547550018271644,1754672178.169169
2,Task_2,1,70,0.7928121419110767,1754672178.169169
0,Task_0,1,70,0.6521716517812222,1754672178.16917
1,Task_1,1,70,0.7438549883438197,1754672178.1691709
2,Task_2,1,70,0.8701468599322368,1754672178.169172
2,Task_2,1,71,0.8089323984338921,1754672178.169173
0,Task_0,1,71,0.6821960740074213,1754672178.169174
1,Task_1,1,71,0.7554297511657532,1754672178.1691751
2,Task_2,1,71,0.8063394436386152,1754672178.169176
2,Task_2,1,72,0.8514794773528386,1754672178.169177
0,Task_0,1,72,0.655208178031777,1754672178.169178
1,Task_1,1,72,0.7630481665488277,1754672178.169179
2,Task_2,1,72,0.8662193842443343,1754672178.16918
2,Task_2,1,73,0.8719153878621378,1754672178.169182
0,Task_0,1,73,0.7152273611302831,1754672178.169183
1,Task_1,1,73,0.7611032227549621,1754672178.169184
2,Task_2,1,73,0.8407309792275487,1754672178.169185
2,Task_2,1,74,0.8476513698192242,1754672178.169186
0,Task_0,1,74,0.6987982163501423,1754672178.169187
1,Task_1,1,74,0.7804574699018907,1754672178.169187
2,Task_2,1,74,0.8582728498154552,1754672178.169188
2,Task_2,1,75,0.8665235228642687,1754672178.1691892
0,Task_0,1,75,0.6594526306411171,1754672178.16919
1,Task_1,1,75,0.7663171561473733,1754672178.169191
2,Task_2,1,75,0.8982176735939267,1754672178.1691918
2,Task_2,1,76,0.9030378534371157,1754672178.169193
0,Task_0,1,76,0.6472110019897409,1754672178.169194
1,Task_1,1,76,0.7499431174143683,1754672178.169195
2,Task_2,1,76,0.8280655469559641,1754672178.1691961
2,Task_2,1,77,0.8956387481197358,1754672178.169197
0,Task_0,1,77,0.6513812153099747,1754672178.169198
1,Task_1,1,77,0.7210946358473006,1754672178.169198
2,Task_2,1,77,0.8145995483752377,1754672178.169201
2,Task_2,1,78,0.8412018461480874,1754672178.1692019
0,Task_0,1,78,0.7055711862004045,1754672178.169203
1,Task_1,1,78,0.7729537786481894,1754672178.169204
2,Task_2,1,78,0.8292653280863062,1754672178.169205
2,Task_2,1,79,0.816268236161981,1754672178.169206
0,Task_0,1,79,0.6933581105989509,1754672178.169207
1,Task_1,1,79,0.7907416467832477,1754672178.169208
2,Task_2,1,79,0.8110607132240099,1754672178.169208
2,Task_2,1,80,0.8621072637113755,1754672178.169209
0,Task_0,1,80,0.677565992084617,1754672178.1692102
1,Task_1,1,80,0.7221840974973428,1754672178.169211
2,Task_2,1,80,0.865773840722736,1754672178.1692119
2,Task_2,1,81,0.8557532388295647,1754672178.1692128
0,Task_0,1,81,0.6791480117061994,1754672178.169214
1,Task_1,1,81,0.7864600119835876,1754672178.169215
2,Task_2,1,81,0.8371121164953937,1754672178.169216
2,Task_2,1,82,0.9272773172177832,1754672178.169217
0,Task_0,1,82,0.6795917867545997,1754672178.169218
1,Task_1,1,82,0.7744663265398211,1754672178.169219
2,Task_2,1,82,0.8909303772992427,1754672178.169219
2,Task_2,1,83,0.9286935373277903,1754672178.1692202
0,Task_0,1,83,0.6544279293169303,1754672178.1692212
1,Task_1,1,83,0.7907818923672912,1754672178.1692219
2,Task_2,1,83,0.8801454634808766,1754672178.1692228
2,Task_2,1,84,0.9180613050128512,1754672178.169224
0,Task_0,1,84,0.691057934311095,1754672178.169225
1,Task_1,1,84,0.7562941951500114,1754672178.169226
2,Task_2,1,84,0.8531018008634249,1754672178.1692271
2,Task_2,1,85,0.8507792561496235,1754672178.169228
0,Task_0,1,85,0.7135764554887608,1754672178.169229
1,Task_1,1,85,0.7954138162543792,1754672178.16923
2,Task_2,1,85,0.8618537631870424,1754672178.16923
2,Task_2,1,86,0.9091448863152016,1754672178.1692312
0,Task_0,1,86,0.7132368716904554,1754672178.169232
1,Task_1,1,86,0.7269775964548018,1754672178.1692328
2,Task_2,1,86,0.8912955977136667,1754672178.169234
2,Task_2,1,87,0.8978681616914808,1754672178.169235
0,Task_0,1,87,0.6957070030558304,1754672178.169237
1,Task_1,1,87,0.7351252397962121,1754672178.169238
2,Task_2,1,87,0.8385545250871921,1754672178.169239
2,Task_2,1,88,0.9123456732384775,1754672178.16924
0,Task_0,1,88,0.6774392300502726,1754672178.1692412
1,Task_1,1,88,0.7767642153620938,1754672178.1692421
2,Task_2,1,88,0.8202290411149645,1754672178.1692429
2,Task_2,1,89,0.889526260551795,1754672178.1692438
0,Task_0,1,89,0.6943217824240348,1754672178.169245
1,Task_1,1,89,0.7962937746852656,1754672178.169246
2,Task_2,1,89,0.8487813515972982,1754672178.169247
2,Task_2,1,90,0.9285701021936739,1754672178.169247
0,Task_0,1,90,0.6551617324486516,1754672178.169248
1,Task_1,1,90,0.7408601226766759,1754672178.169249
2,Task_2,1,90,0.8777894625906184,1754672178.16925
2,Task_2,1,91,0.9566212517494135,1754672178.1692522
0,Task_0,1,91,0.6687833598750248,1754672178.169253
1,Task_1,1,91,0.7338426425868392,1754672178.1692538
2,Task_2,1,91,0.8756402394994723,1754672178.169255
2,Task_2,1,92,0.902151252395271,1754672178.169256
0,Task_0,1,92,0.7110652808534923,1754672178.169257
1,Task_1,1,92,0.7350592518947024,1754672178.1692579
2,Task_2,1,92,0.8860975665432833,1754672178.169259
2,Task_2,1,93,0.944225136399037,1754672178.16926
0,Task_0,1,93,0.694483332161727,1754672178.169261
1,Task_1,1,93,0.8093306873201629,1754672178.1692622
2,Task_2,1,93,0.8673910620609332,1754672178.1692622
2,Task_2,1,94,0.9282767461261069,1754672178.1692631
0,Task_0,1,94,0.6762989225487781,1754672178.169264
1,Task_1,1,94,0.7978162021944065,1754672178.1692648
2,Task_2,1,94,0.8421309325321312,1754672178.169266
2,Task_2,1,95,0.9770308671705974,1754672178.169267
0,Task_0,1,95,0.7140645016277251,1754672178.169268
1,Task_1,1,95,0.7711058334539228,1754672178.169269
2,Task_2,1,95,0.8158022767733477,1754672178.16927
2,Task_2,1,96,0.9210007346477391,1754672178.169272
0,Task_0,1,96,0.6979966266491217,1754672178.1692731
1,Task_1,1,96,0.7386733178565282,1754672178.169274
2,Task_2,1,96,0.8907290673066524,1754672178.169274
2,Task_2,1,97,0.9036213643793115,1754672178.1692748
0,Task_0,1,97,0.7153894789954824,1754672178.169277
1,Task_1,1,97,0.7375854576356932,1754672178.169278
2,Task_2,1,97,0.8090444201415287,1754672178.1692789
2,Task_2,1,98,0.8969432962994932,1754672178.16928
0,Task_0,1,98,0.6972816268329859,1754672178.169281
1,Task_1,1,98,0.8057664863172137,1754672178.169282
2,Task_2,1,98,0.8646632941779252,1754672178.1692832
2,Task_2,1,99,0.9269215470626754,1754672178.1692832
0,Task_0,1,99,0.7137586784451799,1754672178.169284
1,Task_1,1,99,0.7240436069447387,1754672178.169285
2,Task_2,1,99,0.8768268702630913,1754672178.1692858
3,Task_3,0,0,0.5299797304138787,1754672179.2811809
0,Task_0,0,0,0.5977931728849458,1754672179.281185
1,Task_1,0,0,0.6425481362805961,1754672179.281187
2,Task_2,0,0,0.7853952933859666,1754672179.281188
3,Task_3,0,0,0.8305174461099355,1754672179.28119
3,Task_3,0,1,0.5110777098931006,1754672179.2811909
0,Task_0,0,1,0.6007739735131422,1754672179.2811918
1,Task_1,0,1,0.6452295837931508,1754672179.281193
2,Task_2,0,1,0.7731970144590343,1754672179.281194
3,Task_3,0,1,0.8601212490516211,1754672179.281195
3,Task_3,0,2,0.5193341088446631,1754672179.281196
0,Task_0,0,2,0.5859121964922253,1754672179.281198
1,Task_1,0,2,0.7047989370767875,1754672179.2811992
2,Task_2,0,2,0.7537337515150907,1754672179.2812002
3,Task_3,0,2,0.8102435922189157,1754672179.281201
3,Task_3,0,3,0.583921949484168,1754672179.2812018
0,Task_0,0,3,0.6059373462484408,1754672179.281203
1,Task_1,0,3,0.662447190833728,1754672179.281204
2,Task_2,0,3,0.8075631903611954,1754672179.281205
3,Task_3,0,3,0.8776440202366406,1754672179.2812061
3,Task_3,0,4,0.5856352896537829,1754672179.281207
0,Task_0,0,4,0.5629356593558308,1754672179.281208
1,Task_1,0,4,0.6558979684020597,1754672179.281209
2,Task_2,0,4,0.7907168302003762,1754672179.2812102
3,Task_3,0,4,0.8339747341689813,1754672179.281211
3,Task_3,0,5,0.5292182263431365,1754672179.2812212
0,Task_0,0,5,0.6086232803701325,1754672179.2812219
1,Task_1,0,5,0.7191213246734502,1754672179.2812228
2,Task_2,0,5,0.8030488625057595,1754672179.281224
3,Task_3,0,5,0.8944626214918208,1754672179.281225
3,Task_3,0,6,0.5340569061046693,1754672179.281226
0,Task_0,0,6,0.6035219658234195,1754672179.281227
1,Task_1,0,6,0.7113626518478491,1754672179.281228
2,Task_2,0,6,0.7633836896071755,1754672179.281229
3,Task_3,0,6,0.8383517943523843,1754672179.28123
3,Task_3,0,7,0.5720121490158886,1754672179.2812312
0,Task_0,0,7,0.6295244561089579,1754672179.2812319
1,Task_1,0,7,0.7066877770283022,1754672179.2812328
2,Task_2,0,7,0.7726419287468976,1754672179.281234
3,Task_3,0,7,0.8836611232498468,1754672179.281235
3,Task_3,0,8,0.5531750664032032,1754672179.281236
0,Task_0,0,8,0.6283846599857449,1754672179.281238
1,Task_1,0,8,0.644414577385076,1754672179.281239
2,Task_2,0,8,0.8090202965420179,1754672179.28124
3,Task_3,0,8,0.8851336642702151,1754672179.2812412
3,Task_3,0,9,0.5453272738899506,1754672179.2812421
0,Task_0,0,9,0.6107675787283539,1754672179.2812438
1,Task_1,0,9,0.6617330776217116,1754672179.281245
2,Task_2,0,9,0.7494439084618721,1754672179.281246
3,Task_3,0,9,0.8624950476238307,1754672179.281246
3,Task_3,0,10,0.5507870395689547,1754672179.281247
0,Task_0,0,10,0.5918291659583228,1754672179.281249
1,Task_1,0,10,0.6531261044835863,1754672179.28125
2,Task_2,0,10,0.7430379183082859,1754672179.281251
3,Task_3,0,10,0.8302145698314249,1754672179.2812521
3,Task_3,0,11,0.553267526419179,1754672179.281253
0,Task_0,0,11,0.5964689226780973,1754672179.2812538
1,Task_1,0,11,0.7018157027800742,1754672179.281255
2,Task_2,0,11,0.7499814235057215,1754672179.281256
3,Task_3,0,11,0.8961690732060517,1754672179.281257
3,Task_3,0,12,0.6098113831795392,1754672179.2812579
0,Task_0,0,12,0.6040139523121867,1754672179.281259
1,Task_1,0,12,0.6902047236992028,1754672179.28126
2,Task_2,0,12,0.76093796289025,1754672179.281261
3,Task_3,0,12,0.8899807452420909,1754672179.2812622
3,Task_3,0,13,0.6005086470304821,1754672179.281263
0,Task_0,0,13,0.5849325273005342,1754672179.2812648
1,Task_1,0,13,0.6979168848038232,1754672179.281266
2,Task_2,0,13,0.7811090760274854,1754672179.281267
3,Task_3,0,13,0.8965763903472003,1754672179.281268
3,Task_3,0,14,0.5869767382526994,1754672179.281269
0,Task_0,0,14,0.5850046959250597,1754672179.28127
1,Task_1,0,14,0.7044406283123057,1754672179.2812722
2,Task_2,0,14,0.735554864360852,1754672179.2812731
3,Task_3,0,14,0.8207162588325014,1754672179.281274
3,Task_3,0,15,0.6473158341309679,1754672179.2812748
0,Task_0,0,15,0.5831301976982942,1754672179.281276
1,Task_1,0,15,0.6703120835135974,1754672179.281277
2,Task_2,0,15,0.7545561971945366,1754672179.281278
3,Task_3,0,15,0.8588347996955437,1754672179.281279
3,Task_3,0,16,0.6192279034869845,1754672179.28128
0,Task_0,0,16,0.6208188802548251,1754672179.281281
1,Task_1,0,16,0.675095865663745,1754672179.281282
2,Task_2,0,16,0.753294698852646,1754672179.2812831
3,Task_3,0,16,0.8554297112080471,1754672179.281284
3,Task_3,0,17,0.6211849389122317,1754672179.281285
0,Task_0,0,17,0.5604320272389537,1754672179.281287
1,Task_1,0,17,0.7095509820974123,1754672179.281288
2,Task_2,0,17,0.804988058608557,1754672179.2812889
3,Task_3,0,17,0.8640143395903075,1754672179.28129
3,Task_3,0,18,0.5978081101751821,1754672179.281291
0,Task_0,0,18,0.5875662796958828,1754672179.2812932
1,Task_1,0,18,0.6466825561095534,1754672179.2812932
2,Task_2,0,18,0.7763861831288605,1754672179.281294
3,Task_3,0,18,0.814131055583455,1754672179.281295
3,Task_3,0,19,0.6252166612742911,1754672179.2812958
0,Task_0,0,19,0.6013488906766385,1754672179.281297
1,Task_1,0,19,0.6560712783713228,1754672179.281298
2,Task_2,0,19,0.7372790313868108,1754672179.2812989
3,Task_3,0,19,0.8955536021785063,1754672179.2813
3,Task_3,0,20,0.5811552147648483,1754672179.281301
0,Task_0,0,20,0.628855261590972,1754672179.281302
1,Task_1,0,20,0.6692338614753431,1754672179.281303
2,Task_2,0,20,0.7707112939966553,1754672179.2813041
3,Task_3,0,20,0.8644273065889964,1754672179.281305
3,Task_3,0,21,0.6067288291787366,1754672179.281306
0,Task_0,0,21,0.6171260983868829,1754672179.281307
1,Task_1,0,21,0.6969874630884902,1754672179.281307
2,Task_2,0,21,0.7610140314346353,1754672179.281308
3,Task_3,0,21,0.8262040302422624,1754672179.281309
3,Task_3,0,22,0.6462832966634637,1754672179.2813098
0,Task_0,0,22,0.5658407532168331,1754672179.281311
1,Task_1,0,22,0.6828797297538938,1754672179.281312
2,Task_2,0,22,0.7751132611765172,1754672179.281313
3,Task_3,0,22,0.8803036662001467,1754672179.2813141
3,Task_3,0,23,0.6656930995269829,1754672179.281315
0,Task_0,0,23,0.5683809547468772,1754672179.281316
1,Task_1,0,23,0.643278507179333,1754672179.2813172
2,Task_2,0,23,0.7475257801022511,1754672179.281318
3,Task_3,0,23,0.8040703252563312,1754672179.281319
3,Task_3,0,24,0.6366803978517165,1754672179.2813199
0,Task_0,0,24,0.6095254727497921,1754672179.281321
1,Task_1,0,24,0.7071459825805183,1754672179.281322
2,Task_2,0,24,0.7894342556937864,1754672179.281323
3,Task_3,0,24,0.8236576673488527,1754672179.2813241
3,Task_3,0,25,0.6700011703633486,1754672179.281325
0,Task_0,0,25,0.6117059138985436,1754672179.281326
1,Task_1,0,25,0.6437128229534917,1754672179.281327
2,Task_2,0,25,0.7603842052455506,1754672179.281327
3,Task_3,0,25,0.8676658015916946,1754672179.2813282
3,Task_3,0,26,0.6658214974608306,1754672179.281329
0,Task_0,0,26,0.5861402463836539,1754672179.2813299
1,Task_1,0,26,0.689767478169406,1754672179.281331
2,Task_2,0,26,0.7616120073901745,1754672179.281332
3,Task_3,0,26,0.8569956903352098,1754672179.281333
3,Task_3,0,27,0.6360427942153941,1754672179.281334
0,Task_0,0,27,0.5861093690062787,1754672179.281335
1,Task_1,0,27,0.7127031072086365,1754672179.281336
2,Task_2,0,27,0.727363397833367,1754672179.281337
3,Task_3,0,27,0.8578768128981535,1754672179.2813382
3,Task_3,0,28,0.6654960948238424,1754672179.281339
0,Task_0,0,28,0.6218517607245179,1754672179.28134
1,Task_1,0,28,0.7044077771511907,1754672179.2813408
2,Task_2,0,28,0.7786411556268071,1754672179.281342
3,Task_3,0,28,0.8581740669351348,1754672179.281342
3,Task_3,0,29,0.639071169988406,1754672179.281343
0,Task_0,0,29,0.6048666508480709,1754672179.281344
1,Task_1,0,29,0.6803248282720404,1754672179.2813451
2,Task_2,0,29,0.7775377023370695,1754672179.281346
3,Task_3,0,29,0.8264427124146287,1754672179.281347
3,Task_3,0,30,0.6908643409310118,1754672179.281348
0,Task_0,0,30,0.5682670661684364,1754672179.2813492
1,Task_1,0,30,0.689297492406473,1754672179.28135
2,Task_2,0,30,0.7672844997863609,1754672179.2813509
3,Task_3,0,30,0.8800305249119371,1754672179.281352
3,Task_3,0,31,0.6662038351755499,1754672179.281353
0,Task_0,0,31,0.6143358852079794,1754672179.281354
1,Task_1,0,31,0.6935359734056944,1754672179.281355
2,Task_2,0,31,0.8002891444498499,1754672179.281355
3,Task_3,0,31,0.8878952470205514,1754672179.281357
3,Task_3,0,32,0.6597897850535949,1754672179.281357
0,Task_0,0,32,0.5930838859854702,1754672179.2813592
1,Task_1,0,32,0.6497823895630312,1754672179.28136
2,Task_2,0,32,0.7676320090688452,1754672179.28136
3,Task_3,0,32,0.8069268453869647,1754672179.2813618
3,Task_3,0,33,0.6731027584219214,1754672179.281363
0,Task_0,0,33,0.5904685876547529,1754672179.281364
1,Task_1,0,33,0.6491985619108629,1754672179.281365
2,Task_2,0,33,0.8082594681969354,1754672179.281366
3,Task_3,0,33,0.8852547869836465,1754672179.281367
3,Task_3,0,34,0.7223142422771609,1754672179.281368
0,Task_0,0,34,0.5852234733785425,1754672179.281369
1,Task_1,0,34,0.6893884728166215,1754672179.2813702
2,Task_2,0,34,0.7366943815134964,1754672179.2813709
3,Task_3,0,34,0.8377818749740462,1754672179.2813718
3,Task_3,0,35,0.7387383691156176,1754672179.2813718
0,Task_0,0,35,0.6000562899534139,1754672179.281373
1,Task_1,0,35,0.6617994070036675,1754672179.281374
2,Task_2,0,35,0.7400372710888398,1754672179.281375
3,Task_3,0,35,0.8603419826937367,1754672179.281376
3,Task_3,0,36,0.6471570620880616,1754672179.281377
0,Task_0,0,36,0.5631982311370345,1754672179.281378
1,Task_1,0,36,0.6961850855473615,1754672179.281379
2,Task_2,0,36,0.7493483818768134,1754672179.2813802
3,Task_3,0,36,0.8244725879061424,1754672179.2813811
3,Task_3,0,37,0.7254907112003522,1754672179.2813818
0,Task_0,0,37,0.6202754057073676,1754672179.2813828
1,Task_1,0,37,0.714851469815456,1754672179.281384
2,Task_2,0,37,0.7488822850214759,1754672179.281385
3,Task_3,0,37,0.833231671949525,1754672179.281386
3,Task_3,0,38,0.6998355428956541,1754672179.281387
0,Task_0,0,38,0.6086420224229053,1754672179.281388
1,Task_1,0,38,0.7062538231375038,1754672179.281389
2,Task_2,0,38,0.7804870018797189,1754672179.2813902
3,Task_3,0,38,0.8560818182712396,1754672179.2813911
3,Task_3,0,39,0.6752156990870883,1754672179.281392
0,Task_0,0,39,0.5760278833925825,1754672179.2813928
1,Task_1,0,39,0.6925914849599734,1754672179.281394
2,Task_2,0,39,0.7692946739365036,1754672179.281395
3,Task_3,0,39,0.8979308414812954,1754672179.281396
3,Task_3,0,40,0.7348599486363978,1754672179.281397
0,Task_0,0,40,0.6278763106118987,1754672179.281398
1,Task_1,0,40,0.6743007252656756,1754672179.281399
2,Task_2,0,40,0.807864283873523,1754672179.281399
3,Task_3,0,40,0.8516889705528017,1754672179.2814
3,Task_3,0,41,0.6824348056252952,1754672179.2814012
0,Task_0,0,41,0.6069080724936646,1754672179.281402
1,Task_1,0,41,0.6567876861979219,1754672179.2814028
2,Task_2,0,41,0.7557533993288486,1754672179.281404
3,Task_3,0,41,0.8472189856229257,1754672179.281405
3,Task_3,0,42,0.7395618589251601,1754672179.281406
0,Task_0,0,42,0.6243384364971815,1754672179.2814069
1,Task_1,0,42,0.6793358786852486,1754672179.281408
2,Task_2,0,42,0.7809891809554063,1754672179.281409
3,Task_3,0,42,0.8908316081394921,1754672179.281409
3,Task_3,0,43,0.710313119453656,1754672179.28141
0,Task_0,0,43,0.6281873657566224,1754672179.2814112
1,Task_1,0,43,0.671355241651718,1754672179.281415
2,Task_2,0,43,0.7299367459582105,1754672179.281416
3,Task_3,0,43,0.8693609424653643,1754672179.281417
3,Task_3,0,44,0.7235139196541092,1754672179.281417
0,Task_0,0,44,0.5652371747157497,1754672179.281418
1,Task_1,0,44,0.7116915002660416,1754672179.281419
2,Task_2,0,44,0.786812674790527,1754672179.28142
3,Task_3,0,44,0.8003129366975883,1754672179.281421
3,Task_3,0,45,0.7691826185696368,1754672179.2814221
0,Task_0,0,45,0.5624999898064557,1754672179.281423
1,Task_1,0,45,0.688021352411095,1754672179.2814238
2,Task_2,0,45,0.7211956364516856,1754672179.281425
3,Task_3,0,45,0.8321815299040692,1754672179.281426
3,Task_3,0,46,0.7321324531403468,1754672179.281427
0,Task_0,0,46,0.5728981196546481,1754672179.2814279
1,Task_1,0,46,0.7150363603172731,1754672179.281429
2,Task_2,0,46,0.766693029667089,1754672179.28143
3,Task_3,0,46,0.8549296172950414,1754672179.28143
3,Task_3,0,47,0.7269673165096796,1754672179.281431
0,Task_0,0,47,0.5662308089567887,1754672179.2814322
1,Task_1,0,47,0.7169852556582772,1754672179.281433
2,Task_2,0,47,0.7361020259542821,1754672179.281434
3,Task_3,0,47,0.8142545972857601,1754672179.2814348
3,Task_3,0,48,0.7901844056955841,1754672179.281436
0,Task_0,0,48,0.5717079491080919,1754672179.281437
1,Task_1,0,48,0.7126776101987171,1754672179.2814379
2,Task_2,0,48,0.7535939127926861,1754672179.281439
3,Task_3,0,48,0.8913861290253319,1754672179.28144
3,Task_3,0,49,0.7671356201248686,1754672179.281441
0,Task_0,0,49,0.5906801314274918,1754672179.2814422
1,Task_1,0,49,0.6885587056868947,1754672179.281443
2,Task_2,0,49,0.7226407246391435,1754672179.281443
3,Task_3,0,49,0.8998804510984828,1754672179.281444
3,Task_3,0,50,0.71426593073305,1754672179.281445
0,Task_0,0,50,0.5855988488401472,1754672179.281446
1,Task_1,0,50,0.6930926301086011,1754672179.281447
2,Task_2,0,50,0.8053518426740962,1754672179.281448
3,Task_3,0,50,0.8733444146532443,1754672179.2814488
3,Task_3,0,51,0.7439459279494416,1754672179.28145
0,Task_0,0,51,0.5971342770202479,1754672179.281451
1,Task_1,0,51,0.6971538081668066,1754672179.281452
2,Task_2,0,51,0.7800071855143482,1754672179.2814531
3,Task_3,0,51,0.8015006968766171,1754672179.281454
3,Task_3,0,52,0.7193155463443803,1754672179.281455
0,Task_0,0,52,0.5620104380449988,1754672179.2814562
1,Task_1,0,52,0.6442698820772188,1754672179.2814562
2,Task_2,0,52,0.7986885690350918,1754672179.281458
3,Task_3,0,52,0.8835691742885974,1754672179.281458
3,Task_3,0,53,0.740050113594593,1754672179.2814589
0,Task_0,0,53,0.5887106999445778,1754672179.28146
1,Task_1,0,53,0.7195655631050513,1754672179.281461
2,Task_2,0,53,0.7347294560988636,1754672179.281462
3,Task_3,0,53,0.8636498103070565,1754672179.2814631
3,Task_3,0,54,0.7480635096178226,1754672179.281464
0,Task_0,0,54,0.6256258423024348,1754672179.281465
1,Task_1,0,54,0.7022668125368755,1754672179.281466
2,Task_2,0,54,0.7632069962085263,1754672179.281467
3,Task_3,0,54,0.815310059731036,1754672179.281468
3,Task_3,0,55,0.7249704516656597,1754672179.2814689
0,Task_0,0,55,0.6015261831146447,1754672179.28147
1,Task_1,0,55,0.7013851490754162,1754672179.281471
2,Task_2,0,55,0.7845922180445942,1754672179.281471
3,Task_3,0,55,0.8195145511305187,1754672179.281472
3,Task_3,0,56,0.7555362376579808,1754672179.281473
0,Task_0,0,56,0.6140526125449728,1754672179.281474
1,Task_1,0,56,0.6737858306045799,1754672179.281475
2,Task_2,0,56,0.7922346919212953,1754672179.281476
3,Task_3,0,56,0.8676832708062213,1754672179.2814772
3,Task_3,0,57,0.7723931473282455,1754672179.281478
0,Task_0,0,57,0.6174782791282704,1754672179.281479
1,Task_1,0,57,0.6612048080439235,1754672179.2814798
2,Task_2,0,57,0.7696314743283993,1754672179.281481
3,Task_3,0,57,0.8871772033134571,1754672179.281482
3,Task_3,0,58,0.7810837368474436,1754672179.281483
0,Task_0,0,58,0.5653471841371572,1754672179.2814841
1,Task_1,0,58,0.7087435619652909,1754672179.281485
2,Task_2,0,58,0.7461723275971448,1754672179.281486
3,Task_3,0,58,0.8672991482317989,1754672179.281486
3,Task_3,0,59,0.7670625097841635,1754672179.281487
0,Task_0,0,59,0.5623963283222856,1754672179.281488
1,Task_1,0,59,0.6616543979863337,1754672179.281489
2,Task_2,0,59,0.7830662848185533,1754672179.2814898
3,Task_3,0,59,0.8737367033100465,1754672179.281491
3,Task_3,0,60,0.7485465318384924,1754672179.281492
0,Task_0,0,60,0.6016929454455644,1754672179.281493
1,Task_1,0,60,0.699869419317128,1754672179.281494
2,Task_2,0,60,0.7424223354653029,1754672179.281495
3,Task_3,0,60,0.8425209882045406,1754672179.281496
3,Task_3,0,61,0.8219962447468376,1754672179.281496
0,Task_0,0,61,0.566649867715175,1754672179.2814982
1,Task_1,0,61,0.7040049415540945,1754672179.2814982
2,Task_2,0,61,0.7730865203198277,1754672179.281499
3,Task_3,0,61,0.8732568175620371,1754672179.2814999
3,Task_3,0,62,0.8413727733489232,1754672179.2815008
0,Task_0,0,62,0.6156522730976413,1754672179.281502
1,Task_1,0,62,0.6731823892451065,1754672179.281503
2,Task_2,0,62,0.7668833693884718,1754672179.281504
3,Task_3,0,62,0.8661602841154618,1754672179.281505
3,Task_3,0,63,0.7629257767738075,1754672179.281506
0,Task_0,0,63,0.6075748421221924,1754672179.281507
1,Task_1,0,63,0.6986223700453449,1754672179.2815082
2,Task_2,0,63,0.7664510115458553,1754672179.2815082
3,Task_3,0,63,0.8571639199578923,1754672179.2815092
3,Task_3,0,64,0.8191078378578005,1754672179.2815099
0,Task_0,0,64,0.5686741130216151,1754672179.281512
1,Task_1,0,64,0.6481254812214934,1754672179.281544
2,Task_2,0,64,0.7760787271351878,1754672179.281545
3,Task_3,0,64,0.8667873138615771,1754672179.2815459
3,Task_3,0,65,0.8344045599322492,1754672179.281547
0,Task_0,0,65,0.567406464008507,1754672179.281548
1,Task_1,0,65,0.7110811201849061,1754672179.281549
2,Task_2,0,65,0.7640508926195041,1754672179.281549
3,Task_3,0,65,0.854260103395214,1754672179.2815502
3,Task_3,0,66,0.7693993643262292,1754672179.2815511
0,Task_0,0,66,0.6009498422470286,1754672179.2815518
1,Task_1,0,66,0.6434746831249804,1754672179.2815528
2,Task_2,0,66,0.7825205996108585,1754672179.281554
3,Task_3,0,66,0.8248480750272156,1754672179.281555
3,Task_3,0,67,0.8517073014597882,1754672179.281556
0,Task_0,0,67,0.5912289747430906,1754672179.281557
1,Task_1,0,67,0.6699428899062523,1754672179.281558
2,Task_2,0,67,0.794795573300276,1754672179.281559
3,Task_3,0,67,0.878567298524193,1754672179.2815602
3,Task_3,0,68,0.8259343505764183,1754672179.2815611
0,Task_0,0,68,0.5898487696819963,1754672179.281562
1,Task_1,0,68,0.6970190146181126,1754672179.2815628
2,Task_2,0,68,0.7916507764610269,1754672179.2815628
3,Task_3,0,68,0.8546131831557735,1754672179.281564
3,Task_3,0,69,0.8017912356018966,1754672179.281565
0,Task_0,0,69,0.5838431246200408,1754672179.281566
1,Task_1,0,69,0.7055998490971495,1754672179.2815669
2,Task_2,0,69,0.7376884434265053,1754672179.281568
3,Task_3,0,69,0.8196134778373532,1754672179.281569
3,Task_3,0,70,0.8782270387944173,1754672179.28157
0,Task_0,0,70,0.5733826396484379,1754672179.2815711
1,Task_1,0,70,0.7124084171977945,1754672179.281572
2,Task_2,0,70,0.7390480321468208,1754672179.281573
3,Task_3,0,70,0.891069765046695,1754672179.2815738
3,Task_3,0,71,0.8062293777662431,1754672179.2815738
0,Task_0,0,71,0.6007620619410434,1754672179.281576
1,Task_1,0,71,0.6851228990772864,1754672179.281576
2,Task_2,0,71,0.7876528606726061,1754672179.2815769
3,Task_3,0,71,0.8773939303922516,1754672179.281587
3,Task_3,0,72,0.8767621352554135,1754672179.281587
0,Task_0,0,72,0.5812448293862202,1754672179.281588
1,Task_1,0,72,0.7165582292513429,1754672179.281589
2,Task_2,0,72,0.7910380413663798,1754672179.28159
3,Task_3,0,72,0.8172452242294891,1754672179.281591
3,Task_3,0,73,0.8608366885412972,1754672179.2815921
0,Task_0,0,73,0.6085579141382779,1754672179.281593
1,Task_1,0,73,0.6946042219326188,1754672179.281594
2,Task_2,0,73,0.7494214937529607,1754672179.281595
3,Task_3,0,73,0.8137416471083105,1754672179.281596
3,Task_3,0,74,0.8531453669808083,1754672179.281597
0,Task_0,0,74,0.5898823419159408,1754672179.2815979
1,Task_1,0,74,0.6893792996662443,1754672179.281599
2,Task_2,0,74,0.7702571104110767,1754672179.2816
3,Task_3,0,74,0.8149056876841416,1754672179.281601
3,Task_3,0,75,0.8917466364982142,1754672179.281601
0,Task_0,0,75,0.5612356812837562,1754672179.2816021
1,Task_1,0,75,0.7172265764800985,1754672179.281603
2,Task_2,0,75,0.7480528031914747,1754672179.281604
3,Task_3,0,75,0.8366155417214132,1754672179.281605
3,Task_3,0,76,0.838511305829428,1754672179.281606
0,Task_0,0,76,0.5691642865591889,1754672179.281607
1,Task_1,0,76,0.677554720314559,1754672179.2816079
2,Task_2,0,76,0.7678742909156314,1754672179.281609
3,Task_3,0,76,0.8700306595653065,1754672179.28161
3,Task_3,0,77,0.8910155297187421,1754672179.281611
0,Task_0,0,77,0.5827776574075618,1754672179.281612
1,Task_1,0,77,0.6720568467551069,1754672179.281613
2,Task_2,0,77,0.7342741065435877,1754672179.281614
3,Task_3,0,77,0.898671971934633,1754672179.281614
3,Task_3,0,78,0.8779283686244373,1754672179.281615
0,Task_0,0,78,0.604086718051957,1754672179.281616
1,Task_1,0,78,0.7193357356354333,1754672179.281617
2,Task_2,0,78,0.7302158235616192,1754672179.2816179
3,Task_3,0,78,0.8880149379726553,1754672179.2816188
3,Task_3,0,79,0.8217849026866155,1754672179.28162
0,Task_0,0,79,0.5700834343944019,1754672179.281621
1,Task_1,0,79,0.654714415089453,1754672179.281622
2,Task_2,0,79,0.7859696693819518,1754672179.2816231
3,Task_3,0,79,0.8997105969340858,1754672179.281624
3,Task_3,0,80,0.839993784876316,1754672179.281624
0,Task_0,0,80,0.6064201590304884,1754672179.281625
1,Task_1,0,80,0.6535847143269531,1754672179.2816262
2,Task_2,0,80,0.7401484779110581,1754672179.281627
3,Task_3,0,80,0.8862479296734969,1754672179.281628
3,Task_3,0,81,0.8282406607614091,1754672179.2816288
0,Task_0,0,81,0.5672501371018834,1754672179.28163
1,Task_1,0,81,0.7085238699649912,1754672179.281631
2,Task_2,0,81,0.7345892878928189,1754672179.281632
3,Task_3,0,81,0.8989709198792264,1754672179.2816331
3,Task_3,0,82,0.8337148721610135,1754672179.2816331
0,Task_0,0,82,0.562190924261268,1754672179.281635
1,Task_1,0,82,0.662274786518168,1754672179.281635
2,Task_2,0,82,0.7438933308488571,1754672179.281636
3,Task_3,0,82,0.8812402026526749,1754672179.2816372
3,Task_3,0,83,0.9068529764770633,1754672179.281638
0,Task_0,0,83,0.62540808738366,1754672179.2816389
1,Task_1,0,83,0.6488796109538865,1754672179.28164
2,Task_2,0,83,0.7774219902962792,1754672179.281641
3,Task_3,0,83,0.8431196322412122,1754672179.281642
3,Task_3,0,84,0.9155250516955745,1754672179.281643
0,Task_0,0,84,0.6005211636279691,1754672179.281644
1,Task_1,0,84,0.6550213796838823,1754672179.281645
2,Task_2,0,84,0.7292085053021227,1754672179.281646
3,Task_3,0,84,0.8933625206249465,1754672179.281646
3,Task_3,0,85,0.856294659828215,1754672179.2816472
0,Task_0,0,85,0.6259680085417167,1754672179.2816482
1,Task_1,0,85,0.6831719722584606,1754672179.2816489
2,Task_2,0,85,0.7903807762418077,1754672179.2816498
3,Task_3,0,85,0.8865799287605809,1754672179.281651
3,Task_3,0,86,0.9094709485678404,1754672179.281652
0,Task_0,0,86,0.6202150614569171,1754672179.281653
1,Task_1,0,86,0.6804572769620303,1754672179.2816541
2,Task_2,0,86,0.766550180096473,1754672179.281655
3,Task_3,0,86,0.8198092556236726,1754672179.281656
3,Task_3,0,87,0.8551137753924922,1754672179.281657
0,Task_0,0,87,0.6248639814406733,1754672179.2816582
1,Task_1,0,87,0.6993778317735451,1754672179.281659
2,Task_2,0,87,0.776625457221082,1754672179.281659
3,Task_3,0,87,0.8782723284716414,1754672179.2816598
3,Task_3,0,88,0.8830034498777212,1754672179.281661
0,Task_0,0,88,0.5671023679889831,1754672179.281662
1,Task_1,0,88,0.7107779288646748,1754672179.281663
2,Task_2,0,88,0.7753325163446109,1754672179.281664
3,Task_3,0,88,0.8239668217333732,1754672179.281665
3,Task_3,0,89,0.9082331643073123,1754672179.281666
0,Task_0,0,89,0.5658579557302469,1754672179.281667
1,Task_1,0,89,0.6406589189772509,1754672179.2816682
2,Task_2,0,89,0.7520014386830819,1754672179.2816691
3,Task_3,0,89,0.8375021038673698,1754672179.2816699
3,Task_3,0,90,0.9538302748207349,1754672179.2816708
0,Task_0,0,90,0.5767509576292865,1754672179.281672
1,Task_1,0,90,0.664481160539296,1754672179.281673
2,Task_2,0,90,0.7561627542892472,1754672179.281673
3,Task_3,0,90,0.8446047491723535,1754672179.281674
3,Task_3,0,91,0.8822641271714136,1754672179.281675
0,Task_0,0,91,0.5847906838198261,1754672179.281676
1,Task_1,0,91,0.7051224440391557,1754672179.281677
2,Task_2,0,91,0.7329098073239665,1754672179.281678
3,Task_3,0,91,0.8727348921694016,1754672179.2816792
3,Task_3,0,92,0.9115881386131559,1754672179.2816799
0,Task_0,0,92,0.5922447206633562,1754672179.2816808
1,Task_1,0,92,0.707866847205207,1754672179.281682
2,Task_2,0,92,0.7249036745908438,1754672179.281683
3,Task_3,0,92,0.8499885945318514,1754672179.281683
3,Task_3,0,93,0.9250273538728712,1754672179.281684
0,Task_0,0,93,0.5845892413278152,1754672179.2816849
1,Task_1,0,93,0.7068701475738587,1754672179.281686
2,Task_2,0,93,0.7691342973202355,1754672179.281687
3,Task_3,0,93,0.887465619202238,1754672179.281688
3,Task_3,0,94,0.9302092065843073,1754672179.2816892
0,Task_0,0,94,0.562183892627397,1754672179.2816901
1,Task_1,0,94,0.6843659260260195,1754672179.2816908
2,Task_2,0,94,0.7387777810140178,1754672179.2816918
3,Task_3,0,94,0.8108926641364617,1754672179.281693
3,Task_3,0,95,0.9750859237153832,1754672179.281694
0,Task_0,0,95,0.6162943146363772,1754672179.281695
1,Task_1,0,95,0.6814993608205555,1754672179.281696
2,Task_2,0,95,0.7441122229229237,1754672179.281697
3,Task_3,0,95,0.8646822173433805,1754672179.281698
3,Task_3,0,96,0.9342643895944847,1754672179.281698
0,Task_0,0,96,0.602608489251084,1754672179.2816992
1,Task_1,0,96,0.660950621050934,1754672179.2817001
2,Task_2,0,96,0.7719245321529117,1754672179.281701
3,Task_3,0,96,0.8408433284723152,1754672179.2817018
3,Task_3,0,97,0.9372004074013475,1754672179.281703
0,Task_0,0,97,0.5610370016513198,1754672179.281704
1,Task_1,0,97,0.6772889695781923,1754672179.281705
2,Task_2,0,97,0.8083217783212844,1754672179.281706
3,Task_3,0,97,0.8582125224168803,1754672179.281707
3,Task_3,0,98,0.9729129766283018,1754672179.281708
0,Task_0,0,98,0.5812817417393213,1754672179.281709
1,Task_1,0,98,0.6606127337333719,1754672179.281709
2,Task_2,0,98,0.8049921985185438,1754672179.2817101
3,Task_3,0,98,0.886322942224293,1754672179.281711
3,Task_3,0,99,0.9790397411435283,1754672179.281712
0,Task_0,0,99,0.6288264237309651,1754672179.281713
1,Task_1,0,99,0.6760069024754198,1754672179.281714
2,Task_2,0,99,0.7321224477533993,1754672179.281715
3,Task_3,0,99,0.8000965547140417,1754672179.2817159
3,Task_3,1,0,0.5804241208416164,1754672179.281721
0,Task_0,1,0,0.5619376599386756,1754672179.281722
1,Task_1,1,0,0.7029904821042883,1754672179.281726
2,Task_2,1,0,0.8093330602807384,1754672179.281727
3,Task_3,1,0,0.8209375245588241,1754672179.281728
3,Task_3,1,1,0.5919320419216791,1754672179.281729
0,Task_0,1,1,0.5956587230821916,1754672179.28173
1,Task_1,1,1,0.6928834455445572,1754672179.28173
2,Task_2,1,1,0.7998930414012216,1754672179.2817311
3,Task_3,1,1,0.8601282723334184,1754672179.281732
3,Task_3,1,2,0.5100663000981797,1754672179.281733
0,Task_0,1,2,0.5943745391039097,1754672179.281734
1,Task_1,1,2,0.711939643778179,1754672179.281735
2,Task_2,1,2,0.7863126778575718,1754672179.281736
3,Task_3,1,2,0.8775504858134937,1754672179.2817369
3,Task_3,1,3,0.5780381378240619,1754672179.281738
0,Task_0,1,3,0.5690737196593564,1754672179.281739
1,Task_1,1,3,0.6861501459644699,1754672179.28174
2,Task_2,1,3,0.7768961393110729,1754672179.2817411
3,Task_3,1,3,0.8710691897033828,1754672179.281742
3,Task_3,1,4,0.5752597281268007,1754672179.281742
0,Task_0,1,4,0.5731126047341008,1754672179.281743
1,Task_1,1,4,0.6560126947738563,1754672179.2817438
2,Task_2,1,4,0.7738149262893037,1754672179.281745
3,Task_3,1,4,0.8103640439972276,1754672179.281746
3,Task_3,1,5,0.5507908134478188,1754672179.2817469
0,Task_0,1,5,0.5843191986034034,1754672179.281748
1,Task_1,1,5,0.6710789208073707,1754672179.281749
2,Task_2,1,5,0.7691980961029438,1754672179.28175
3,Task_3,1,5,0.808708636025463,1754672179.2817512
3,Task_3,1,6,0.5480313997337164,1754672179.281752
0,Task_0,1,6,0.5733943035106511,1754672179.281755
1,Task_1,1,6,0.7031280575130222,1754672179.281756
2,Task_2,1,6,0.8093792234617602,1754672179.2817569
3,Task_3,1,6,0.8090726017032137,1754672179.281758
3,Task_3,1,7,0.6245405623360403,1754672179.281759
0,Task_0,1,7,0.585135240538999,1754672179.28176
1,Task_1,1,7,0.6657749824866473,1754672179.281761
2,Task_2,1,7,0.729072666986049,1754672179.2817621
3,Task_3,1,7,0.8139968484065586,1754672179.2817621
3,Task_3,1,8,0.5746097421929769,1754672179.281763
0,Task_0,1,8,0.609740261750735,1754672179.281764
1,Task_1,1,8,0.676380241453987,1754672179.2817652
2,Task_2,1,8,0.7499161293469134,1754672179.281767
3,Task_3,1,8,0.8521769780450144,1754672179.281769
3,Task_3,1,9,0.6030296683469096,1754672179.28177
0,Task_0,1,9,0.5716484694676272,1754672179.281771
1,Task_1,1,9,0.6992144200163696,1754672179.2817721
2,Task_2,1,9,0.7229593751859545,1754672179.281773
3,Task_3,1,9,0.8294700743160115,1754672179.281774
3,Task_3,1,10,0.5760993363585611,1754672179.281775
0,Task_0,1,10,0.5804739123989733,1754672179.2817762
1,Task_1,1,10,0.6932128537661112,1754672179.281777
2,Task_2,1,10,0.7416598440522316,1754672179.2817779
3,Task_3,1,10,0.8600391283596251,1754672179.2817779
3,Task_3,1,11,0.6399225301862929,1754672179.281779
0,Task_0,1,11,0.5960256481191482,1754672179.28178
1,Task_1,1,11,0.6436648026465059,1754672179.281781
2,Task_2,1,11,0.8060519658897819,1754672179.281782
3,Task_3,1,11,0.8507399971924701,1754672179.281783
3,Task_3,1,12,0.5723595716618651,1754672179.281784
0,Task_0,1,12,0.6238518538536721,1754672179.281785
1,Task_1,1,12,0.688944516931965,1754672179.2817862
2,Task_2,1,12,0.7767139816832582,1754672179.281787
3,Task_3,1,12,0.8098663869786029,1754672179.2817879
3,Task_3,1,13,0.6420880608238062,1754672179.2817879
0,Task_0,1,13,0.5737243543762124,1754672179.2817888
1,Task_1,1,13,0.6579300647225589,1754672179.28179
2,Task_2,1,13,0.7595094483725241,1754672179.281791
3,Task_3,1,13,0.8944317497763383,1754672179.281792
3,Task_3,1,14,0.6314581895838413,1754672179.281793
0,Task_0,1,14,0.575548052777613,1754672179.281794
1,Task_1,1,14,0.679844390586642,1754672179.281795
2,Task_2,1,14,0.7578639716918629,1754672179.281796
3,Task_3,1,14,0.8943308067564033,1754672179.2817972
3,Task_3,1,15,0.6283310659561558,1754672179.281798
0,Task_0,1,15,0.5889156920676962,1754672179.2817988
1,Task_1,1,15,0.6952658666232784,1754672179.2817988
2,Task_2,1,15,0.804198005031452,1754672179.2818
3,Task_3,1,15,0.81144663071685,1754672179.281801
3,Task_3,1,16,0.6545210806335838,1754672179.281802
0,Task_0,1,16,0.6125578486669376,1754672179.281803
1,Task_1,1,16,0.6993296542583224,1754672179.281804
2,Task_2,1,16,0.8030856309687711,1754672179.2818072
3,Task_3,1,16,0.8293664039571153,1754672179.281808
3,Task_3,1,17,0.611518171386128,1754672179.2818089
0,Task_0,1,17,0.5977953993499171,1754672179.2818089
1,Task_1,1,17,0.6697989549789196,1754672179.2818098
2,Task_2,1,17,0.7269544154373333,1754672179.281811
3,Task_3,1,17,0.8223951156359872,1754672179.281812
3,Task_3,1,18,0.5861117880511026,1754672179.281813
0,Task_0,1,18,0.5785123771414424,1754672179.281814
1,Task_1,1,18,0.6999031398698226,1754672179.281815
2,Task_2,1,18,0.7323703575175706,1754672179.281816
3,Task_3,1,18,0.8513903387383932,1754672179.2818172
3,Task_3,1,19,0.6052938970499824,1754672179.2818182
0,Task_0,1,19,0.5856166600965921,1754672179.2818189
1,Task_1,1,19,0.6440818175032174,1754672179.281821
2,Task_2,1,19,0.7658453938050559,1754672179.281822
3,Task_3,1,19,0.8613988000663119,1754672179.281823
3,Task_3,1,20,0.5906660986293237,1754672179.281824
0,Task_0,1,20,0.5937255627549676,1754672179.281825
1,Task_1,1,20,0.6663178094006853,1754672179.281826
2,Task_2,1,20,0.8070427546388474,1754672179.281827
3,Task_3,1,20,0.8935240587117735,1754672179.2818282
3,Task_3,1,21,0.5990828906954261,1754672179.2818282
0,Task_0,1,21,0.5840689674073545,1754672179.281829
1,Task_1,1,21,0.710479227798136,1754672179.2818298
2,Task_2,1,21,0.7458858160821372,1754672179.281831
3,Task_3,1,21,0.8790431512064556,1754672179.281832
3,Task_3,1,22,0.6476488259128129,1754672179.281833
0,Task_0,1,22,0.5812323420565869,1754672179.281834
1,Task_1,1,22,0.6862353917498022,1754672179.281835
2,Task_2,1,22,0.7748014537237783,1754672179.281836
3,Task_3,1,22,0.8137091136443492,1754672179.281837
3,Task_3,1,23,0.6861902440340639,1754672179.2818382
0,Task_0,1,23,0.5872410070795309,1754672179.2818391
1,Task_1,1,23,0.7113767593922413,1754672179.2818391
2,Task_2,1,23,0.736389441506146,1754672179.28184
3,Task_3,1,23,0.8441563755002331,1754672179.2818408
3,Task_3,1,24,0.6677839239514783,1754672179.281842
0,Task_0,1,24,0.5972287906153144,1754672179.281843
1,Task_1,1,24,0.6477916317222596,1754672179.281844
2,Task_2,1,24,0.7540621297053471,1754672179.281847
3,Task_3,1,24,0.8886424441935209,1754672179.281847
3,Task_3,1,25,0.618408341481302,1754672179.281848
0,Task_0,1,25,0.5768104879534967,1754672179.2818491
1,Task_1,1,25,0.6671283326276192,1754672179.28185
2,Task_2,1,25,0.8044093148368808,1754672179.2818508
3,Task_3,1,25,0.8342505017057172,1754672179.281852
3,Task_3,1,26,0.6931033671673827,1754672179.281853
0,Task_0,1,26,0.5615668066199857,1754672179.281854
1,Task_1,1,26,0.6956417856336832,1754672179.2818549
2,Task_2,1,26,0.7890320742941727,1754672179.281856
3,Task_3,1,26,0.8425998987195756,1754672179.281857
3,Task_3,1,27,0.6487037227500484,1754672179.281858
0,Task_0,1,27,0.5677762931232798,1754672179.2818592
1,Task_1,1,27,0.6603815040424343,1754672179.2818592
2,Task_2,1,27,0.7335012107900555,1754672179.28186
3,Task_3,1,27,0.8464308131916255,1754672179.281861
3,Task_3,1,28,0.6556175891369777,1754672179.2818618
0,Task_0,1,28,0.5866596274498451,1754672179.281863
1,Task_1,1,28,0.6626021695010764,1754672179.281864
2,Task_2,1,28,0.7612492051315235,1754672179.281865
3,Task_3,1,28,0.8717148653778982,1754672179.281866
3,Task_3,1,29,0.6846901093728287,1754672179.281867
0,Task_0,1,29,0.6252226993382831,1754672179.281868
1,Task_1,1,29,0.7181890838110225,1754672179.2818692
2,Task_2,1,29,0.7324230814447598,1754672179.2818701
3,Task_3,1,29,0.8115599915424073,1754672179.2818701
3,Task_3,1,30,0.6650534131124157,1754672179.281873
0,Task_0,1,30,0.6205635273826275,1754672179.281874
1,Task_1,1,30,0.6437153258838736,1754672179.281875
2,Task_2,1,30,0.7863451187462936,1754672179.281876
3,Task_3,1,30,0.81065656303248,1754672179.281876
3,Task_3,1,31,0.6501704660393721,1754672179.281877
0,Task_0,1,31,0.5954134763971228,1754672179.281878
1,Task_1,1,31,0.6719289436903723,1754672179.281879
2,Task_2,1,31,0.7927493399681604,1754672179.2818801
3,Task_3,1,31,0.8499398812620675,1754672179.281881
3,Task_3,1,32,0.6555880209055343,1754672179.281882
0,Task_0,1,32,0.6013766085712685,1754672179.2818828
1,Task_1,1,32,0.7167046999912279,1754672179.281884
2,Task_2,1,32,0.8055170119707854,1754672179.281885
3,Task_3,1,32,0.8993074675241483,1754672179.2818859
3,Task_3,1,33,0.7205046754971769,1754672179.281887
0,Task_0,1,33,0.6092568016466302,1754672179.281888
1,Task_1,1,33,0.666640893133666,1754672179.281889
2,Task_2,1,33,0.7555685960971984,1754672179.281891
3,Task_3,1,33,0.8311831695839734,1754672179.281892
3,Task_3,1,34,0.6425272835472208,1754672179.281893
0,Task_0,1,34,0.6190815687123816,1754672179.281894
1,Task_1,1,34,0.6883006952498121,1754672179.281895
2,Task_2,1,34,0.7537300704746853,1754672179.2818959
3,Task_3,1,34,0.8123804069482974,1754672179.281897
3,Task_3,1,35,0.7106102839300024,1754672179.281898
0,Task_0,1,35,0.5790758517896142,1754672179.281899
1,Task_1,1,35,0.6683235252639566,1754672179.2819
2,Task_2,1,35,0.7260086277730751,1754672179.2819011
3,Task_3,1,35,0.8141604520502325,1754672179.281902
3,Task_3,1,36,0.6442386612644843,1754672179.281903
0,Task_0,1,36,0.5999087258292191,1754672179.2819042
1,Task_1,1,36,0.7008770443785916,1754672179.2819042
2,Task_2,1,36,0.7396934047300541,1754672179.281905
3,Task_3,1,36,0.8688866988684454,1754672179.281906
3,Task_3,1,37,0.6811634531038621,1754672179.2819068
0,Task_0,1,37,0.5664454670566159,1754672179.281908
1,Task_1,1,37,0.716132174362537,1754672179.281909
2,Task_2,1,37,0.7352614648787993,1754672179.28191
3,Task_3,1,37,0.84751362611505,1754672179.2819111
3,Task_3,1,38,0.7444872868073897,1754672179.281912
0,Task_0,1,38,0.58333671598161,1754672179.281913
1,Task_1,1,38,0.6878953174742236,1754672179.281914
2,Task_2,1,38,0.7253830412608593,1754672179.281915
3,Task_3,1,38,0.837729568782815,1754672179.281915
3,Task_3,1,39,0.6653987793955396,1754672179.2819169
0,Task_0,1,39,0.6120878100117458,1754672179.281919
1,Task_1,1,39,0.6859160799797298,1754672179.28192
2,Task_2,1,39,0.7415096236990946,1754672179.281921
3,Task_3,1,39,0.8089111030644199,1754672179.281921
3,Task_3,1,40,0.691878528006433,1754672179.281922
0,Task_0,1,40,0.5855195324807138,1754672179.281923
1,Task_1,1,40,0.692348248098593,1754672179.281924
2,Task_2,1,40,0.7404431505684332,1754672179.281926
3,Task_3,1,40,0.8603967210648387,1754672179.2819269
3,Task_3,1,41,0.7407320749920467,1754672179.2819278
0,Task_0,1,41,0.5850310584610847,1754672179.281929
1,Task_1,1,41,0.6753300838246172,1754672179.28193
2,Task_2,1,41,0.775324805052378,1754672179.281931
3,Task_3,1,41,0.8912373209977464,1754672179.281932
3,Task_3,1,42,0.6985784436068811,1754672179.281933
0,Task_0,1,42,0.5616443782606466,1754672179.281934
1,Task_1,1,42,0.6500256060913032,1754672179.281934
2,Task_2,1,42,0.7903500362563425,1754672179.2819352
3,Task_3,1,42,0.8451767193907791,1754672179.281936
3,Task_3,1,43,0.736469884933553,1754672179.2819378
0,Task_0,1,43,0.6269579183004995,1754672179.281939
1,Task_1,1,43,0.6885849705452846,1754672179.28194
2,Task_2,1,43,0.7691011364764183,1754672179.281941
3,Task_3,1,43,0.8437762971262835,1754672179.2819421
3,Task_3,1,44,0.7416098484659043,1754672179.281943
0,Task_0,1,44,0.5943537822631821,1754672179.281944
1,Task_1,1,44,0.68547625700822,1754672179.281945
2,Task_2,1,44,0.7967159451034818,1754672179.2819462
3,Task_3,1,44,0.8332715590212653,1754672179.281947
3,Task_3,1,45,0.7072236865897492,1754672179.281947
0,Task_0,1,45,0.5983539700085356,1754672179.2819479
1,Task_1,1,45,0.6441674616594355,1754672179.281949
2,Task_2,1,45,0.7436441956137987,1754672179.28195
3,Task_3,1,45,0.8609688418355597,1754672179.281951
3,Task_3,1,46,0.6918390358508468,1754672179.281952
0,Task_0,1,46,0.5877677106828888,1754672179.281953
1,Task_1,1,46,0.6670563611762805,1754672179.281954
2,Task_2,1,46,0.790425175660104,1754672179.281955
3,Task_3,1,46,0.8664910206853924,1754672179.2819562
3,Task_3,1,47,0.716894401667446,1754672179.2819571
0,Task_0,1,47,0.58506226115325,1754672179.2819579
1,Task_1,1,47,0.698896040949749,1754672179.2819588
2,Task_2,1,47,0.7896525075637171,1754672179.28196
3,Task_3,1,47,0.8403126160975704,1754672179.281961
3,Task_3,1,48,0.7771910562492899,1754672179.281961
0,Task_0,1,48,0.6198141959519841,1754672179.281962
1,Task_1,1,48,0.6764652662643585,1754672179.281963
2,Task_2,1,48,0.7420737403629356,1754672179.281964
3,Task_3,1,48,0.8921625351689509,1754672179.281965
3,Task_3,1,49,0.7242258821514832,1754672179.281966
0,Task_0,1,49,0.6180832614357219,1754672179.2819672
1,Task_1,1,49,0.7119303973704034,1754672179.281968
2,Task_2,1,49,0.7333467594695622,1754672179.2819688
3,Task_3,1,49,0.8640332628796702,1754672179.28197
3,Task_3,1,50,0.7831286188478621,1754672179.28197
0,Task_0,1,50,0.6260126610013862,1754672179.281971
1,Task_1,1,50,0.6435941241193026,1754672179.281972
2,Task_2,1,50,0.7484458197282228,1754672179.281974
3,Task_3,1,50,0.8552833412398404,1754672179.281975
3,Task_3,1,51,0.728593956316712,1754672179.281976
0,Task_0,1,51,0.6101592795528634,1754672179.2819781
1,Task_1,1,51,0.6653501201928483,1754672179.2819788
2,Task_2,1,51,0.7558070224600177,1754672179.2819798
3,Task_3,1,51,0.8190874125735028,1754672179.281981
3,Task_3,1,52,0.7341577802101764,1754672179.281982
0,Task_0,1,52,0.621615663138198,1754672179.281984
1,Task_1,1,52,0.6603569482113498,1754672179.281985
2,Task_2,1,52,0.8067437578728004,1754672179.281986
3,Task_3,1,52,0.8424791177224746,1754672179.2819872
3,Task_3,1,53,0.802454970336893,1754672179.2819881
0,Task_0,1,53,0.5637158563597205,1754672179.281989
1,Task_1,1,53,0.6607816444640543,1754672179.2819898
2,Task_2,1,53,0.7399704707468763,1754672179.281991
3,Task_3,1,53,0.8023809477214541,1754672179.281992
3,Task_3,1,54,0.791142588355329,1754672179.281992
0,Task_0,1,54,0.5648270172654493,1754672179.2819939
1,Task_1,1,54,0.6458214347937734,1754672179.2819939
2,Task_2,1,54,0.773206725405081,1754672179.281995
3,Task_3,1,54,0.8146726693966085,1754672179.281996
3,Task_3,1,55,0.7356052178362819,1754672179.281997
0,Task_0,1,55,0.6092625936451288,1754672179.2819982
1,Task_1,1,55,0.6458065487080181,1754672179.281999
2,Task_2,1,55,0.790104827475245,1754672179.2819998
3,Task_3,1,55,0.8821656160630147,1754672179.2820008
3,Task_3,1,56,0.7307212868663597,1754672179.282002
0,Task_0,1,56,0.5882553196578022,1754672179.282003
1,Task_1,1,56,0.7112305352445155,1754672179.2820039
2,Task_2,1,56,0.8000303395761881,1754672179.282005
3,Task_3,1,56,0.8165191482812206,1754672179.282006
3,Task_3,1,57,0.7968072769796469,1754672179.282007
0,Task_0,1,57,0.594165709172663,1754672179.2820082
1,Task_1,1,57,0.6903177651482939,1754672179.2820091
2,Task_2,1,57,0.720930418586995,1754672179.28201
3,Task_3,1,57,0.8882628801487068,1754672179.28201
3,Task_3,1,58,0.7565195802562164,1754672179.2820108
0,Task_0,1,58,0.6257030690638523,1754672179.282012
1,Task_1,1,58,0.6792420207562945,1754672179.282013
2,Task_2,1,58,0.8035883560329762,1754672179.282014
3,Task_3,1,58,0.8958257310696871,1754672179.282015
3,Task_3,1,59,0.7712899837447732,1754672179.282016
0,Task_0,1,59,0.597289808511908,1754672179.282017
1,Task_1,1,59,0.7140807376546943,1754672179.282018
2,Task_2,1,59,0.7429782940636821,1754672179.2820191
3,Task_3,1,59,0.8567166855540623,1754672179.2820191
3,Task_3,1,60,0.777201673554673,1754672179.28202
0,Task_0,1,60,0.6260080106177925,1754672179.282021
1,Task_1,1,60,0.652753457146371,1754672179.282022
2,Task_2,1,60,0.8010101287298337,1754672179.282023
3,Task_3,1,60,0.8786670753032925,1754672179.282024
3,Task_3,1,61,0.8165291850251315,1754672179.2820249
0,Task_0,1,61,0.6086918421805108,1754672179.282026
1,Task_1,1,61,0.7143349085329789,1754672179.282028
2,Task_2,1,61,0.7625028174505262,1754672179.2820292
3,Task_3,1,61,0.8932471813457111,1754672179.282031
3,Task_3,1,62,0.7886935325792288,1754672179.282032
0,Task_0,1,62,0.5624383379424164,1754672179.282033
1,Task_1,1,62,0.7130927807983524,1754672179.282034
2,Task_2,1,62,0.7208771719919933,1754672179.2820349
3,Task_3,1,62,0.8255646686262507,1754672179.2820349
3,Task_3,1,63,0.8079958703060532,1754672179.282036
0,Task_0,1,63,0.5968677759933777,1754672179.282037
1,Task_1,1,63,0.6718145634268375,1754672179.282038
2,Task_2,1,63,0.8010471394175097,1754672179.282039
3,Task_3,1,63,0.8566773083398769,1754672179.28204
3,Task_3,1,64,0.8153168222152299,1754672179.282041
0,Task_0,1,64,0.6133312456183032,1754672179.282042
1,Task_1,1,64,0.6630131973453619,1754672179.282043
2,Task_2,1,64,0.7495327766718652,1754672179.282044
3,Task_3,1,64,0.8472506778600772,1754672179.282045
3,Task_3,1,65,0.7621758014665789,1754672179.2820458
0,Task_0,1,65,0.5635135667146698,1754672179.282047
1,Task_1,1,65,0.653206268987598,1754672179.282047
2,Task_2,1,65,0.766521604210258,1754672179.282048
3,Task_3,1,65,0.8720504949504493,1754672179.282049
3,Task_3,1,66,0.857534925020503,1754672179.2820501
0,Task_0,1,66,0.6090895395943797,1754672179.282051
1,Task_1,1,66,0.6945609034239628,1754672179.282052
2,Task_2,1,66,0.7642027201005017,1754672179.2820532
3,Task_3,1,66,0.809379083250226,1754672179.282054
3,Task_3,1,67,0.8099900722822632,1754672179.282055
0,Task_0,1,67,0.560128917520501,1754672179.2820559
1,Task_1,1,67,0.7076321391606502,1754672179.282057
2,Task_2,1,67,0.7785943161102813,1754672179.282059
3,Task_3,1,67,0.8916877698802966,1754672179.2820601
3,Task_3,1,68,0.802514672859508,1754672179.282061
0,Task_0,1,68,0.5640794888220066,1754672179.282062
1,Task_1,1,68,0.6484117825245352,1754672179.282063
2,Task_2,1,68,0.7258518957355632,1754672179.282064
3,Task_3,1,68,0.8387843445663019,1754672179.282064
3,Task_3,1,69,0.8571079992257569,1754672179.282065
0,Task_0,1,69,0.5966581019734554,1754672179.2820659
1,Task_1,1,69,0.7164588405530384,1754672179.282067
2,Task_2,1,69,0.7577433834262906,1754672179.282068
3,Task_3,1,69,0.804787949459775,1754672179.282069
3,Task_3,1,70,0.8467937171939037,1754672179.28207
0,Task_0,1,70,0.6198788818355188,1754672179.282071
1,Task_1,1,70,0.6926275430785218,1754672179.282072
2,Task_2,1,70,0.7273306221997766,1754672179.282073
3,Task_3,1,70,0.8490290344890297,1754672179.2820742
3,Task_3,1,71,0.8530529139228118,1754672179.2820742
0,Task_0,1,71,0.6256190818157124,1754672179.282075
1,Task_1,1,71,0.6777356701867664,1754672179.282076
2,Task_2,1,71,0.7349819580848602,1754672179.2820768
3,Task_3,1,71,0.8827321856597695,1754672179.282078
3,Task_3,1,72,0.8426154899835596,1754672179.282079
0,Task_0,1,72,0.5790135963761093,1754672179.28208
1,Task_1,1,72,0.6721031787775122,1754672179.282082
2,Task_2,1,72,0.7865975230790496,1754672179.282083
3,Task_3,1,72,0.8551035162217457,1754672179.282084
3,Task_3,1,73,0.8248100144398518,1754672179.2820852
0,Task_0,1,73,0.5765821063914651,1754672179.282086
1,Task_1,1,73,0.6682682230798046,1754672179.2820868
2,Task_2,1,73,0.8006470324204841,1754672179.282088
3,Task_3,1,73,0.8857912781453728,1754672179.282089
3,Task_3,1,74,0.8692969850465627,1754672179.28209
0,Task_0,1,74,0.6056971116431841,1754672179.282091
1,Task_1,1,74,0.6584417774386819,1754672179.282092
2,Task_2,1,74,0.8092002120001793,1754672179.282092
3,Task_3,1,74,0.8071473443890264,1754672179.282093
3,Task_3,1,75,0.8299135414513561,1754672179.282094
0,Task_0,1,75,0.5845182099981143,1754672179.2820952
1,Task_1,1,75,0.6636914247756242,1754672179.2820961
2,Task_2,1,75,0.750495443233016,1754672179.2820969
3,Task_3,1,75,0.8160875194566295,1754672179.2820978
3,Task_3,1,76,0.8231850839212853,1754672179.282099
0,Task_0,1,76,0.622967769779121,1754672179.2821
1,Task_1,1,76,0.6693843041685589,1754672179.282101
2,Task_2,1,76,0.7989346335063034,1754672179.282102
3,Task_3,1,76,0.8865990232357766,1754672179.282103
3,Task_3,1,77,0.8632921470813186,1754672179.282103
0,Task_0,1,77,0.6165288306005444,1754672179.282104
1,Task_1,1,77,0.648036479869972,1754672179.282105
2,Task_2,1,77,0.7733925887738825,1754672179.2821062
3,Task_3,1,77,0.8816505625219777,1754672179.2821069
3,Task_3,1,78,0.897595074234046,1754672179.2821078
0,Task_0,1,78,0.611280256334942,1754672179.282109
1,Task_1,1,78,0.6869534934614153,1754672179.28211
2,Task_2,1,78,0.7952079170871242,1754672179.282111
3,Task_3,1,78,0.8995264119858312,1754672179.282112
3,Task_3,1,79,0.8175761401486401,1754672179.282112
0,Task_0,1,79,0.5879538030303241,1754672179.282113
1,Task_1,1,79,0.684595189987656,1754672179.282114
2,Task_2,1,79,0.726912112041618,1754672179.282115
3,Task_3,1,79,0.8039759683235738,1754672179.2821171
3,Task_3,1,80,0.8512641829816333,1754672179.2821178
0,Task_0,1,80,0.6263036388376165,1754672179.2821188
1,Task_1,1,80,0.642137203109106,1754672179.28212
2,Task_2,1,80,0.7655316260483376,1754672179.282121
3,Task_3,1,80,0.851108778399059,1754672179.282122
3,Task_3,1,81,0.8710497765554377,1754672179.282123
0,Task_0,1,81,0.6168303997977508,1754672179.282124
1,Task_1,1,81,0.6835502742812092,1754672179.282125
2,Task_2,1,81,0.7899735645074225,1754672179.2821262
3,Task_3,1,81,0.8266338308458329,1754672179.2821262
3,Task_3,1,82,0.8809149710907154,1754672179.2821271
0,Task_0,1,82,0.570581298448136,1754672179.2821279
1,Task_1,1,82,0.6487836291085277,1754672179.2821288
2,Task_2,1,82,0.7950218337478887,1754672179.28213
3,Task_3,1,82,0.8087662845399585,1754672179.282131
3,Task_3,1,83,0.8686854036626985,1754672179.282133
0,Task_0,1,83,0.6114486378625553,1754672179.282134
1,Task_1,1,83,0.6832366401595998,1754672179.282135
2,Task_2,1,83,0.7353960121019423,1754672179.282136
3,Task_3,1,83,0.849340462498759,1754672179.2821372
3,Task_3,1,84,0.9011331626132772,1754672179.282138
0,Task_0,1,84,0.6256608840464108,1754672179.2821388
1,Task_1,1,84,0.6781089315638266,1754672179.28214
2,Task_2,1,84,0.7952939174750241,1754672179.282142
3,Task_3,1,84,0.8892702237889605,1754672179.2821429
3,Task_3,1,85,0.9186407083510185,1754672179.282144
0,Task_0,1,85,0.560920367814817,1754672179.282145
1,Task_1,1,85,0.695403403563847,1754672179.282146
2,Task_2,1,85,0.7259106275856919,1754672179.2821472
3,Task_3,1,85,0.8991032069081086,1754672179.2821481
3,Task_3,1,86,0.85539489247153,1754672179.2821481
0,Task_0,1,86,0.5735839792537112,1754672179.2821498
1,Task_1,1,86,0.6966615152980863,1754672179.282151
2,Task_2,1,86,0.7703497371961615,1754672179.282151
3,Task_3,1,86,0.8155829510214396,1754672179.282152
3,Task_3,1,87,0.899899131919584,1754672179.282153
0,Task_0,1,87,0.6009884556752447,1754672179.282154
1,Task_1,1,87,0.6980830812791371,1754672179.282155
2,Task_2,1,87,0.7783679551988151,1754672179.282156
3,Task_3,1,87,0.8520132127756591,1754672179.282157
3,Task_3,1,88,0.9158100622500711,1754672179.2821581
0,Task_0,1,88,0.5622534553296881,1754672179.282159
1,Task_1,1,88,0.7139811113458414,1754672179.28216
2,Task_2,1,88,0.7698215080901228,1754672179.282161
3,Task_3,1,88,0.8897070165906462,1754672179.282161
3,Task_3,1,89,0.8885960256271229,1754672179.282162
0,Task_0,1,89,0.6130113681914162,1754672179.282163
1,Task_1,1,89,0.6662146776471891,1754672179.2821639
2,Task_2,1,89,0.7826350891854286,1754672179.282165
3,Task_3,1,89,0.8167432270213145,1754672179.282166
3,Task_3,1,90,0.8600870282608795,1754672179.2821681
0,Task_0,1,90,0.6209230104591078,1754672179.282169
1,Task_1,1,90,0.6831668872710159,1754672179.28217
2,Task_2,1,90,0.7328998222192585,1754672179.2821708
3,Task_3,1,90,0.8634903460579961,1754672179.282172
3,Task_3,1,91,0.8941695263301132,1754672179.282173
0,Task_0,1,91,0.6180304345498719,1754672179.2821739
1,Task_1,1,91,0.6494921491255954,1754672179.282175
2,Task_2,1,91,0.7234640974932542,1754672179.282175
3,Task_3,1,91,0.8189480828647155,1754672179.282176
3,Task_3,1,92,0.9255397965111022,1754672179.282177
0,Task_0,1,92,0.6020985490566548,1754672179.2821782
1,Task_1,1,92,0.7102433876534168,1754672179.282179
2,Task_2,1,92,0.7509190542351911,1754672179.28218
3,Task_3,1,92,0.8011520491776389,1754672179.282181
3,Task_3,1,93,0.9431453384927915,1754672179.282182
0,Task_0,1,93,0.6289228715067641,1754672179.282183
1,Task_1,1,93,0.7167999549145657,1754672179.282184
2,Task_2,1,93,0.7452273609141702,1754672179.282185
3,Task_3,1,93,0.8484073186416969,1754672179.282186
3,Task_3,1,94,0.9370881027783617,1754672179.282187
0,Task_0,1,94,0.5809164938214649,1754672179.282188
1,Task_1,1,94,0.7008716032154202,1754672179.2821891
2,Task_2,1,94,0.7919404954634289,1754672179.28219
3,Task_3,1,94,0.8450532731514517,1754672179.282191
3,Task_3,1,95,0.9681012326996176,1754672179.2821918
0,Task_0,1,95,0.5950255001535476,1754672179.282193
1,Task_1,1,95,0.658292237203443,1754672179.282194
2,Task_2,1,95,0.7277141722319621,1754672179.282194
3,Task_3,1,95,0.8845727271723015,1754672179.2821949
3,Task_3,1,96,0.9420159092795444,1754672179.282196
0,Task_0,1,96,0.568724679556872,1754672179.282197
1,Task_1,1,96,0.6445285320841156,1754672179.282198
2,Task_2,1,96,0.7710676841562504,1754672179.2821991
3,Task_3,1,96,0.8897451619602039,1754672179.2822
3,Task_3,1,97,0.939486134541239,1754672179.282201
0,Task_0,1,97,0.6111833686125211,1754672179.282202
1,Task_1,1,97,0.6901688762558141,1754672179.282202
2,Task_2,1,97,0.7529495139975951,1754672179.282203
3,Task_3,1,97,0.8517419275962581,1754672179.282204
3,Task_3,1,98,0.9493822102096892,1754672179.2822049
0,Task_0,1,98,0.5685717402049958,1754672179.282207
1,Task_1,1,98,0.6732757815419508,1754672179.282208
2,Task_2,1,98,0.7860726759137155,1754672179.282209
3,Task_3,1,98,0.8824467275378651,1754672179.28221
3,Task_3,1,99,0.9402236135422867,1754672179.282211
0,Task_0,1,99,0.566850882760841,1754672179.282212
1,Task_1,1,99,0.715278635200385,1754672179.2822132
2,Task_2,1,99,0.7380438832257575,1754672179.282214
3,Task_3,1,99,0.8963945884424664,1754672179.2822149
4,Task_4,0,0,0.562612883852077,1754672180.417067
0,Task_0,0,0,0.4901943059015985,1754672180.417073
1,Task_1,0,0,0.628443707355411,1754672180.417074
2,Task_2,0,0,0.6860971175606072,1754672180.4170759
3,Task_3,0,0,0.7320897775381698,1754672180.417077
4,Task_4,0,0,0.8187775354230302,1754672180.417078
4,Task_4,0,1,0.5453163432361106,1754672180.417079
0,Task_0,0,1,0.48516063603317916,1754672180.417081
1,Task_1,0,1,0.5760796126683795,1754672180.417082
2,Task_2,0,1,0.7036872856558152,1754672180.4170828
3,Task_3,0,1,0.776461662761756,1754672180.417084
4,Task_4,0,1,0.8343286900786263,1754672180.417085
4,Task_4,0,2,0.5850861178109569,1754672180.417086
0,Task_0,0,2,0.5294445602243174,1754672180.417087
1,Task_1,0,2,0.5882521735976212,1754672180.417088
2,Task_2,0,2,0.7083215908125381,1754672180.417089
3,Task_3,0,2,0.7858827438530328,1754672180.41709
4,Task_4,0,2,0.8322385810197942,1754672180.4170911
4,Task_4,0,3,0.556354913659029,1754672180.417092
0,Task_0,0,3,0.5160726115044912,1754672180.417093
1,Task_1,0,3,0.5921345969598518,1754672180.417094
2,Task_2,0,3,0.6455542737688773,1754672180.417095
3,Task_3,0,3,0.7241899040031993,1754672180.417096
4,Task_4,0,3,0.8178855009695287,1754672180.4170969
4,Task_4,0,4,0.5788605264716437,1754672180.417098
0,Task_0,0,4,0.522022120358493,1754672180.4171
1,Task_1,0,4,0.5922325376919899,1754672180.4171011
2,Task_2,0,4,0.6462578182721824,1754672180.417102
3,Task_3,0,4,0.7797210821296358,1754672180.417103
4,Task_4,0,4,0.8089750091940826,1754672180.4171038
4,Task_4,0,5,0.5741876660819475,1754672180.417105
0,Task_0,0,5,0.501029067362647,1754672180.417106
1,Task_1,0,5,0.62300709952178,1754672180.4171069
2,Task_2,0,5,0.6524533585114602,1754672180.417108
3,Task_3,0,5,0.752733791960623,1754672180.417109
4,Task_4,0,5,0.8968820417169975,1754672180.41711
4,Task_4,0,6,0.5361939827681642,1754672180.4171112
0,Task_0,0,6,0.512064493142064,1754672180.417112
1,Task_1,0,6,0.5934218565646673,1754672180.417113
2,Task_2,0,6,0.6485435299114464,1754672180.417114
3,Task_3,0,6,0.7392352382281228,1754672180.417115
4,Task_4,0,6,0.8486120153974237,1754672180.417116
4,Task_4,0,7,0.5600700205227627,1754672180.4171169
0,Task_0,0,7,0.53393075925091,1754672180.4171178
1,Task_1,0,7,0.6162881210202399,1754672180.417119
2,Task_2,0,7,0.6598577603524514,1754672180.41712
3,Task_3,0,7,0.7895123670266353,1754672180.417121
4,Task_4,0,7,0.8031703325210273,1754672180.4171221
4,Task_4,0,8,0.5648910526150294,1754672180.417123
0,Task_0,0,8,0.5318703853586727,1754672180.417124
1,Task_1,0,8,0.5836644018726345,1754672180.4171252
2,Task_2,0,8,0.6695999562930681,1754672180.417126
3,Task_3,0,8,0.7464632468407093,1754672180.4171278
4,Task_4,0,8,0.8686561146953884,1754672180.417129
4,Task_4,0,9,0.6071214165057904,1754672180.41713
0,Task_0,0,9,0.5235116170023923,1754672180.417131
1,Task_1,0,9,0.5785764371377048,1754672180.4171321
2,Task_2,0,9,0.6799242149783716,1754672180.417133
3,Task_3,0,9,0.7506796189760631,1754672180.417134
4,Task_4,0,9,0.8485863153126049,1754672180.417135
4,Task_4,0,10,0.6202761882162569,1754672180.4171362
0,Task_0,0,10,0.5077548019918262,1754672180.417137
1,Task_1,0,10,0.5941358448018502,1754672180.4171379
2,Task_2,0,10,0.7006559097698551,1754672180.417139
3,Task_3,0,10,0.7394057159876287,1754672180.41714
4,Task_4,0,10,0.8627293745114735,1754672180.417141
4,Task_4,0,11,0.6404536531772342,1754672180.417141
0,Task_0,0,11,0.5161828308491928,1754672180.417143
1,Task_1,0,11,0.5816396170753317,1754672180.417144
2,Task_2,0,11,0.6536375561957485,1754672180.417145
3,Task_3,0,11,0.7409417980402365,1754672180.4171462
4,Task_4,0,11,0.8375713702856533,1754672180.417147
4,Task_4,0,12,0.6213756247992797,1754672180.4171479
0,Task_0,0,12,0.4998729852789785,1754672180.4171488
1,Task_1,0,12,0.6065532256839585,1754672180.41715
2,Task_2,0,12,0.6731461943100587,1754672180.417151
3,Task_3,0,12,0.7543417574586231,1754672180.417152
4,Task_4,0,12,0.8698676148837283,1754672180.4171531
4,Task_4,0,13,0.5642246924662612,1754672180.417154
0,Task_0,0,13,0.5093563405929817,1754672180.417155
1,Task_1,0,13,0.6189918660320741,1754672180.417156
2,Task_2,0,13,0.7051565501499804,1754672180.4171572
3,Task_3,0,13,0.7785735953828189,1754672180.417158
4,Task_4,0,13,0.8960876481868524,1754672180.4171588
4,Task_4,0,14,0.6391064428875501,1754672180.41716
0,Task_0,0,14,0.5116438804367042,1754672180.4171672
1,Task_1,0,14,0.5866313568163624,1754672180.417168
2,Task_2,0,14,0.6880964800657259,1754672180.4171689
3,Task_3,0,14,0.773876863959876,1754672180.4171698
4,Task_4,0,14,0.8324567990621782,1754672180.417171
4,Task_4,0,15,0.5738109604127082,1754672180.417172
0,Task_0,0,15,0.5233264508164861,1754672180.417173
1,Task_1,0,15,0.6141669529462442,1754672180.417174
2,Task_2,0,15,0.678097878011005,1754672180.417175
3,Task_3,0,15,0.8087075242895744,1754672180.417176
4,Task_4,0,15,0.8798214350610865,1754672180.4171772
4,Task_4,0,16,0.6280656956179331,1754672180.4171782
0,Task_0,0,16,0.5161033943047243,1754672180.4171789
1,Task_1,0,16,0.5971232103320007,1754672180.4171798
2,Task_2,0,16,0.6538776008769546,1754672180.417181
3,Task_3,0,16,0.7737782266277576,1754672180.417181
4,Task_4,0,16,0.8043428767170192,1754672180.417182
4,Task_4,0,17,0.6268635761228093,1754672180.417183
0,Task_0,0,17,0.5190202838978937,1754672180.417184
1,Task_1,0,17,0.5653040916451326,1754672180.417185
2,Task_2,0,17,0.6890387690369837,1754672180.417186
3,Task_3,0,17,0.8017549349264778,1754672180.417187
4,Task_4,0,17,0.8670320480752968,1754672180.4171882
4,Task_4,0,18,0.6287150674097247,1754672180.4171891
0,Task_0,0,18,0.5357632329336096,1754672180.4171898
1,Task_1,0,18,0.6087728033824269,1754672180.417191
2,Task_2,0,18,0.7033684211199134,1754672180.417192
3,Task_3,0,18,0.7709656127804089,1754672180.417192
4,Task_4,0,18,0.8322338419701771,1754672180.417193
4,Task_4,0,19,0.6013960542750136,1754672180.417194
0,Task_0,0,19,0.49883042380867193,1754672180.417195
1,Task_1,0,19,0.6255687132436337,1754672180.417196
2,Task_2,0,19,0.6572064410838409,1754672180.417197
3,Task_3,0,19,0.7611226356754658,1754672180.4171982
4,Task_4,0,19,0.8306333850473793,1754672180.4171991
4,Task_4,0,20,0.5945265704977972,1754672180.4172
0,Task_0,0,20,0.5062896664400087,1754672180.4172008
1,Task_1,0,20,0.5711969435888944,1754672180.417202
2,Task_2,0,20,0.6827037166777739,1754672180.417203
3,Task_3,0,20,0.7840858540067842,1754672180.417204
4,Task_4,0,20,0.8876612818247451,1754672180.417205
4,Task_4,0,21,0.6448300041901273,1754672180.417206
0,Task_0,0,21,0.5278728062430922,1754672180.417207
1,Task_1,0,21,0.6137035618018977,1754672180.417208
2,Task_2,0,21,0.6875180253264697,1754672180.4172091
3,Task_3,0,21,0.7795947861106166,1754672180.41721
4,Task_4,0,21,0.8501490627516733,1754672180.4172108
4,Task_4,0,22,0.6832199074006446,1754672180.4172108
0,Task_0,0,22,0.5138197745017178,1754672180.417212
1,Task_1,0,22,0.5934660330346314,1754672180.417213
2,Task_2,0,22,0.6889862707928947,1754672180.417214
3,Task_3,0,22,0.7401866114826208,1754672180.4172149
4,Task_4,0,22,0.8826095960196435,1754672180.417216
4,Task_4,0,23,0.6094201723534257,1754672180.417217
0,Task_0,0,23,0.5262171076088442,1754672180.417218
1,Task_1,0,23,0.6195051182749614,1754672180.4172192
2,Task_2,0,23,0.7005866182179009,1754672180.41722
3,Task_3,0,23,0.7397998860052419,1754672180.417221
4,Task_4,0,23,0.8372612170319044,1754672180.4172218
4,Task_4,0,24,0.604673162293786,1754672180.4172218
0,Task_0,0,24,0.522135653563425,1754672180.417223
1,Task_1,0,24,0.5601692129591718,1754672180.417224
2,Task_2,0,24,0.7006572543162595,1754672180.417225
3,Task_3,0,24,0.7712883031086439,1754672180.417226
4,Task_4,0,24,0.8814551284983088,1754672180.417227
4,Task_4,0,25,0.6511561604992911,1754672180.417228
0,Task_0,0,25,0.5319049145989478,1754672180.417229
1,Task_1,0,25,0.5988921748264363,1754672180.4172301
2,Task_2,0,25,0.6553319360087868,1754672180.417231
3,Task_3,0,25,0.7826914124156517,1754672180.4172318
4,Task_4,0,25,0.8043293783097977,1754672180.417233
4,Task_4,0,26,0.6806966035009762,1754672180.417233
0,Task_0,0,26,0.5290105279830504,1754672180.417234
1,Task_1,0,26,0.6237165220574377,1754672180.417235
2,Task_2,0,26,0.6803803535967252,1754672180.4172359
3,Task_3,0,26,0.7700508466885269,1754672180.417237
4,Task_4,0,26,0.8166988684331115,1754672180.417238
4,Task_4,0,27,0.6560438607436916,1754672180.417239
0,Task_0,0,27,0.5227321435368832,1754672180.4172401
1,Task_1,0,27,0.5899572809802639,1754672180.417241
2,Task_2,0,27,0.7053462122018125,1754672180.417242
3,Task_3,0,27,0.8059235844293967,1754672180.4172428
4,Task_4,0,27,0.868331368968927,1754672180.4172428
4,Task_4,0,28,0.7042014797934637,1754672180.417244
0,Task_0,0,28,0.4966398219821504,1754672180.417245
1,Task_1,0,28,0.5686611441752647,1754672180.4172459
2,Task_2,0,28,0.6820312752238746,1754672180.417247
3,Task_3,0,28,0.7616046229731723,1754672180.417248
4,Task_4,0,28,0.8449621694122723,1754672180.417249
4,Task_4,0,29,0.630604339348824,1754672180.4172502
0,Task_0,0,29,0.5270643457692241,1754672180.417251
1,Task_1,0,29,0.622784243924736,1754672180.417252
2,Task_2,0,29,0.6551948272962286,1754672180.417253
3,Task_3,0,29,0.7844890292053207,1754672180.417254
4,Task_4,0,29,0.847530350388912,1754672180.417254
4,Task_4,0,30,0.640979011939327,1754672180.417255
0,Task_0,0,30,0.5258398501920282,1754672180.4172559
1,Task_1,0,30,0.5660247859731898,1754672180.417257
2,Task_2,0,30,0.6964145778934487,1754672180.417258
3,Task_3,0,30,0.7765386288802232,1754672180.417259
4,Task_4,0,30,0.8778985501165286,1754672180.41726
4,Task_4,0,31,0.7084758711508545,1754672180.4172611
0,Task_0,0,31,0.504539314918192,1754672180.417262
1,Task_1,0,31,0.6216148363349879,1754672180.417263
2,Task_2,0,31,0.6497730473712338,1754672180.4172642
3,Task_3,0,31,0.7858986930115041,1754672180.417265
4,Task_4,0,31,0.8567925759502278,1754672180.417265
4,Task_4,0,32,0.6928432534892084,1754672180.417266
0,Task_0,0,32,0.5107255635030286,1754672180.4172668
1,Task_1,0,32,0.5838443524851977,1754672180.417268
2,Task_2,0,32,0.6598910049837914,1754672180.417269
3,Task_3,0,32,0.7733945088192292,1754672180.41727
4,Task_4,0,32,0.8566406258784458,1754672180.4172711
4,Task_4,0,33,0.7280360647003827,1754672180.417272
0,Task_0,0,33,0.5249477686250185,1754672180.417273
1,Task_1,0,33,0.6078061724685745,1754672180.417274
2,Task_2,0,33,0.6806276788852216,1754672180.417275
3,Task_3,0,33,0.7605358813303271,1754672180.417276
4,Task_4,0,33,0.805317495748809,1754672180.4172769
4,Task_4,0,34,0.7103231919970154,1754672180.417278
0,Task_0,0,34,0.5259984690595,1754672180.417279
1,Task_1,0,34,0.6289293098071465,1754672180.41728
2,Task_2,0,34,0.6655609546245635,1754672180.417281
3,Task_3,0,34,0.7729719476806766,1754672180.417281
4,Task_4,0,34,0.8992498521624153,1754672180.417282
4,Task_4,0,35,0.7327502679666139,1754672180.417283
0,Task_0,0,35,0.4856678191408087,1754672180.417284
1,Task_1,0,35,0.5859532480727411,1754672180.4172852
2,Task_2,0,35,0.6841662889176179,1754672180.417286
3,Task_3,0,35,0.7602643045169114,1754672180.4172869
4,Task_4,0,35,0.8625253575506521,1754672180.4172878
4,Task_4,0,36,0.7385468044841964,1754672180.417289
0,Task_0,0,36,0.49138151571500865,1754672180.41729
1,Task_1,0,36,0.577045311327277,1754672180.417291
2,Task_2,0,36,0.695368255936804,1754672180.417291
3,Task_3,0,36,0.7491051732490182,1754672180.417292
4,Task_4,0,36,0.8204392478069441,1754672180.417293
4,Task_4,0,37,0.6555098287228469,1754672180.417294
0,Task_0,0,37,0.4809646396910132,1754672180.4172952
1,Task_1,0,37,0.6110000619963748,1754672180.417296
2,Task_2,0,37,0.7042297243832301,1754672180.417297
3,Task_3,0,37,0.7831354911140866,1754672180.4172978
4,Task_4,0,37,0.8041559686396179,1754672180.417299
4,Task_4,0,38,0.6848054143725978,1754672180.4173
0,Task_0,0,38,0.49702608387052577,1754672180.417301
1,Task_1,0,38,0.5775876312130145,1754672180.4173021
2,Task_2,0,38,0.6608338150211719,1754672180.4173021
3,Task_3,0,38,0.8058665293526907,1754672180.417303
4,Task_4,0,38,0.8111505504195144,1754672180.417304
4,Task_4,0,39,0.6879379052350192,1754672180.417305
0,Task_0,0,39,0.4820244304710638,1754672180.4173062
1,Task_1,0,39,0.6162339731867164,1754672180.417307
2,Task_2,0,39,0.7099153515079535,1754672180.4173079
3,Task_3,0,39,0.7396824376932203,1754672180.417309
4,Task_4,0,39,0.8386424440738056,1754672180.41731
4,Task_4,0,40,0.738361215334953,1754672180.41731
0,Task_0,0,40,0.4930748018870909,1754672180.417311
1,Task_1,0,40,0.6143842580419142,1754672180.417312
2,Task_2,0,40,0.666294815449454,1754672180.417313
3,Task_3,0,40,0.7555957675639542,1754672180.417314
4,Task_4,0,40,0.801325343368178,1754672180.417315
4,Task_4,0,41,0.671733223569171,1754672180.4173162
0,Task_0,0,41,0.5269664278005927,1754672180.4173172
1,Task_1,0,41,0.582965023080425,1754672180.4173179
2,Task_2,0,41,0.6907904990326601,1754672180.4173188
3,Task_3,0,41,0.7825330725821478,1754672180.41732
4,Task_4,0,41,0.8765478884723005,1754672180.417321
4,Task_4,0,42,0.6705065804357283,1754672180.417321
0,Task_0,0,42,0.4823776198766715,1754672180.417322
1,Task_1,0,42,0.5850831421468401,1754672180.417323
2,Task_2,0,42,0.6778262628804239,1754672180.417324
3,Task_3,0,42,0.767495988956586,1754672180.417325
4,Task_4,0,42,0.8329884458663765,1754672180.417326
4,Task_4,0,43,0.7493416346900044,1754672180.4173272
0,Task_0,0,43,0.5284737473250616,1754672180.4173281
1,Task_1,0,43,0.5830888488982097,1754672180.4173288
2,Task_2,0,43,0.7193932003994123,1754672180.41733
3,Task_3,0,43,0.7574645596782228,1754672180.41733
4,Task_4,0,43,0.8151296645369995,1754672180.417332
4,Task_4,0,44,0.7017003323013421,1754672180.417332
0,Task_0,0,44,0.4979512595189207,1754672180.417333
1,Task_1,0,44,0.5766848968787011,1754672180.417334
2,Task_2,0,44,0.6870036036526557,1754672180.417335
3,Task_3,0,44,0.8084808918801327,1754672180.417336
4,Task_4,0,44,0.8199430709058011,1754672180.4173372
4,Task_4,0,45,0.7703931997711166,1754672180.4173381
0,Task_0,0,45,0.5109075774794556,1754672180.4173388
1,Task_1,0,45,0.5766506583645175,1754672180.4173398
2,Task_2,0,45,0.668621412081216,1754672180.417341
3,Task_3,0,45,0.7327159613570177,1754672180.417342
4,Task_4,0,45,0.8781939396455201,1754672180.417343
4,Task_4,0,46,0.6935328503444101,1754672180.417344
0,Task_0,0,46,0.5379808509384751,1754672180.417345
1,Task_1,0,46,0.6035760893306572,1754672180.417346
2,Task_2,0,46,0.6722130533280968,1754672180.417347
3,Task_3,0,46,0.7899189320157043,1754672180.4173481
4,Task_4,0,46,0.8844336093910881,1754672180.4173481
4,Task_4,0,47,0.741211581444086,1754672180.417349
0,Task_0,0,47,0.5232996145012617,1754672180.4173498
1,Task_1,0,47,0.5996340069397154,1754672180.417351
2,Task_2,0,47,0.6499007985604985,1754672180.417352
3,Task_3,0,47,0.7743899512393695,1754672180.417353
4,Task_4,0,47,0.8449225165325802,1754672180.4173539
4,Task_4,0,48,0.7142224846589741,1754672180.417355
0,Task_0,0,48,0.5065711967578574,1754672180.417356
1,Task_1,0,48,0.6182721664592578,1754672180.417357
2,Task_2,0,48,0.7140829160521434,1754672180.4173582
3,Task_3,0,48,0.7829531402972716,1754672180.417359
4,Task_4,0,48,0.855761294608301,1754672180.4173598
4,Task_4,0,49,0.7465809707338418,1754672180.4173608
0,Task_0,0,49,0.538160381273573,1754672180.417362
1,Task_1,0,49,0.6089383971805237,1754672180.417363
2,Task_2,0,49,0.671454350732757,1754672180.417364
3,Task_3,0,49,0.7674018019695442,1754672180.417364
4,Task_4,0,49,0.8627604176825919,1754672180.417365
4,Task_4,0,50,0.7410933748311522,1754672180.417392
0,Task_0,0,50,0.4814342804442373,1754672180.417394
1,Task_1,0,50,0.5785570073495272,1754672180.4173949
2,Task_2,0,50,0.6798791224306542,1754672180.4173949
3,Task_3,0,50,0.8009875523644238,1754672180.417396
4,Task_4,0,50,0.8776327904203848,1754672180.417397
4,Task_4,0,51,0.7518362638765902,1754672180.417398
0,Task_0,0,51,0.5164693129947997,1754672180.417399
1,Task_1,0,51,0.5986558161638759,1754672180.4174001
2,Task_2,0,51,0.6473294381896413,1754672180.417401
3,Task_3,0,51,0.7717838090102644,1754672180.417402
4,Task_4,0,51,0.8932307496738888,1754672180.417403
4,Task_4,0,52,0.7183031212996638,1754672180.417404
0,Task_0,0,52,0.5277890788162997,1754672180.417405
1,Task_1,0,52,0.6289826691022798,1754672180.4174058
2,Task_2,0,52,0.6709477924546435,1754672180.417407
3,Task_3,0,52,0.7379647427091715,1754672180.417408
4,Task_4,0,52,0.8510442415853602,1754672180.417409
4,Task_4,0,53,0.7157557092502836,1754672180.4174101
0,Task_0,0,53,0.49694895341353323,1754672180.417411
1,Task_1,0,53,0.6095097742222453,1754672180.417412
2,Task_2,0,53,0.6460840805686263,1754672180.4174132
3,Task_3,0,53,0.7606602045787858,1754672180.417414
4,Task_4,0,53,0.8917425878567413,1754672180.417415
4,Task_4,0,54,0.7726785612406317,1754672180.4174159
0,Task_0,0,54,0.5318938914470221,1754672180.417417
1,Task_1,0,54,0.5761993884529567,1754672180.417418
2,Task_2,0,54,0.6467206295112722,1754672180.417419
3,Task_3,0,54,0.7556900566688444,1754672180.4174201
4,Task_4,0,54,0.8507150928118734,1754672180.417421
4,Task_4,0,55,0.785496507050594,1754672180.417421
0,Task_0,0,55,0.48711647316199586,1754672180.417422
1,Task_1,0,55,0.5656806732570944,1754672180.417423
2,Task_2,0,55,0.7123807113397103,1754672180.417424
3,Task_3,0,55,0.7982490620009838,1754672180.417425
4,Task_4,0,55,0.8702764833559357,1754672180.4174259
4,Task_4,0,56,0.7668328267443691,1754672180.417427
0,Task_0,0,56,0.5147295240708812,1754672180.417428
1,Task_1,0,56,0.6122588813080501,1754672180.417429
2,Task_2,0,56,0.6599987851792682,1754672180.41743
3,Task_3,0,56,0.770042426820995,1754672180.41743
4,Task_4,0,56,0.8808573285711185,1754672180.417431
4,Task_4,0,57,0.7603254607027717,1754672180.417432
0,Task_0,0,57,0.531790290009589,1754672180.417433
1,Task_1,0,57,0.575360992469276,1754672180.4174342
2,Task_2,0,57,0.7100719242873581,1754672180.417435
3,Task_3,0,57,0.7798655279102448,1754672180.417436
4,Task_4,0,57,0.8381311110351932,1754672180.4174368
4,Task_4,0,58,0.7612298224090981,1754672180.4174368
0,Task_0,0,58,0.5042939488338201,1754672180.417438
1,Task_1,0,58,0.5953344486495808,1754672180.417439
2,Task_2,0,58,0.6496754154002495,1754672180.41744
3,Task_3,0,58,0.8080077470944942,1754672180.4174411
4,Task_4,0,58,0.8541340153724686,1754672180.417442
4,Task_4,0,59,0.7933484627559804,1754672180.417443
0,Task_0,0,59,0.536469232100757,1754672180.417444
1,Task_1,0,59,0.5775234887926111,1754672180.4174452
2,Task_2,0,59,0.6690567685811508,1754672180.4174452
3,Task_3,0,59,0.7806829036128895,1754672180.417446
4,Task_4,0,59,0.8838448735665659,1754672180.4174469
4,Task_4,0,60,0.8392860351484152,1754672180.417448
0,Task_0,0,60,0.505781732291403,1754672180.417449
1,Task_1,0,60,0.609155800804095,1754672180.41745
2,Task_2,0,60,0.7173372670223932,1754672180.417451
3,Task_3,0,60,0.7690494310286231,1754672180.417452
4,Task_4,0,60,0.8895291588334127,1754672180.417452
4,Task_4,0,61,0.8253153432596154,1754672180.417453
0,Task_0,0,61,0.5235962719705304,1754672180.417454
1,Task_1,0,61,0.5823974606883803,1754672180.4174552
2,Task_2,0,61,0.6784327009926373,1754672180.4174562
3,Task_3,0,61,0.7211463595326797,1754672180.4174569
4,Task_4,0,61,0.8745389567551738,1754672180.4174578
4,Task_4,0,62,0.8277873577150696,1754672180.4174578
0,Task_0,0,62,0.4951357040150073,1754672180.417459
1,Task_1,0,62,0.5966786431791745,1754672180.41746
2,Task_2,0,62,0.6755974150111371,1754672180.417461
3,Task_3,0,62,0.7547324906380428,1754672180.417462
4,Task_4,0,62,0.8720758953811492,1754672180.417463
4,Task_4,0,63,0.7950688433269093,1754672180.417464
0,Task_0,0,63,0.49932531909502104,1754672180.417465
1,Task_1,0,63,0.6006794137460316,1754672180.417465
2,Task_2,0,63,0.6891272536899985,1754672180.4174662
3,Task_3,0,63,0.7901653878281287,1754672180.4174669
4,Task_4,0,63,0.898936553284717,1754672180.4174678
4,Task_4,0,64,0.7589514100688964,1754672180.417469
0,Task_0,0,64,0.5056430233573725,1754672180.41747
1,Task_1,0,64,0.5669711365937496,1754672180.417471
2,Task_2,0,64,0.7110899783966359,1754672180.417472
3,Task_3,0,64,0.8028960198296361,1754672180.417473
4,Task_4,0,64,0.8921165588234501,1754672180.417474
4,Task_4,0,65,0.8149991066322587,1754672180.417474
0,Task_0,0,65,0.526583136187689,1754672180.417475
1,Task_1,0,65,0.5768889757167577,1754672180.4174762
2,Task_2,0,65,0.675204887539955,1754672180.4174771
3,Task_3,0,65,0.7720689508721041,1754672180.4174778
4,Task_4,0,65,0.8187167048284877,1754672180.4174788
4,Task_4,0,66,0.8413251227951154,1754672180.41748
0,Task_0,0,66,0.49949079586814404,1754672180.417481
1,Task_1,0,66,0.6027331620721095,1754672180.417482
2,Task_2,0,66,0.6749934059992923,1754672180.417483
3,Task_3,0,66,0.8004482502313408,1754672180.417483
4,Task_4,0,66,0.824753071190969,1754672180.417484
4,Task_4,0,67,0.7715243529812229,1754672180.417485
0,Task_0,0,67,0.5396599596082708,1754672180.4174862
1,Task_1,0,67,0.5866014113983712,1754672180.4174871
2,Task_2,0,67,0.6586517350360984,1754672180.4174879
3,Task_3,0,67,0.7479408481881289,1754672180.4174888
4,Task_4,0,67,0.8022486886073927,1754672180.41749
4,Task_4,0,68,0.7923850574605082,1754672180.417491
0,Task_0,0,68,0.5059635936445666,1754672180.417492
1,Task_1,0,68,0.602973868133385,1754672180.417492
2,Task_2,0,68,0.6915915664544916,1754672180.417493
3,Task_3,0,68,0.7926160642200408,1754672180.417494
4,Task_4,0,68,0.8768161796963964,1754672180.417495
4,Task_4,0,69,0.7958671821393956,1754672180.417496
0,Task_0,0,69,0.4892367187754243,1754672180.4174972
1,Task_1,0,69,0.5849005007541848,1754672180.417498
2,Task_2,0,69,0.6687240647391574,1754672180.4174988
3,Task_3,0,69,0.7750610352921811,1754672180.4174988
4,Task_4,0,69,0.8042594103485472,1754672180.4175
4,Task_4,0,70,0.874211472361174,1754672180.417501
0,Task_0,0,70,0.4851832950513865,1754672180.417502
1,Task_1,0,70,0.5873759136856821,1754672180.4175029
2,Task_2,0,70,0.6755237088411834,1754672180.417504
3,Task_3,0,70,0.7473436275370756,1754672180.417505
4,Task_4,0,70,0.8166941469017109,1754672180.417505
4,Task_4,0,71,0.8148405419061684,1754672180.417506
0,Task_0,0,71,0.5012023987622581,1754672180.4175072
1,Task_1,0,71,0.5971934396834906,1754672180.4175081
2,Task_2,0,71,0.7111621331543815,1754672180.417509
3,Task_3,0,71,0.7964300683942916,1754672180.4175098
4,Task_4,0,71,0.8616010244850619,1754672180.417511
4,Task_4,0,72,0.8008779621130199,1754672180.417512
0,Task_0,0,72,0.520899948218609,1754672180.417512
1,Task_1,0,72,0.6092893288209584,1754672180.417513
2,Task_2,0,72,0.7048047559018222,1754672180.417514
3,Task_3,0,72,0.742908511262459,1754672180.417515
4,Task_4,0,72,0.8061953467683844,1754672180.417516
4,Task_4,0,73,0.8386267086800984,1754672180.417517
0,Task_0,0,73,0.48445087459081787,1754672180.4175181
1,Task_1,0,73,0.5701104628878321,1754672180.417519
2,Task_2,0,73,0.66328234993888,1754672180.417519
3,Task_3,0,73,0.7290639610810419,1754672180.41752
4,Task_4,0,73,0.8210010465382296,1754672180.417521
4,Task_4,0,74,0.8405872812049187,1754672180.417522
0,Task_0,0,74,0.4855801873795906,1754672180.417523
1,Task_1,0,74,0.5666483382385743,1754672180.4175239
2,Task_2,0,74,0.6770692817039726,1754672180.417525
3,Task_3,0,74,0.8036887326290538,1754672180.417525
4,Task_4,0,74,0.8694124400553834,1754672180.417526
4,Task_4,0,75,0.881238093643409,1754672180.417527
0,Task_0,0,75,0.5120240524893176,1754672180.4175282
1,Task_1,0,75,0.629233772653043,1754672180.417529
2,Task_2,0,75,0.6712987188379321,1754672180.41753
3,Task_3,0,75,0.729876692115038,1754672180.4175308
4,Task_4,0,75,0.8641195941371508,1754672180.417532
4,Task_4,0,76,0.8228230103102258,1754672180.417532
0,Task_0,0,76,0.5159860357696009,1754672180.4175339
1,Task_1,0,76,0.5938779234385699,1754672180.4175339
2,Task_2,0,76,0.7065520142683086,1754672180.417535
3,Task_3,0,76,0.7868959973757982,1754672180.417536
4,Task_4,0,76,0.844360821895877,1754672180.417537
4,Task_4,0,77,0.8193050613517325,1754672180.4175382
0,Task_0,0,77,0.4906083402751999,1754672180.4175391
1,Task_1,0,77,0.5771918763038874,1754672180.41754
2,Task_2,0,77,0.6975168401010854,1754672180.41754
3,Task_3,0,77,0.803391454144008,1754672180.417541
4,Task_4,0,77,0.8956984687265813,1754672180.417542
4,Task_4,0,78,0.8628836893246414,1754672180.417543
0,Task_0,0,78,0.489988559319088,1754672180.417544
1,Task_1,0,78,0.6131809885906542,1754672180.4175448
2,Task_2,0,78,0.6582598260671,1754672180.417546
3,Task_3,0,78,0.7744441906412077,1754672180.417546
4,Task_4,0,78,0.8476587463539667,1754672180.417547
4,Task_4,0,79,0.8594230474194324,1754672180.417548
0,Task_0,0,79,0.48939083347196755,1754672180.4175491
1,Task_1,0,79,0.5709928638354224,1754672180.41755
2,Task_2,0,79,0.6931617519902517,1754672180.417551
3,Task_3,0,79,0.7950669585719322,1754672180.4175518
4,Task_4,0,79,0.8850175828976202,1754672180.4175518
4,Task_4,0,80,0.88678446760597,1754672180.417553
0,Task_0,0,80,0.5075060513148576,1754672180.417554
1,Task_1,0,80,0.5923268101588615,1754672180.4175549
2,Task_2,0,80,0.6764030004202487,1754672180.417556
3,Task_3,0,80,0.7667452862176235,1754672180.417557
4,Task_4,0,80,0.8435963635587898,1754672180.417558
4,Task_4,0,81,0.8396331960373535,1754672180.417558
0,Task_0,0,81,0.528166973895858,1754672180.4175591
1,Task_1,0,81,0.6261234187492382,1754672180.41756
2,Task_2,0,81,0.6535570241309623,1754672180.417561
3,Task_3,0,81,0.8020651924880792,1754672180.417562
4,Task_4,0,81,0.88958933460937,1754672180.417563
4,Task_4,0,82,0.9127430769959339,1754672180.417564
0,Task_0,0,82,0.5265829056019238,1754672180.4175649
1,Task_1,0,82,0.6138628928426859,1754672180.4175649
2,Task_2,0,82,0.6592542791562748,1754672180.417566
3,Task_3,0,82,0.7806509237724818,1754672180.417567
4,Task_4,0,82,0.8215914203956655,1754672180.417568
4,Task_4,0,83,0.8459445727531081,1754672180.417569
0,Task_0,0,83,0.4840978846442105,1754672180.41757
1,Task_1,0,83,0.5785659271534869,1754672180.417571
2,Task_2,0,83,0.6629668755940579,1754672180.417572
3,Task_3,0,83,0.7536096927593713,1754672180.417572
4,Task_4,0,83,0.8645557422573967,1754672180.4175732
4,Task_4,0,84,0.8375574581099213,1754672180.417574
0,Task_0,0,84,0.49027192574997197,1754672180.417575
1,Task_1,0,84,0.5647888173978831,1754672180.4175758
2,Task_2,0,84,0.6726161342540761,1754672180.417577
3,Task_3,0,84,0.7793328875564932,1754672180.417578
4,Task_4,0,84,0.8631463570566731,1754672180.417578
4,Task_4,0,85,0.8729738932264871,1754672180.417579
0,Task_0,0,85,0.48261108464427316,1754672180.4175801
1,Task_1,0,85,0.6080734391796208,1754672180.417581
2,Task_2,0,85,0.7071261203402859,1754672180.417582
3,Task_3,0,85,0.8068679478450651,1754672180.417583
4,Task_4,0,85,0.8402151144461749,1754672180.4175842
4,Task_4,0,86,0.9058328143850092,1754672180.4175842
0,Task_0,0,86,0.5125487183060478,1754672180.4175858
1,Task_1,0,86,0.6273687955703983,1754672180.4175858
2,Task_2,0,86,0.7051639029296437,1754672180.417587
3,Task_3,0,86,0.7282724428093796,1754672180.417588
4,Task_4,0,86,0.8448724443027658,1754672180.417589
4,Task_4,0,87,0.881482630111166,1754672180.41759
0,Task_0,0,87,0.4861280620989743,1754672180.417591
1,Task_1,0,87,0.5963205330414206,1754672180.417592
2,Task_2,0,87,0.682517522231435,1754672180.417593
3,Task_3,0,87,0.7260205620828464,1754672180.417593
4,Task_4,0,87,0.8667314949679434,1754672180.4175942
4,Task_4,0,88,0.9441712486060779,1754672180.417595
0,Task_0,0,88,0.4894661436350457,1754672180.4175959
1,Task_1,0,88,0.6051594497264079,1754672180.4175968
2,Task_2,0,88,0.6729058584270972,1754672180.417598
3,Task_3,0,88,0.7963502916201313,1754672180.417599
4,Task_4,0,88,0.8108328967784433,1754672180.417599
4,Task_4,0,89,0.9123310102562128,1754672180.4176
0,Task_0,0,89,0.49470216547670554,1754672180.417601
1,Task_1,0,89,0.5727912575502482,1754672180.417602
2,Task_2,0,89,0.641799259024512,1754672180.417603
3,Task_3,0,89,0.7780822426589091,1754672180.4176042
4,Task_4,0,89,0.8608307604612084,1754672180.4176052
4,Task_4,0,90,0.9235069256783368,1754672180.4176052
0,Task_0,0,90,0.4923778633600675,1754672180.4176059
1,Task_1,0,90,0.6050776058900879,1754672180.4176068
2,Task_2,0,90,0.6632393517623916,1754672180.417608
3,Task_3,0,90,0.7237384869375976,1754672180.417609
4,Task_4,0,90,0.8386057865345877,1754672180.41761
4,Task_4,0,91,0.9414149515716966,1754672180.4176111
0,Task_0,0,91,0.48555046952524916,1754672180.417612
1,Task_1,0,91,0.5854464809158679,1754672180.417612
2,Task_2,0,91,0.7125358037182754,1754672180.417613
3,Task_3,0,91,0.7267542290925898,1754672180.417614
4,Task_4,0,91,0.8939336849208961,1754672180.4176152
4,Task_4,0,92,0.9508700210195142,1754672180.417616
0,Task_0,0,92,0.5038198771771071,1754672180.4176168
1,Task_1,0,92,0.5876474981365942,1754672180.417618
2,Task_2,0,92,0.6975845482479031,1754672180.417619
3,Task_3,0,92,0.7326530759671531,1754672180.417619
4,Task_4,0,92,0.8143382560316478,1754672180.41762
4,Task_4,0,93,0.9032678414251953,1754672180.417621
0,Task_0,0,93,0.5069630000634393,1754672180.417622
1,Task_1,0,93,0.6238016339099034,1754672180.417623
2,Task_2,0,93,0.7013265552546936,1754672180.417624
3,Task_3,0,93,0.7796749685927952,1754672180.4176252
4,Task_4,0,93,0.8811453965189111,1754672180.4176252
4,Task_4,0,94,0.9162362523050258,1754672180.4176261
0,Task_0,0,94,0.5038110141610476,1754672180.4176269
1,Task_1,0,94,0.6181898666567084,1754672180.4176278
2,Task_2,0,94,0.6734837701487723,1754672180.417629
3,Task_3,0,94,0.7760232778661065,1754672180.41763
4,Task_4,0,94,0.8415324647190088,1754672180.417631
4,Task_4,0,95,0.9684907513915794,1754672180.417632
0,Task_0,0,95,0.4908370792035475,1754672180.417633
1,Task_1,0,95,0.5606578966211345,1754672180.417633
2,Task_2,0,95,0.7181392139506482,1754672180.417634
3,Task_3,0,95,0.7589441033088311,1754672180.417635
4,Task_4,0,95,0.8979422716690051,1754672180.4176362
4,Task_4,0,96,0.9245059530670895,1754672180.417637
0,Task_0,0,96,0.5138384114133346,1754672180.4176378
1,Task_1,0,96,0.5841897478011457,1754672180.417639
2,Task_2,0,96,0.6938539310557319,1754672180.417639
3,Task_3,0,96,0.7793202026704364,1754672180.41764
4,Task_4,0,96,0.8475037106104576,1754672180.417641
4,Task_4,0,97,0.9464419253292599,1754672180.4176419
0,Task_0,0,97,0.5383306025849758,1754672180.417643
1,Task_1,0,97,0.6038988008154551,1754672180.417644
2,Task_2,0,97,0.6860875265697692,1754672180.417645
3,Task_3,0,97,0.7327534751157635,1754672180.417645
4,Task_4,0,97,0.8183233340758198,1754672180.4176462
4,Task_4,0,98,0.9793971118343104,1754672180.4176471
0,Task_0,0,98,0.48244608720093013,1754672180.417648
1,Task_1,0,98,0.6079832896423883,1754672180.4176488
2,Task_2,0,98,0.6643448628722254,1754672180.41765
3,Task_3,0,98,0.8043678254450317,1754672180.417651
4,Task_4,0,98,0.8924731617195689,1754672180.417652
4,Task_4,0,99,0.986269356725311,1754672180.417652
0,Task_0,0,99,0.49862538651028815,1754672180.417653
1,Task_1,0,99,0.5889751559631398,1754672180.417654
2,Task_2,0,99,0.6651899251885856,1754672180.417655
3,Task_3,0,99,0.7841152486276708,1754672180.417656
4,Task_4,0,99,0.8359485561909689,1754672180.4176571
4,Task_4,1,0,0.5548295817216867,1754672180.417661
0,Task_0,1,0,0.49222061081528845,1754672180.417662
1,Task_1,1,0,0.616252477619905,1754672180.4176629
2,Task_2,1,0,0.6789395112426588,1754672180.417665
3,Task_3,1,0,0.7362718131353498,1754672180.417666
4,Task_4,1,0,0.8791509347568229,1754672180.4176672
4,Task_4,1,1,0.5410344313484785,1754672180.4176672
0,Task_0,1,1,0.5221746684250117,1754672180.417668
1,Task_1,1,1,0.6031541548798706,1754672180.417669
2,Task_2,1,1,0.6631992450744634,1754672180.4176698
3,Task_3,1,1,0.7447949918995229,1754672180.417671
4,Task_4,1,1,0.8375185633479078,1754672180.417672
4,Task_4,1,2,0.5268387627504155,1754672180.4176729
0,Task_0,1,2,0.5384034478971713,1754672180.417674
1,Task_1,1,2,0.5893265017858832,1754672180.417675
2,Task_2,1,2,0.6858250873789832,1754672180.417676
3,Task_3,1,2,0.7426299315621782,1754672180.4176772
4,Task_4,1,2,0.8193284076108636,1754672180.417678
4,Task_4,1,3,0.59461142473783,1754672180.417679
0,Task_0,1,3,0.4969931208300414,1754672180.4176798
1,Task_1,1,3,0.6244321107522471,1754672180.417681
2,Task_2,1,3,0.6975726257282485,1754672180.417682
3,Task_3,1,3,0.7456962031831225,1754672180.417683
4,Task_4,1,3,0.8971579249477502,1754672180.417684
4,Task_4,1,4,0.5505750090244903,1754672180.417684
0,Task_0,1,4,0.48310121159312996,1754672180.417685
1,Task_1,1,4,0.6203517273843269,1754672180.417686
2,Task_2,1,4,0.6987088108560728,1754672180.417687
3,Task_3,1,4,0.7455097972520962,1754672180.4176881
4,Task_4,1,4,0.8190618693300303,1754672180.417689
4,Task_4,1,5,0.6152085756062097,1754672180.41769
0,Task_0,1,5,0.5288549899474427,1754672180.417691
1,Task_1,1,5,0.5918855181335946,1754672180.417692
2,Task_2,1,5,0.7011667348713444,1754672180.417693
3,Task_3,1,5,0.80963292489274,1754672180.4176939
4,Task_4,1,5,0.8129055232827741,1754672180.417695
4,Task_4,1,6,0.589696567019365,1754672180.417696
0,Task_0,1,6,0.5284783493416946,1754672180.417697
1,Task_1,1,6,0.5821795853025437,1754672180.4176981
2,Task_2,1,6,0.7123176892752703,1754672180.417699
3,Task_3,1,6,0.733465162748282,1754672180.4177
4,Task_4,1,6,0.8613206080575094,1754672180.417701
4,Task_4,1,7,0.5418794640297021,1754672180.417701
0,Task_0,1,7,0.5035493035961542,1754672180.417702
1,Task_1,1,7,0.5761753828208086,1754672180.417703
2,Task_2,1,7,0.6869281259524584,1754672180.4177039
3,Task_3,1,7,0.7432140274840577,1754672180.417705
4,Task_4,1,7,0.8255353554427926,1754672180.417706
4,Task_4,1,8,0.6227625521684507,1754672180.417707
0,Task_0,1,8,0.5005080538273003,1754672180.417708
1,Task_1,1,8,0.62811947378322,1754672180.417709
2,Task_2,1,8,0.6701992583798958,1754672180.41771
3,Task_3,1,8,0.7812064445157373,1754672180.417711
4,Task_4,1,8,0.8835072754474326,1754672180.4177122
4,Task_4,1,9,0.5792509093680538,1754672180.417713
0,Task_0,1,9,0.5332445979064622,1754672180.4177139
1,Task_1,1,9,0.5627880640165848,1754672180.4177148
2,Task_2,1,9,0.7137545652376002,1754672180.417716
3,Task_3,1,9,0.7544895861113969,1754672180.417717
4,Task_4,1,9,0.8794471768179695,1754672180.417718
4,Task_4,1,10,0.5796303272268177,1754672180.4177191
0,Task_0,1,10,0.5058118358867091,1754672180.41772
1,Task_1,1,10,0.5688814630319451,1754672180.417721
2,Task_2,1,10,0.7039849790464949,1754672180.4177222
3,Task_3,1,10,0.7398353350409234,1754672180.417723
4,Task_4,1,10,0.8767020136816984,1754672180.417724
4,Task_4,1,11,0.6397642345307997,1754672180.417724
0,Task_0,1,11,0.49706186540649105,1754672180.417726
1,Task_1,1,11,0.5722659377090473,1754672180.417726
2,Task_2,1,11,0.6935311978428427,1754672180.417727
3,Task_3,1,11,0.7225121946722137,1754672180.417728
4,Task_4,1,11,0.8220660388509482,1754672180.4177291
4,Task_4,1,12,0.6144034598214824,1754672180.41773
0,Task_0,1,12,0.5177773101713119,1754672180.417731
1,Task_1,1,12,0.5792375481872889,1754672180.417732
2,Task_2,1,12,0.7004616857491649,1754672180.4177332
3,Task_3,1,12,0.7792367589346896,1754672180.417734
4,Task_4,1,12,0.8867328204608869,1754672180.4177349
4,Task_4,1,13,0.6102684035670705,1754672180.417736
0,Task_0,1,13,0.5263554514295897,1754672180.417737
1,Task_1,1,13,0.5758327329287166,1754672180.417738
2,Task_2,1,13,0.6830371516135688,1754672180.417739
3,Task_3,1,13,0.8086140734711847,1754672180.41774
4,Task_4,1,13,0.8111148595436951,1754672180.41774
4,Task_4,1,14,0.6377504829226357,1754672180.417741
0,Task_0,1,14,0.5097920464322367,1754672180.417742
1,Task_1,1,14,0.5980483854296367,1754672180.4177432
2,Task_2,1,14,0.6896757265585888,1754672180.417744
3,Task_3,1,14,0.7564338707696739,1754672180.4177449
4,Task_4,1,14,0.8658709808650361,1754672180.4177458
4,Task_4,1,15,0.6339281710253795,1754672180.417747
0,Task_0,1,15,0.513159826035055,1754672180.417748
1,Task_1,1,15,0.599933866666758,1754672180.417749
2,Task_2,1,15,0.7080903146221907,1754672180.4177501
3,Task_3,1,15,0.7418375713766089,1754672180.417751
4,Task_4,1,15,0.8679724152481614,1754672180.417752
4,Task_4,1,16,0.6438160535031354,1754672180.417752
0,Task_0,1,16,0.5225149128774117,1754672180.417753
1,Task_1,1,16,0.6229625413580824,1754672180.4177542
2,Task_2,1,16,0.648569993622637,1754672180.417755
3,Task_3,1,16,0.7792737758505468,1754672180.4177558
4,Task_4,1,16,0.8263004483986632,1754672180.417757
4,Task_4,1,17,0.6274917899582244,1754672180.417758
0,Task_0,1,17,0.5351351440976096,1754672180.417759
1,Task_1,1,17,0.5969279868025033,1754672180.41776
2,Task_2,1,17,0.6499314299732362,1754672180.417761
3,Task_3,1,17,0.7610190855846395,1754672180.417762
4,Task_4,1,17,0.8156502494508168,1754672180.417762
4,Task_4,1,18,0.633579867454273,1754672180.417763
0,Task_0,1,18,0.48097413591388266,1754672180.4177642
1,Task_1,1,18,0.5886222672853365,1754672180.4177651
2,Task_2,1,18,0.7001115200959555,1754672180.4177659
3,Task_3,1,18,0.7927154755690904,1754672180.4177668
4,Task_4,1,18,0.8170327169985508,1754672180.417768
4,Task_4,1,19,0.6007972000029638,1754672180.417769
0,Task_0,1,19,0.5147919082576604,1754672180.41777
1,Task_1,1,19,0.6290356608931696,1754672180.417771
2,Task_2,1,19,0.6830001447841628,1754672180.417772
3,Task_3,1,19,0.7712374808699001,1754672180.417773
4,Task_4,1,19,0.8732038568530569,1754672180.417773
4,Task_4,1,20,0.6465391007831871,1754672180.417774
0,Task_0,1,20,0.5188108120874981,1754672180.4177752
1,Task_1,1,20,0.5872716036646742,1754672180.4177768
2,Task_2,1,20,0.685410750250397,1754672180.417778
3,Task_3,1,20,0.7399039787670266,1754672180.417779
4,Task_4,1,20,0.8907869347528968,1754672180.41778
4,Task_4,1,21,0.6194896581897533,1754672180.41778
0,Task_0,1,21,0.5148961470007595,1754672180.4177809
1,Task_1,1,21,0.5619912897507194,1754672180.417782
2,Task_2,1,21,0.643494043761592,1754672180.417783
3,Task_3,1,21,0.7990871839362278,1754672180.417784
4,Task_4,1,21,0.8730628138160464,1754672180.4177852
4,Task_4,1,22,0.6618903740292889,1754672180.4177861
0,Task_0,1,22,0.5181734244093548,1754672180.4177868
1,Task_1,1,22,0.6122129456103476,1754672180.4177878
2,Task_2,1,22,0.6713660667191463,1754672180.417789
3,Task_3,1,22,0.7468785110294784,1754672180.41779
4,Task_4,1,22,0.8398475299791519,1754672180.41779
4,Task_4,1,23,0.6548385231598362,1754672180.417791
0,Task_0,1,23,0.5026019011929937,1754672180.417792
1,Task_1,1,23,0.6013423183184956,1754672180.417793
2,Task_2,1,23,0.6910158475222822,1754672180.417794
3,Task_3,1,23,0.7442823051489122,1754672180.4177952
4,Task_4,1,23,0.8492971683301034,1754672180.4177961
4,Task_4,1,24,0.6154165462487163,1754672180.417797
0,Task_0,1,24,0.49693825562331184,1754672180.4177978
1,Task_1,1,24,0.6246596182611883,1754672180.417799
2,Task_2,1,24,0.6431260854248015,1754672180.4178
3,Task_3,1,24,0.7555104897935928,1754672180.4178
4,Task_4,1,24,0.8711184113383491,1754672180.417801
4,Task_4,1,25,0.667239657096101,1754672180.417802
0,Task_0,1,25,0.5006184369471673,1754672180.417803
1,Task_1,1,25,0.5786252821594889,1754672180.417804
2,Task_2,1,25,0.6448098397860478,1754672180.417805
3,Task_3,1,25,0.7664227510085927,1754672180.4178061
4,Task_4,1,25,0.8379774870689104,1754672180.417807
4,Task_4,1,26,0.6269093121909658,1754672180.4178078
0,Task_0,1,26,0.5013092341269327,1754672180.417809
1,Task_1,1,26,0.5743144264178155,1754672180.41781
2,Task_2,1,26,0.6831485233255309,1754672180.417811
3,Task_3,1,26,0.8056607886088881,1754672180.417811
4,Task_4,1,26,0.8126158079775649,1754672180.4178119
4,Task_4,1,27,0.6452038729247465,1754672180.417813
0,Task_0,1,27,0.537467191050252,1754672180.417814
1,Task_1,1,27,0.591862795325481,1754672180.417815
2,Task_2,1,27,0.6647558011099542,1754672180.4178162
3,Task_3,1,27,0.730892759215402,1754672180.417817
4,Task_4,1,27,0.8948123881683308,1754672180.417818
4,Task_4,1,28,0.6623194675570466,1754672180.4178188
0,Task_0,1,28,0.5044929490366058,1754672180.41782
1,Task_1,1,28,0.5803253618136217,1754672180.417821
2,Task_2,1,28,0.7184544751714608,1754672180.417822
3,Task_3,1,28,0.7475615037332134,1754672180.417822
4,Task_4,1,28,0.8116960551081752,1754672180.417823
4,Task_4,1,29,0.628510311671709,1754672180.417824
0,Task_0,1,29,0.4885162760574797,1754672180.417825
1,Task_1,1,29,0.6067945709346583,1754672180.417826
2,Task_2,1,29,0.718003160066796,1754672180.4178271
3,Task_3,1,29,0.7584161813720793,1754672180.417828
4,Task_4,1,29,0.8258918335754434,1754672180.417829
4,Task_4,1,30,0.6614536969983794,1754672180.41783
0,Task_0,1,30,0.5027721044948193,1754672180.417831
1,Task_1,1,30,0.6011794679232394,1754672180.417832
2,Task_2,1,30,0.6611622286792612,1754672180.4178329
3,Task_3,1,30,0.7383015918588046,1754672180.4178329
4,Task_4,1,30,0.8735840634287392,1754672180.417834
4,Task_4,1,31,0.6898318378336301,1754672180.417835
0,Task_0,1,31,0.49988423284842654,1754672180.417836
1,Task_1,1,31,0.6213114249092022,1754672180.4178371
2,Task_2,1,31,0.6837921707122048,1754672180.417838
3,Task_3,1,31,0.8093158441050998,1754672180.417839
4,Task_4,1,31,0.889041185690664,1754672180.4178402
4,Task_4,1,32,0.6517407371012459,1754672180.417841
0,Task_0,1,32,0.5356214538446679,1754672180.417842
1,Task_1,1,32,0.5836778533381517,1754672180.4178429
2,Task_2,1,32,0.6822177687158462,1754672180.417844
3,Task_3,1,32,0.8013695933296527,1754672180.417845
4,Task_4,1,32,0.8418978813747031,1754672180.417846
4,Task_4,1,33,0.6560011051611164,1754672180.4178472
0,Task_0,1,33,0.5369225040613317,1754672180.417848
1,Task_1,1,33,0.5990564726330477,1754672180.417849
2,Task_2,1,33,0.6939780468799981,1754672180.41785
3,Task_3,1,33,0.7381907385067404,1754672180.41785
4,Task_4,1,33,0.8845184133576762,1754672180.417851
4,Task_4,1,34,0.6927392305786664,1754672180.417852
0,Task_0,1,34,0.5379628401203966,1754672180.4178529
1,Task_1,1,34,0.5893282813936686,1754672180.417854
2,Task_2,1,34,0.6981358517550396,1754672180.417855
3,Task_3,1,34,0.7503359865969432,1754672180.4178581
4,Task_4,1,34,0.8140936472688638,1754672180.417859
4,Task_4,1,35,0.648796535213432,1754672180.41786
0,Task_0,1,35,0.5101421136513874,1754672180.4178612
1,Task_1,1,35,0.6090446363229942,1754672180.417862
2,Task_2,1,35,0.7046997755402153,1754672180.417863
3,Task_3,1,35,0.7998474558103862,1754672180.417863
4,Task_4,1,35,0.8244778069490039,1754672180.4178638
4,Task_4,1,36,0.711104774463709,1754672180.417865
0,Task_0,1,36,0.5044817132778725,1754672180.417866
1,Task_1,1,36,0.6296518464967626,1754672180.417867
2,Task_2,1,36,0.6419268803894757,1754672180.4178681
3,Task_3,1,36,0.7395572067884844,1754672180.417869
4,Task_4,1,36,0.843389674463741,1754672180.417871
4,Task_4,1,37,0.7335688500184788,1754672180.417872
0,Task_0,1,37,0.48639395649994066,1754672180.417873
1,Task_1,1,37,0.6139562950432478,1754672180.4178739
2,Task_2,1,37,0.7126416223039689,1754672180.417875
3,Task_3,1,37,0.7725896831009691,1754672180.417876
4,Task_4,1,37,0.817248852806359,1754672180.417877
4,Task_4,1,38,0.6855991799324976,1754672180.417878
0,Task_0,1,38,0.5316916845739934,1754672180.417879
1,Task_1,1,38,0.6073914011184689,1754672180.41788
2,Task_2,1,38,0.6600387568265067,1754672180.417881
3,Task_3,1,38,0.7387814622836836,1754672180.4178822
4,Task_4,1,38,0.8885279973971096,1754672180.4178822
4,Task_4,1,39,0.7505167871786058,1754672180.417883
0,Task_0,1,39,0.4825944271535867,1754672180.4178839
1,Task_1,1,39,0.6011675262655917,1754672180.4178848
2,Task_2,1,39,0.7173018105237006,1754672180.417886
3,Task_3,1,39,0.8080265413224499,1754672180.417887
4,Task_4,1,39,0.8970967930480627,1754672180.417889
4,Task_4,1,40,0.703315861652144,1754672180.41789
0,Task_0,1,40,0.5037438100290961,1754672180.417891
1,Task_1,1,40,0.6133040426956576,1754672180.417892
2,Task_2,1,40,0.706042923743767,1754672180.4178932
3,Task_3,1,40,0.7475053466762641,1754672180.417894
4,Task_4,1,40,0.8071738612560925,1754672180.4178948
4,Task_4,1,41,0.7252461978076218,1754672180.417896
0,Task_0,1,41,0.5241691825183871,1754672180.417897
1,Task_1,1,41,0.6065805537566581,1754672180.417897
2,Task_2,1,41,0.6921832052352693,1754672180.417898
3,Task_3,1,41,0.7256273060165587,1754672180.417899
4,Task_4,1,41,0.8291588165291252,1754672180.4179
4,Task_4,1,42,0.7234998850454732,1754672180.417901
0,Task_0,1,42,0.5214008730127655,1754672180.417902
1,Task_1,1,42,0.5642710600011742,1754672180.4179032
2,Task_2,1,42,0.6629983127441195,1754672180.4179041
3,Task_3,1,42,0.7422696638080153,1754672180.4179049
4,Task_4,1,42,0.8727639987477966,1754672180.4179058
4,Task_4,1,43,0.771769497111246,1754672180.417907
0,Task_0,1,43,0.5121489226005408,1754672180.417908
1,Task_1,1,43,0.5632914377492422,1754672180.417909
2,Task_2,1,43,0.7165446612635038,1754672180.417912
3,Task_3,1,43,0.7225467081118249,1754672180.4179132
4,Task_4,1,43,0.8740887068876695,1754672180.4179149
4,Task_4,1,44,0.7629630787820993,1754672180.4179158
0,Task_0,1,44,0.5230007887711634,1754672180.417917
1,Task_1,1,44,0.5710608013307783,1754672180.417918
2,Task_2,1,44,0.6475968036945703,1754672180.417919
3,Task_3,1,44,0.7838161437611508,1754672180.41792
4,Task_4,1,44,0.894303806286966,1754672180.417921
4,Task_4,1,45,0.7529104274774,1754672180.417921
0,Task_0,1,45,0.5245910193459186,1754672180.417922
1,Task_1,1,45,0.6083166582660418,1754672180.417923
2,Task_2,1,45,0.6741499668133442,1754672180.4179242
3,Task_3,1,45,0.7952134310460188,1754672180.4179251
4,Task_4,1,45,0.8196375882302287,1754672180.4179258
4,Task_4,1,46,0.7587051950909419,1754672180.417927
0,Task_0,1,46,0.5160628608484437,1754672180.417928
1,Task_1,1,46,0.560536971692971,1754672180.417929
2,Task_2,1,46,0.6485412499860441,1754672180.41793
3,Task_3,1,46,0.7505967871378966,1754672180.417931
4,Task_4,1,46,0.8186802233824075,1754672180.417932
4,Task_4,1,47,0.7456676307562916,1754672180.417932
0,Task_0,1,47,0.5378118150183422,1754672180.4179342
1,Task_1,1,47,0.6188671631106931,1754672180.4179342
2,Task_2,1,47,0.6639061142811296,1754672180.4179351
3,Task_3,1,47,0.769789060951466,1754672180.4179358
4,Task_4,1,47,0.8404160890153636,1754672180.4179368
4,Task_4,1,48,0.7121568657604088,1754672180.417938
0,Task_0,1,48,0.503936598123786,1754672180.417939
1,Task_1,1,48,0.5932598608219778,1754672180.41794
2,Task_2,1,48,0.7029207921485652,1754672180.417941
3,Task_3,1,48,0.7607982469536697,1754672180.417942
4,Task_4,1,48,0.8277625825305354,1754672180.417943
4,Task_4,1,49,0.7039427576990575,1754672180.417943
0,Task_0,1,49,0.5165090637491925,1754672180.417944
1,Task_1,1,49,0.5852025688268611,1754672180.4179451
2,Task_2,1,49,0.6745313499752786,1754672180.417946
3,Task_3,1,49,0.7239790835706991,1754672180.4179468
4,Task_4,1,49,0.8432998959283333,1754672180.417948
4,Task_4,1,50,0.7663673972340046,1754672180.417949
0,Task_0,1,50,0.5198167781720753,1754672180.41795
1,Task_1,1,50,0.6215032047201997,1754672180.4179509
2,Task_2,1,50,0.7097853253229541,1754672180.417952
3,Task_3,1,50,0.7974919786166532,1754672180.417953
4,Task_4,1,50,0.8597629167328524,1754672180.417953
4,Task_4,1,51,0.7981252767741422,1754672180.417954
0,Task_0,1,51,0.5347098317085853,1754672180.4179552
1,Task_1,1,51,0.618315514374376,1754672180.417956
2,Task_2,1,51,0.6871419588146848,1754672180.417957
3,Task_3,1,51,0.7259225165127613,1754672180.4179578
4,Task_4,1,51,0.8198187828547154,1754672180.417959
4,Task_4,1,52,0.7366844499839045,1754672180.41796
0,Task_0,1,52,0.5306254303519727,1754672180.417961
1,Task_1,1,52,0.5938186776365642,1754672180.417963
2,Task_2,1,52,0.6706925060895124,1754672180.417964
3,Task_3,1,52,0.7415383056135634,1754672180.4179652
4,Task_4,1,52,0.8793089563603158,1754672180.4179661
4,Task_4,1,53,0.7571485111988769,1754672180.417967
0,Task_0,1,53,0.5373321860743402,1754672180.417968
1,Task_1,1,53,0.5629687722794122,1754672180.417968
2,Task_2,1,53,0.7169552014115601,1754672180.417969
3,Task_3,1,53,0.7498408284915093,1754672180.41797
4,Task_4,1,53,0.8997209459745518,1754672180.417971
4,Task_4,1,54,0.7546410569619182,1754672180.4179718
0,Task_0,1,54,0.48312614980310603,1754672180.417973
1,Task_1,1,54,0.5699598164757346,1754672180.417974
2,Task_2,1,54,0.6882510999996576,1754672180.417975
3,Task_3,1,54,0.8048957987827592,1754672180.4179761
4,Task_4,1,54,0.8746348227020275,1754672180.417977
4,Task_4,1,55,0.7675497427675222,1754672180.417978
0,Task_0,1,55,0.49284304520813643,1754672180.41798
1,Task_1,1,55,0.5873978142725285,1754672180.417981
2,Task_2,1,55,0.6810741854137459,1754672180.4179819
3,Task_3,1,55,0.8039023968577457,1754672180.4179819
4,Task_4,1,55,0.8701659772084034,1754672180.417983
4,Task_4,1,56,0.7657878172017514,1754672180.417984
0,Task_0,1,56,0.5105662010816797,1754672180.417985
1,Task_1,1,56,0.6182916941655973,1754672180.4179862
2,Task_2,1,56,0.7051851987035902,1754672180.417988
3,Task_3,1,56,0.7777141252620752,1754672180.417988
4,Task_4,1,56,0.8727792845554674,1754672180.417989
4,Task_4,1,57,0.7698953884810329,1754672180.41799
0,Task_0,1,57,0.5068625150669746,1754672180.417991
1,Task_1,1,57,0.5734000800398589,1754672180.4179919
2,Task_2,1,57,0.6849601637283826,1754672180.417993
3,Task_3,1,57,0.805127885445445,1754672180.417994
4,Task_4,1,57,0.883077108355565,1754672180.417995
4,Task_4,1,58,0.7850082411807134,1754672180.4179971
0,Task_0,1,58,0.5208275540186535,1754672180.417998
1,Task_1,1,58,0.614130517019323,1754672180.417999
2,Task_2,1,58,0.6619024707213503,1754672180.418
3,Task_3,1,58,0.727110490775625,1754672180.418001
4,Task_4,1,58,0.8083414447040819,1754672180.418002
4,Task_4,1,59,0.7382205641246586,1754672180.4180028
0,Task_0,1,59,0.538235451490422,1754672180.418004
1,Task_1,1,59,0.601533548595005,1754672180.418005
2,Task_2,1,59,0.6980585647034041,1754672180.418005
3,Task_3,1,59,0.7939358908210713,1754672180.418006
4,Task_4,1,59,0.833502738296042,1754672180.4180071
4,Task_4,1,60,0.8315709926304398,1754672180.418008
0,Task_0,1,60,0.5119400951137757,1754672180.418009
1,Task_1,1,60,0.6192242959066971,1754672180.41801
2,Task_2,1,60,0.6840528745633259,1754672180.418011
3,Task_3,1,60,0.772472706383304,1754672180.418012
4,Task_4,1,60,0.8314328661983993,1754672180.4180129
4,Task_4,1,61,0.8042513976923007,1754672180.418014
0,Task_0,1,61,0.5158466688430239,1754672180.418016
1,Task_1,1,61,0.5903323291526946,1754672180.418017
2,Task_2,1,61,0.7047519832987755,1754672180.418018
3,Task_3,1,61,0.7360476944653181,1754672180.418019
4,Task_4,1,61,0.8062818439363495,1754672180.418019
4,Task_4,1,62,0.8382953228929191,1754672180.41802
0,Task_0,1,62,0.5157416786691132,1754672180.4180212
1,Task_1,1,62,0.5915051079956611,1754672180.418022
2,Task_2,1,62,0.707419814146509,1754672180.4180229
3,Task_3,1,62,0.7564737474350416,1754672180.4180238
4,Task_4,1,62,0.8239912145086408,1754672180.418025
4,Task_4,1,63,0.8212103608207946,1754672180.418026
0,Task_0,1,63,0.532665122785728,1754672180.418027
1,Task_1,1,63,0.5797232258617024,1754672180.418028
2,Task_2,1,63,0.6830477178157992,1754672180.418029
3,Task_3,1,63,0.802503439989415,1754672180.41803
4,Task_4,1,63,0.8459099039686621,1754672180.4180312
4,Task_4,1,64,0.8204151659743488,1754672180.4180312
0,Task_0,1,64,0.4938259006543309,1754672180.418033
1,Task_1,1,64,0.5814716228805018,1754672180.4180338
2,Task_2,1,64,0.7165672895172434,1754672180.418035
3,Task_3,1,64,0.7742456101637598,1754672180.418035
4,Task_4,1,64,0.8591356612551253,1754672180.418036
4,Task_4,1,65,0.8063382691309332,1754672180.418037
0,Task_0,1,65,0.5141958237804632,1754672180.4180381
1,Task_1,1,65,0.6138328636028213,1754672180.418039
2,Task_2,1,65,0.6876557575075467,1754672180.41804
3,Task_3,1,65,0.7503314516055677,1754672180.418041
4,Task_4,1,65,0.8501415482342244,1754672180.4180422
4,Task_4,1,66,0.835663592681869,1754672180.418043
0,Task_0,1,66,0.48094127546169435,1754672180.4180439
1,Task_1,1,66,0.5646963357326541,1754672180.418045
2,Task_2,1,66,0.6600883819611274,1754672180.418046
3,Task_3,1,66,0.7407082532703396,1754672180.418047
4,Task_4,1,66,0.8662293717358537,1754672180.418048
4,Task_4,1,67,0.817284133756889,1754672180.418049
0,Task_0,1,67,0.5373920610695576,1754672180.41805
1,Task_1,1,67,0.5978990406193755,1754672180.418051
2,Task_2,1,67,0.6421685416230034,1754672180.4180522
3,Task_3,1,67,0.7588166374551218,1754672180.4180532
4,Task_4,1,67,0.8523631048885987,1754672180.4180539
4,Task_4,1,68,0.8143937099928301,1754672180.4180539
0,Task_0,1,68,0.521793195591898,1754672180.4180548
1,Task_1,1,68,0.6219096053946992,1754672180.418056
2,Task_2,1,68,0.668495191524358,1754672180.418057
3,Task_3,1,68,0.7538444814544885,1754672180.418058
4,Task_4,1,68,0.8932262575468622,1754672180.418059
4,Task_4,1,69,0.8047771542809741,1754672180.41806
0,Task_0,1,69,0.5232583482512796,1754672180.418061
1,Task_1,1,69,0.6241122446743932,1754672180.418062
2,Task_2,1,69,0.6832078123293348,1754672180.4180632
3,Task_3,1,69,0.8044694425520431,1754672180.4180632
4,Task_4,1,69,0.8523345852809529,1754672180.4180639
4,Task_4,1,70,0.7886976052958926,1754672180.418066
0,Task_0,1,70,0.5363326369500813,1754672180.418067
1,Task_1,1,70,0.6227653731387846,1754672180.418068
2,Task_2,1,70,0.667158627408049,1754672180.41807
3,Task_3,1,70,0.745567794457003,1754672180.418071
4,Task_4,1,70,0.8932010890817738,1754672180.418072
4,Task_4,1,71,0.814309011802011,1754672180.4180732
0,Task_0,1,71,0.5397107321371011,1754672180.4180741
1,Task_1,1,71,0.609412746656473,1754672180.4180748
2,Task_2,1,71,0.6900586086612529,1754672180.4180748
3,Task_3,1,71,0.795114275183776,1754672180.4180758
4,Task_4,1,71,0.8091172298611902,1754672180.418077
4,Task_4,1,72,0.8525853220685102,1754672180.418078
0,Task_0,1,72,0.5214800596882879,1754672180.41808
1,Task_1,1,72,0.6236605530789595,1754672180.418081
2,Task_2,1,72,0.6492921635904135,1754672180.418082
3,Task_3,1,72,0.7277215073424349,1754672180.4180832
4,Task_4,1,72,0.8049330419997716,1754672180.4180832
4,Task_4,1,73,0.8837355242123716,1754672180.4180841
0,Task_0,1,73,0.4983820985753749,1754672180.418085
1,Task_1,1,73,0.5734580075262885,1754672180.4180858
2,Task_2,1,73,0.6767417220237141,1754672180.418087
3,Task_3,1,73,0.7570459699140595,1754672180.418088
4,Task_4,1,73,0.8320524276145274,1754672180.418089
4,Task_4,1,74,0.8055571970122071,1754672180.418089
0,Task_0,1,74,0.5243633539136043,1754672180.4180899
1,Task_1,1,74,0.6264969862882039,1754672180.418091
2,Task_2,1,74,0.6948409049864208,1754672180.418092
3,Task_3,1,74,0.7516981592677391,1754672180.418093
4,Task_4,1,74,0.8253256049534128,1754672180.4180942
4,Task_4,1,75,0.8756678730117909,1754672180.418095
0,Task_0,1,75,0.5212337703015361,1754672180.418096
1,Task_1,1,75,0.5869215155876398,1754672180.4180968
2,Task_2,1,75,0.7167105521371466,1754672180.4180968
3,Task_3,1,75,0.7499539928971846,1754672180.418098
4,Task_4,1,75,0.8077925088541353,1754672180.418099
4,Task_4,1,76,0.8602403440796975,1754672180.4180999
0,Task_0,1,76,0.4959565932359727,1754672180.418101
1,Task_1,1,76,0.5959500944680024,1754672180.418102
2,Task_2,1,76,0.6702401066852076,1754672180.418103
3,Task_3,1,76,0.8045603304714962,1754672180.418103
4,Task_4,1,76,0.8530869740156848,1754672180.4181042
4,Task_4,1,77,0.847763202408738,1754672180.4181051
0,Task_0,1,77,0.5162489778491887,1754672180.418106
1,Task_1,1,77,0.5613223206815386,1754672180.4181068
2,Task_2,1,77,0.6570947912224347,1754672180.418108
3,Task_3,1,77,0.803857764438763,1754672180.418109
4,Task_4,1,77,0.8694972170314761,1754672180.418109
4,Task_4,1,78,0.9080543607939068,1754672180.41811
0,Task_0,1,78,0.5113124864996949,1754672180.418111
1,Task_1,1,78,0.6103654397304794,1754672180.418112
2,Task_2,1,78,0.6830592663001831,1754672180.418113
3,Task_3,1,78,0.7873596690837003,1754672180.418114
4,Task_4,1,78,0.8074053023991656,1754672180.418116
4,Task_4,1,79,0.8267323625235787,1754672180.418116
0,Task_0,1,79,0.517270404620524,1754672180.418117
1,Task_1,1,79,0.5891787034167779,1754672180.418119
2,Task_2,1,79,0.6992131124376508,1754672180.41812
3,Task_3,1,79,0.7868733250744171,1754672180.4181209
4,Task_4,1,79,0.8024683999382715,1754672180.418122
4,Task_4,1,80,0.9160529939161757,1754672180.418123
0,Task_0,1,80,0.5143803434123481,1754672180.418124
1,Task_1,1,80,0.6201184646546843,1754672180.4181252
2,Task_2,1,80,0.7023385144413719,1754672180.418126
3,Task_3,1,80,0.7637533532350913,1754672180.418126
4,Task_4,1,80,0.8558598439406363,1754672180.418127
4,Task_4,1,81,0.8415655615153268,1754672180.4181278
0,Task_0,1,81,0.5034115374078828,1754672180.418129
1,Task_1,1,81,0.6090639119250095,1754672180.41813
2,Task_2,1,81,0.7024355816345568,1754672180.4181309
3,Task_3,1,81,0.7228911938969768,1754672180.418132
4,Task_4,1,81,0.8478194222939913,1754672180.418133
4,Task_4,1,82,0.902634590997681,1754672180.418133
0,Task_0,1,82,0.4972215876867672,1754672180.418134
1,Task_1,1,82,0.6146673707083352,1754672180.418135
2,Task_2,1,82,0.6743589551792732,1754672180.4181361
3,Task_3,1,82,0.7205986682168855,1754672180.418137
4,Task_4,1,82,0.8679132862319486,1754672180.418138
4,Task_4,1,83,0.8333839042272291,1754672180.418138
0,Task_0,1,83,0.49679896788689515,1754672180.418139
1,Task_1,1,83,0.6141810417400971,1754672180.41814
2,Task_2,1,83,0.6667844225798201,1754672180.418141
3,Task_3,1,83,0.8035686102231615,1754672180.4181418
4,Task_4,1,83,0.8091190578535026,1754672180.418143
4,Task_4,1,84,0.8715156483382708,1754672180.418144
0,Task_0,1,84,0.513596732760506,1754672180.418145
1,Task_1,1,84,0.6169973165393343,1754672180.418145
2,Task_2,1,84,0.6996751407082388,1754672180.4181461
3,Task_3,1,84,0.7878840264900308,1754672180.418147
4,Task_4,1,84,0.8200159478344722,1754672180.418148
4,Task_4,1,85,0.8644881736511066,1754672180.4181492
0,Task_0,1,85,0.524775404985192,1754672180.41815
1,Task_1,1,85,0.5840255138775352,1754672180.418151
2,Task_2,1,85,0.6728701100168022,1754672180.4181519
3,Task_3,1,85,0.7669987525507586,1754672180.4181519
4,Task_4,1,85,0.8561053045520209,1754672180.418154
4,Task_4,1,86,0.8468329140129441,1754672180.418155
0,Task_0,1,86,0.4804559027201132,1754672180.4181561
1,Task_1,1,86,0.5743160021278023,1754672180.418159
2,Task_2,1,86,0.6541824405069171,1754672180.4181602
3,Task_3,1,86,0.7236383879260676,1754672180.4181602
4,Task_4,1,86,0.8026378085850814,1754672180.418161
4,Task_4,1,87,0.9245480422892831,1754672180.4181619
0,Task_0,1,87,0.5360458651369189,1754672180.418163
1,Task_1,1,87,0.6140649579387452,1754672180.418164
2,Task_2,1,87,0.6855926267235165,1754672180.418165
3,Task_3,1,87,0.798320081104177,1754672180.418167
4,Task_4,1,87,0.8181866166440326,1754672180.418168
4,Task_4,1,88,0.91085236022687,1754672180.418169
0,Task_0,1,88,0.5086411246721477,1754672180.4181702
1,Task_1,1,88,0.5761336976697339,1754672180.418171
2,Task_2,1,88,0.6488158882493407,1754672180.418172
3,Task_3,1,88,0.8012042345291849,1754672180.418172
4,Task_4,1,88,0.8524182790376837,1754672180.4181728
4,Task_4,1,89,0.9341161462330967,1754672180.418174
0,Task_0,1,89,0.5124990073058866,1754672180.418175
1,Task_1,1,89,0.590288197248609,1754672180.418176
2,Task_2,1,89,0.6679146118324597,1754672180.4181771
3,Task_3,1,89,0.7522379670156611,1754672180.418178
4,Task_4,1,89,0.8649744454447742,1754672180.418179
4,Task_4,1,90,0.9566614975877519,1754672180.418179
0,Task_0,1,90,0.4972803013382059,1754672180.41818
1,Task_1,1,90,0.5918408867133259,1754672180.4181812
2,Task_2,1,90,0.6553791633545922,1754672180.418182
3,Task_3,1,90,0.7975504981123527,1754672180.4181828
4,Task_4,1,90,0.8710277231574473,1754672180.418184
4,Task_4,1,91,0.9160935412240843,1754672180.418185
0,Task_0,1,91,0.5029158396524026,1754672180.418186
1,Task_1,1,91,0.6134393388199351,1754672180.418186
2,Task_2,1,91,0.7063742786206769,1754672180.418187
3,Task_3,1,91,0.7601285801872291,1754672180.418188
4,Task_4,1,91,0.8494199005237162,1754672180.418189
4,Task_4,1,92,0.9292844340092348,1754672180.41819
0,Task_0,1,92,0.5167814858697576,1754672180.4181912
1,Task_1,1,92,0.5698503064639808,1754672180.418192
2,Task_2,1,92,0.7055048287350282,1754672180.4181929
3,Task_3,1,92,0.7786377455612434,1754672180.4181938
4,Task_4,1,92,0.8942120118921908,1754672180.4181938
4,Task_4,1,93,0.9399345859548516,1754672180.418195
0,Task_0,1,93,0.5173409356740478,1754672180.418196
1,Task_1,1,93,0.6292668291881923,1754672180.418197
2,Task_2,1,93,0.6991361553058746,1754672180.418198
3,Task_3,1,93,0.7950369577257561,1754672180.418199
4,Task_4,1,93,0.8695603867298984,1754672180.4182
4,Task_4,1,94,0.87876175667464,1754672180.4182
0,Task_0,1,94,0.5152712859928308,1754672180.418201
1,Task_1,1,94,0.560339621222543,1754672180.4182022
2,Task_2,1,94,0.6613380208370714,1754672180.4182029
3,Task_3,1,94,0.7778121902145453,1754672180.4182038
4,Task_4,1,94,0.8921578529867968,1754672180.418205
4,Task_4,1,95,0.938674383712828,1754672180.418206
0,Task_0,1,95,0.5141712468204652,1754672180.418207
1,Task_1,1,95,0.6040123373707517,1754672180.418208
2,Task_2,1,95,0.6982359862619862,1754672180.418208
3,Task_3,1,95,0.7243953733924696,1754672180.418209
4,Task_4,1,95,0.8467136209693285,1754672180.41821
4,Task_4,1,96,0.9229054157302916,1754672180.418211
0,Task_0,1,96,0.4892971387682201,1754672180.4182122
1,Task_1,1,96,0.5656813714871994,1754672180.4182131
2,Task_2,1,96,0.6812508634304969,1754672180.4182148
3,Task_3,1,96,0.7820276858735353,1754672180.418216
4,Task_4,1,96,0.8064066642503094,1754672180.418217
4,Task_4,1,97,0.954263762465547,1754672180.418218
0,Task_0,1,97,0.5301505743406328,1754672180.418219
1,Task_1,1,97,0.5681033108239254,1754672180.418219
2,Task_2,1,97,0.6482076958815144,1754672180.41822
3,Task_3,1,97,0.8053544131977095,1754672180.418221
4,Task_4,1,97,0.8274091237416663,1754672180.4182222
4,Task_4,1,98,0.9070406859393662,1754672180.4182231
0,Task_0,1,98,0.5386465424849286,1754672180.418224
1,Task_1,1,98,0.6245365558176352,1754672180.4182248
2,Task_2,1,98,0.6529921361059059,1754672180.4182248
3,Task_3,1,98,0.7490048094846593,1754672180.418226
4,Task_4,1,98,0.8575985397711505,1754672180.418227
4,Task_4,1,99,0.9273828672572223,1754672180.418228
0,Task_0,1,99,0.5126965775041616,1754672180.418229
1,Task_1,1,99,0.6224425354036182,1754672180.41823
2,Task_2,1,99,0.6493647465042227,1754672180.418231
3,Task_3,1,99,0.8028801552962973,1754672180.418231
4,Task_4,1,99,0.8068808533662731,1754672180.418232
