{
  "FP32": {
    "Acc": 0.984,
    "Flash (KB)": 815.1767578125,
    "RAM (KB)": 12080.0,
    "MACs (M)": 1.293312,
    "Params (K)": 207.018,
    "Latency": 0.24890415603294969
  },
  "Pruned": {
    "Acc": 0.9877,
    "Flash (KB)": 815.2236328125,
    "RAM (KB)": 288.0,
    "MACs (M)": 1.218048,
    "Params (K)": 206.922,
    "Latency": 0.5096845736261457
  },
  "Backbone": {
    "Acc": 0.9874,
    "Flash (KB)": 209.2626953125,
    "RAM (KB)": 3872.0,
    "MACs (M)": 0.0,
    "Params (K)": 0.0,
    "Latency": 0.2155400742776692
  },
  "Hybrid": {
    "Acc": 0.9764,
    "Flash (KB)": 227.8564453125,
    "RAM (KB)": 608.0,
    "MACs (M)": 0.004416,
    "Params (K)": 4.458,
    "Latency": 0.25467215455137193
  }
}