model,avg_acc,avg_forg,avg_inc_acc,fwt,bwt
Hybrid,0.231912799581945,0.9563222330146518,0.3488495919213035,nan,-0.9392823913138277
