model,avg_acc,avg_forg,avg_inc_acc,fwt,bwt
Hybrid,0.8813120143685886,0.01032348248963152,0.9199673212267782,nan,-0.018473490708293128
