model,avg_acc,avg_forg,avg_inc_acc,fwt,bwt
Hybrid,0.8935663579215337,0.011074795775666547,0.924071313339956,nan,-0.020834790551087973
