model,avg_acc,avg_forg,avg_inc_acc,fwt,bwt
Hybrid,0.8870735998688906,0.009227293777191592,0.9200141076904699,nan,-0.013552118150553821
